<?xml version="1.0" encoding="utf-8" standalone="yes"?><Layout layout="dialog_settlement_summary" modulePackage="com.example.gestaobilhares" filePath="app\src\main\res\layout\dialog_settlement_summary.xml" directory="layout" isMerge="false" isBindingData="false" rootNodeType="android.widget.ScrollView"><Targets><Target tag="layout/dialog_settlement_summary_0" view="ScrollView"><Expressions/><location startLine="1" startOffset="0" endLine="253" endOffset="12"/></Target><Target id="@+id/tvResumoCliente" view="TextView"><Expressions/><location startLine="63" startOffset="16" endLine="69" endOffset="62"/></Target><Target id="@+id/tvResumoMesas" view="TextView"><Expressions/><location startLine="100" startOffset="16" endLine="107" endOffset="62"/></Target><Target id="@+id/tvResumoTotal" view="TextView"><Expressions/><location startLine="138" startOffset="16" endLine="145" endOffset="58"/></Target><Target id="@+id/tvResumoPagamentos" view="TextView"><Expressions/><location startLine="176" startOffset="16" endLine="182" endOffset="62"/></Target><Target id="@+id/tvResumoObservacao" view="TextView"><Expressions/><location startLine="213" startOffset="16" endLine="219" endOffset="62"/></Target><Target id="@+id/btnImprimir" view="com.google.android.material.button.MaterialButton"><Expressions/><location startLine="232" startOffset="12" endLine="240" endOffset="55"/></Target><Target id="@+id/btnWhatsapp" view="com.google.android.material.button.MaterialButton"><Expressions/><location startLine="242" startOffset="12" endLine="247" endOffset="59"/></Target></Targets></Layout>