<?xml version="1.0" encoding="utf-8" standalone="yes"?><Layout layout="fragment_settlement_detail" modulePackage="com.example.gestaobilhares" filePath="app\src\main\res\layout\fragment_settlement_detail.xml" directory="layout" isMerge="false" isBindingData="false" rootNodeType="androidx.constraintlayout.widget.ConstraintLayout"><Targets><Target tag="layout/fragment_settlement_detail_0" view="androidx.constraintlayout.widget.ConstraintLayout"><Expressions/><location startLine="1" startOffset="0" endLine="423" endOffset="51"/></Target><Target id="@+id/headerLayout" view="LinearLayout"><Expressions/><location startLine="9" startOffset="4" endLine="59" endOffset="18"/></Target><Target id="@+id/btnBack" view="ImageButton"><Expressions/><location startLine="28" startOffset="12" endLine="35" endOffset="49"/></Target><Target id="@+id/btnEdit" view="ImageButton"><Expressions/><location startLine="48" startOffset="12" endLine="55" endOffset="49"/></Target><Target id="@+id/tvSettlementId" view="TextView"><Expressions/><location startLine="123" startOffset="28" endLine="130" endOffset="52"/></Target><Target id="@+id/tvSettlementDate" view="TextView"><Expressions/><location startLine="147" startOffset="28" endLine="154" endOffset="63"/></Target><Target id="@+id/tvSettlementStatus" view="TextView"><Expressions/><location startLine="174" startOffset="24" endLine="181" endOffset="78"/></Target><Target id="@+id/tvInitialChips" view="TextView"><Expressions/><location startLine="234" startOffset="28" endLine="241" endOffset="52"/></Target><Target id="@+id/tvFinalChips" view="TextView"><Expressions/><location startLine="258" startOffset="28" endLine="265" endOffset="52"/></Target><Target id="@+id/tvPlayedChips" view="TextView"><Expressions/><location startLine="291" startOffset="28" endLine="298" endOffset="50"/></Target><Target id="@+id/tvChipValue" view="TextView"><Expressions/><location startLine="315" startOffset="28" endLine="322" endOffset="54"/></Target><Target id="@+id/tvTotalValue" view="TextView"><Expressions/><location startLine="351" startOffset="24" endLine="358" endOffset="52"/></Target><Target id="@+id/tvObservations" view="TextView"><Expressions/><location startLine="391" startOffset="20" endLine="397" endOffset="104"/></Target><Target id="@+id/progressBar" view="ProgressBar"><Expressions/><location startLine="413" startOffset="4" endLine="421" endOffset="51"/></Target></Targets></Layout>