<?xml version="1.0" encoding="utf-8" standalone="yes"?><Layout layout="fragment_cadastro_mesa" modulePackage="com.example.gestaobilhares" filePath="app\src\main\res\layout\fragment_cadastro_mesa.xml" directory="layout" isMerge="false" isBindingData="false" rootNodeType="android.widget.LinearLayout"><Targets><Target tag="layout/fragment_cadastro_mesa_0" view="LinearLayout"><Expressions/><location startLine="1" startOffset="0" endLine="117" endOffset="14"/></Target><Target id="@+id/etNumeroMesa" view="com.google.android.material.textfield.TextInputEditText"><Expressions/><location startLine="26" startOffset="8" endLine="31" endOffset="34"/></Target><Target id="@+id/etTamanhoMesa" view="com.google.android.material.textfield.TextInputEditText"><Expressions/><location startLine="41" startOffset="8" endLine="46" endOffset="34"/></Target><Target id="@+id/spTipoMesa" view="Spinner"><Expressions/><location startLine="56" startOffset="4" endLine="60" endOffset="44"/></Target><Target id="@+id/etEstadoConservacao" view="com.google.android.material.textfield.TextInputEditText"><Expressions/><location startLine="69" startOffset="8" endLine="74" endOffset="34"/></Target><Target id="@+id/tilRelogio" view="com.google.android.material.textfield.TextInputLayout"><Expressions/><location startLine="85" startOffset="4" endLine="96" endOffset="59"/></Target><Target id="@+id/etRelogio" view="com.google.android.material.textfield.TextInputEditText"><Expressions/><location startLine="90" startOffset="8" endLine="95" endOffset="63"/></Target><Target id="@+id/btnCancelar" view="com.google.android.material.button.MaterialButton"><Expressions/><location startLine="103" startOffset="8" endLine="109" endOffset="44"/></Target><Target id="@+id/btnSalvarMesa" view="com.google.android.material.button.MaterialButton"><Expressions/><location startLine="110" startOffset="8" endLine="114" endOffset="40"/></Target></Targets></Layout>