<?xml version="1.0" encoding="utf-8" standalone="yes"?><Layout layout="fragment_client_list" modulePackage="com.example.gestaobilhares" filePath="app\src\main\res\layout\fragment_client_list.xml" directory="layout" isMerge="false" isBindingData="false" rootNodeType="androidx.constraintlayout.widget.ConstraintLayout"><Targets><Target tag="layout/fragment_client_list_0" view="androidx.constraintlayout.widget.ConstraintLayout"><Expressions/><location startLine="1" startOffset="0" endLine="334" endOffset="51"/></Target><Target id="@+id/headerLayout" view="LinearLayout"><Expressions/><location startLine="10" startOffset="4" endLine="105" endOffset="18"/></Target><Target id="@+id/btnBack" view="ImageButton"><Expressions/><location startLine="28" startOffset="12" endLine="35" endOffset="49"/></Target><Target id="@+id/tvTitle" view="TextView"><Expressions/><location startLine="37" startOffset="12" endLine="47" endOffset="42"/></Target><Target id="@+id/btnSearch" view="ImageButton"><Expressions/><location startLine="49" startOffset="12" endLine="56" endOffset="49"/></Target><Target id="@+id/btnFilter" view="ImageButton"><Expressions/><location startLine="58" startOffset="12" endLine="66" endOffset="49"/></Target><Target id="@+id/layoutRouteInfo" view="LinearLayout"><Expressions/><location startLine="71" startOffset="8" endLine="97" endOffset="22"/></Target><Target id="@+id/tvRouteInfo" view="TextView"><Expressions/><location startLine="87" startOffset="12" endLine="95" endOffset="63"/></Target><Target id="@+id/routeControlCard" view="com.google.android.material.card.MaterialCardView"><Expressions/><location startLine="108" startOffset="4" endLine="181" endOffset="55"/></Target><Target id="@+id/tvRouteStatus" view="TextView"><Expressions/><location startLine="141" startOffset="16" endLine="149" endOffset="49"/></Target><Target id="@+id/btnStartRoute" view="com.google.android.material.button.MaterialButton"><Expressions/><location startLine="159" startOffset="16" endLine="166" endOffset="45"/></Target><Target id="@+id/btnFinishRoute" view="com.google.android.material.button.MaterialButton"><Expressions/><location startLine="168" startOffset="16" endLine="175" endOffset="45"/></Target><Target id="@+id/filterToggleLayout" view="LinearLayout"><Expressions/><location startLine="184" startOffset="4" endLine="227" endOffset="18"/></Target><Target id="@+id/btnFilterActive" view="com.google.android.material.button.MaterialButton"><Expressions/><location startLine="197" startOffset="8" endLine="205" endOffset="37"/></Target><Target id="@+id/btnFilterInactive" view="com.google.android.material.button.MaterialButton"><Expressions/><location startLine="207" startOffset="8" endLine="215" endOffset="37"/></Target><Target id="@+id/btnFilterAll" view="com.google.android.material.button.MaterialButton"><Expressions/><location startLine="217" startOffset="8" endLine="225" endOffset="37"/></Target><Target id="@+id/rvClients" view="androidx.recyclerview.widget.RecyclerView"><Expressions/><location startLine="230" startOffset="4" endLine="241" endOffset="46"/></Target><Target id="@+id/progressBar" view="ProgressBar"><Expressions/><location startLine="244" startOffset="4" endLine="252" endOffset="51"/></Target><Target id="@+id/emptyStateLayout" view="LinearLayout"><Expressions/><location startLine="255" startOffset="4" endLine="293" endOffset="18"/></Target><Target id="@+id/fabAddClient" view="com.google.android.material.floatingactionbutton.FloatingActionButton"><Expressions/><location startLine="296" startOffset="4" endLine="306" endOffset="41"/></Target><Target id="@+id/fabAddExpense" view="com.google.android.material.floatingactionbutton.FloatingActionButton"><Expressions/><location startLine="309" startOffset="4" endLine="320" endOffset="51"/></Target><Target id="@+id/bottomNavigation" view="com.google.android.material.bottomnavigation.BottomNavigationView"><Expressions/><location startLine="323" startOffset="4" endLine="332" endOffset="42"/></Target></Targets></Layout>