<?xml version="1.0" encoding="utf-8" standalone="yes"?><Layout layout="fragment_client_detail" modulePackage="com.example.gestaobilhares" filePath="app\src\main\res\layout\fragment_client_detail.xml" directory="layout" isMerge="false" isBindingData="false" rootNodeType="android.widget.ScrollView"><Targets><Target tag="layout/fragment_client_detail_0" view="ScrollView"><Expressions/><location startLine="1" startOffset="0" endLine="336" endOffset="12"/></Target><Target id="@+id/headerLayout" view="LinearLayout"><Expressions/><location startLine="15" startOffset="8" endLine="33" endOffset="22"/></Target><Target id="@+id/btnBack" view="ImageButton"><Expressions/><location startLine="24" startOffset="12" endLine="31" endOffset="49"/></Target><Target id="@+id/ivClientBackground" view="ImageView"><Expressions/><location startLine="41" startOffset="12" endLine="47" endOffset="62"/></Target><Target id="@+id/tvClientName" view="TextView"><Expressions/><location startLine="64" startOffset="16" endLine="72" endOffset="46"/></Target><Target id="@+id/tvClientAddress" view="TextView"><Expressions/><location startLine="73" startOffset="16" endLine="81" endOffset="63"/></Target><Target id="@+id/fabWhatsApp" view="com.google.android.material.floatingactionbutton.FloatingActionButton"><Expressions/><location startLine="98" startOffset="20" endLine="106" endOffset="49"/></Target><Target id="@+id/fabPhone" view="com.google.android.material.floatingactionbutton.FloatingActionButton"><Expressions/><location startLine="109" startOffset="20" endLine="116" endOffset="49"/></Target><Target id="@+id/tvLastVisit" view="TextView"><Expressions/><location startLine="134" startOffset="24" endLine="140" endOffset="68"/></Target><Target id="@+id/tvActiveTables" view="TextView"><Expressions/><location startLine="142" startOffset="24" endLine="150" endOffset="57"/></Target><Target id="@+id/btnNewSettlement" view="com.google.android.material.button.MaterialButton"><Expressions/><location startLine="155" startOffset="20" endLine="168" endOffset="59"/></Target><Target id="@+id/etObservations" view="EditText"><Expressions/><location startLine="201" startOffset="16" endLine="212" endOffset="42"/></Target><Target id="@+id/tvObservations" view="TextView"><Expressions/><location startLine="214" startOffset="16" endLine="224" endOffset="81"/></Target><Target id="@+id/tvMesasTitle" view="TextView"><Expressions/><location startLine="238" startOffset="12" endLine="246" endOffset="49"/></Target><Target id="@+id/btnAdicionarMesa" view="com.google.android.material.button.MaterialButton"><Expressions/><location startLine="248" startOffset="12" endLine="255" endOffset="41"/></Target><Target id="@+id/rvMesasCliente" view="androidx.recyclerview.widget.RecyclerView"><Expressions/><location startLine="258" startOffset="8" endLine="267" endOffset="56"/></Target><Target id="@+id/btnHistoryPrevious" view="ImageButton"><Expressions/><location startLine="295" startOffset="16" endLine="302" endOffset="60"/></Target><Target id="@+id/btnHistoryNext" view="ImageButton"><Expressions/><location startLine="304" startOffset="16" endLine="310" endOffset="60"/></Target><Target id="@+id/rvSettlementHistory" view="androidx.recyclerview.widget.RecyclerView"><Expressions/><location startLine="315" startOffset="12" endLine="321" endOffset="66"/></Target><Target id="@+id/bottomNavigation" view="com.google.android.material.bottomnavigation.BottomNavigationView"><Expressions/><location startLine="326" startOffset="8" endLine="332" endOffset="53"/></Target></Targets></Layout>