<?xml version="1.0" encoding="utf-8" standalone="yes"?><Layout layout="fragment_login" modulePackage="com.example.gestaobilhares" filePath="app\src\main\res\layout\fragment_login.xml" directory="layout" isMerge="false" isBindingData="false" rootNodeType="androidx.constraintlayout.widget.ConstraintLayout"><Targets><Target tag="layout/fragment_login_0" view="androidx.constraintlayout.widget.ConstraintLayout"><Expressions/><location startLine="1" startOffset="0" endLine="140" endOffset="51"/></Target><Target id="@+id/overlay" view="View"><Expressions/><location startLine="19" startOffset="4" endLine="27" endOffset="51"/></Target><Target id="@+id/loginContainer" view="androidx.constraintlayout.widget.ConstraintLayout"><Expressions/><location startLine="30" startOffset="4" endLine="138" endOffset="55"/></Target><Target id="@+id/logoImage" view="ImageView"><Expressions/><location startLine="42" startOffset="8" endLine="51" endOffset="55"/></Target><Target id="@+id/emailLayout" view="com.google.android.material.textfield.TextInputLayout"><Expressions/><location startLine="54" startOffset="8" endLine="74" endOffset="63"/></Target><Target id="@+id/emailEditText" view="com.google.android.material.textfield.TextInputEditText"><Expressions/><location startLine="66" startOffset="12" endLine="73" endOffset="51"/></Target><Target id="@+id/passwordLayout" view="com.google.android.material.textfield.TextInputLayout"><Expressions/><location startLine="77" startOffset="8" endLine="98" endOffset="63"/></Target><Target id="@+id/passwordEditText" view="com.google.android.material.textfield.TextInputEditText"><Expressions/><location startLine="91" startOffset="12" endLine="97" endOffset="51"/></Target><Target id="@+id/rememberMeCheckBox" view="CheckBox"><Expressions/><location startLine="101" startOffset="8" endLine="109" endOffset="44"/></Target><Target id="@+id/forgotPasswordTextView" view="TextView"><Expressions/><location startLine="111" startOffset="8" endLine="120" endOffset="44"/></Target><Target id="@+id/loginButton" view="com.google.android.material.button.MaterialButton"><Expressions/><location startLine="123" startOffset="8" endLine="136" endOffset="55"/></Target></Targets></Layout>