<?xml version="1.0" encoding="utf-8" standalone="yes"?><Layout layout="item_expense" modulePackage="com.example.gestaobilhares" filePath="app\src\main\res\layout\item_expense.xml" directory="layout" isMerge="false" isBindingData="false" rootNodeType="androidx.cardview.widget.CardView"><Targets><Target tag="layout/item_expense_0" view="androidx.cardview.widget.CardView"><Expressions/><location startLine="1" startOffset="0" endLine="131" endOffset="35"/></Target><Target id="@+id/categoryIcon" view="ImageView"><Expressions/><location startLine="18" startOffset="8" endLine="29" endOffset="46"/></Target><Target id="@+id/expenseDescription" view="TextView"><Expressions/><location startLine="32" startOffset="8" endLine="47" endOffset="51"/></Target><Target id="@+id/categoryAndRoute" view="TextView"><Expressions/><location startLine="50" startOffset="8" endLine="65" endOffset="52"/></Target><Target id="@+id/expenseValue" view="TextView"><Expressions/><location startLine="68" startOffset="8" endLine="78" endOffset="35"/></Target><Target id="@+id/expenseDateTime" view="TextView"><Expressions/><location startLine="81" startOffset="8" endLine="91" endOffset="35"/></Target><Target id="@+id/expenseObservations" view="TextView"><Expressions/><location startLine="94" startOffset="8" endLine="109" endOffset="40"/></Target><Target id="@+id/createdBy" view="TextView"><Expressions/><location startLine="112" startOffset="8" endLine="127" endOffset="40"/></Target></Targets></Layout>