<?xml version="1.0" encoding="utf-8" standalone="yes"?><Layout layout="item_client" modulePackage="com.example.gestaobilhares" filePath="app\src\main\res\layout\item_client.xml" directory="layout" isMerge="false" isBindingData="false" rootNodeType="com.google.android.material.card.MaterialCardView"><Targets><Target tag="layout/item_client_0" view="com.google.android.material.card.MaterialCardView"><Expressions/><location startLine="1" startOffset="0" endLine="172" endOffset="51"/></Target><Target id="@+id/statusBar" view="View"><Expressions/><location startLine="19" startOffset="8" endLine="24" endOffset="51"/></Target><Target id="@+id/tvClientName" view="TextView"><Expressions/><location startLine="33" startOffset="12" endLine="40" endOffset="42"/></Target><Target id="@+id/tvBusinessName" view="TextView"><Expressions/><location startLine="42" startOffset="12" endLine="50" endOffset="49"/></Target><Target id="@+id/tvTableCount" view="TextView"><Expressions/><location startLine="58" startOffset="16" endLine="64" endOffset="42"/></Target><Target id="@+id/tvTokenValue" view="TextView"><Expressions/><location startLine="73" startOffset="16" endLine="79" endOffset="48"/></Target><Target id="@+id/tvLastSettlement" view="TextView"><Expressions/><location startLine="83" startOffset="12" endLine="90" endOffset="54"/></Target><Target id="@+id/tvSpecialTag" view="TextView"><Expressions/><location startLine="102" startOffset="12" endLine="114" endOffset="38"/></Target><Target id="@+id/tvStatusTag" view="TextView"><Expressions/><location startLine="117" startOffset="12" endLine="128" endOffset="37"/></Target><Target id="@+id/layoutExtraInfo" view="LinearLayout"><Expressions/><location startLine="131" startOffset="12" endLine="155" endOffset="26"/></Target><Target id="@+id/ivDebtIcon" view="ImageView"><Expressions/><location startLine="138" startOffset="16" endLine="144" endOffset="51"/></Target><Target id="@+id/tvDebtAmount" view="TextView"><Expressions/><location startLine="146" startOffset="16" endLine="153" endOffset="43"/></Target><Target id="@+id/tvPendingAmount" view="TextView"><Expressions/><location startLine="158" startOffset="12" endLine="166" endOffset="49"/></Target></Targets></Layout>