<?xml version="1.0" encoding="utf-8" standalone="yes"?><Layout layout="item_settlement_history" modulePackage="com.example.gestaobilhares" filePath="app\src\main\res\layout\item_settlement_history.xml" directory="layout" isMerge="false" isBindingData="false" rootNodeType="com.google.android.material.card.MaterialCardView"><Targets><Target tag="layout/item_settlement_history_0" view="com.google.android.material.card.MaterialCardView"><Expressions/><location startLine="1" startOffset="0" endLine="123" endOffset="51"/></Target><Target id="@+id/tvSettlementId" view="TextView"><Expressions/><location startLine="27" startOffset="12" endLine="37" endOffset="36"/></Target><Target id="@+id/tvSettlementDate" view="TextView"><Expressions/><location startLine="44" startOffset="12" endLine="50" endOffset="41"/></Target><Target id="@+id/tvSettlementValue" view="TextView"><Expressions/><location startLine="62" startOffset="12" endLine="70" endOffset="40"/></Target><Target id="@+id/tvSettlementStatus" view="TextView"><Expressions/><location startLine="72" startOffset="12" endLine="81" endOffset="35"/></Target><Target id="@+id/tvTablesCount" view="TextView"><Expressions/><location startLine="100" startOffset="12" endLine="106" endOffset="38"/></Target></Targets></Layout>