<?xml version="1.0" encoding="utf-8" standalone="yes"?><Layout layout="item_mesa_acerto" modulePackage="com.example.gestaobilhares" filePath="app\src\main\res\layout\item_mesa_acerto.xml" directory="layout" isMerge="false" isBindingData="false" rootNodeType="com.google.android.material.card.MaterialCardView"><Targets><Target tag="layout/item_mesa_acerto_0" view="com.google.android.material.card.MaterialCardView"><Expressions/><location startLine="1" startOffset="0" endLine="212" endOffset="51"/></Target><Target id="@+id/tvNumeroMesa" view="TextView"><Expressions/><location startLine="33" startOffset="12" endLine="42" endOffset="39"/></Target><Target id="@+id/tvTipoMesa" view="TextView"><Expressions/><location startLine="44" startOffset="12" endLine="51" endOffset="37"/></Target><Target id="@+id/layoutFichas" view="LinearLayout"><Expressions/><location startLine="56" startOffset="8" endLine="158" endOffset="22"/></Target><Target id="@+id/etRelogioInicial" view="com.google.android.material.textfield.TextInputEditText"><Expressions/><location startLine="80" startOffset="20" endLine="85" endOffset="46"/></Target><Target id="@+id/etRelogioFinal" view="com.google.android.material.textfield.TextInputEditText"><Expressions/><location startLine="99" startOffset="20" endLine="104" endOffset="46"/></Target><Target id="@+id/tvValorFicha" view="TextView"><Expressions/><location startLine="118" startOffset="16" endLine="125" endOffset="69"/></Target><Target id="@+id/tvComissaoFicha" view="TextView"><Expressions/><location startLine="128" startOffset="16" endLine="135" endOffset="69"/></Target><Target id="@+id/tvFichasJogadas" view="TextView"><Expressions/><location startLine="140" startOffset="12" endLine="148" endOffset="42"/></Target><Target id="@+id/cbRelogioDefeito" view="CheckBox"><Expressions/><location startLine="151" startOffset="12" endLine="156" endOffset="65"/></Target><Target id="@+id/layoutValorFixo" view="LinearLayout"><Expressions/><location startLine="161" startOffset="8" endLine="186" endOffset="22"/></Target><Target id="@+id/tvValorFixo" view="TextView"><Expressions/><location startLine="168" startOffset="12" endLine="176" endOffset="42"/></Target><Target id="@+id/tvSubtotal" view="TextView"><Expressions/><location startLine="197" startOffset="8" endLine="208" endOffset="35"/></Target></Targets></Layout>