{
    "logs": [
        {
            "outputFile": "com.example.gestaobilhares.app-mergeDebugResources-54:/values-lv/values-lv.xml",
            "map": [
                {
                    "source": "C:\\Users\\Rossiny\\.gradle\\caches\\8.11.1\\transforms\\32c23f03b9bc5089aa0411e4a74fc937\\transformed\\play-services-basement-18.1.0\\res\\values-lv\\values.xml",
                    "from": {
                        "startLines": "4",
                        "startColumns": "0",
                        "startOffsets": "195",
                        "endColumns": "161",
                        "endOffsets": "356"
                    },
                    "to": {
                        "startLines": "57",
                        "startColumns": "4",
                        "startOffsets": "5758",
                        "endColumns": "165",
                        "endOffsets": "5919"
                    }
                },
                {
                    "source": "C:\\Users\\Rossiny\\.gradle\\caches\\8.11.1\\transforms\\172021296054a48350991195601bb89c\\transformed\\navigation-ui-2.7.7\\res\\values-lv\\values-lv.xml",
                    "from": {
                        "startLines": "2,3",
                        "startColumns": "4,4",
                        "startOffsets": "55,169",
                        "endColumns": "113,122",
                        "endOffsets": "164,287"
                    },
                    "to": {
                        "startLines": "130,131",
                        "startColumns": "4,4",
                        "startOffsets": "12228,12342",
                        "endColumns": "113,122",
                        "endOffsets": "12337,12460"
                    }
                },
                {
                    "source": "C:\\Users\\Rossiny\\.gradle\\caches\\8.11.1\\transforms\\867aaaf1f78e7a3227d23380526b5f5a\\transformed\\core-1.12.0\\res\\values-lv\\values-lv.xml",
                    "from": {
                        "startLines": "2,3,4,5,6,7,8,9",
                        "startColumns": "4,4,4,4,4,4,4,4",
                        "startOffsets": "55,153,255,355,456,563,671,786",
                        "endColumns": "97,101,99,100,106,107,114,100",
                        "endOffsets": "148,250,350,451,558,666,781,882"
                    },
                    "to": {
                        "startLines": "39,40,41,42,43,44,45,134",
                        "startColumns": "4,4,4,4,4,4,4,4",
                        "startOffsets": "3704,3802,3904,4004,4105,4212,4320,12625",
                        "endColumns": "97,101,99,100,106,107,114,100",
                        "endOffsets": "3797,3899,3999,4100,4207,4315,4430,12721"
                    }
                },
                {
                    "source": "C:\\Users\\Rossiny\\.gradle\\caches\\8.11.1\\transforms\\2a8d5256ce170b432872fd22c2ddcad4\\transformed\\browser-1.4.0\\res\\values-lv\\values-lv.xml",
                    "from": {
                        "startLines": "2,3,4,5",
                        "startColumns": "4,4,4,4",
                        "startOffsets": "55,158,257,373",
                        "endColumns": "102,98,115,101",
                        "endOffsets": "153,252,368,470"
                    },
                    "to": {
                        "startLines": "67,70,71,72",
                        "startColumns": "4,4,4,4",
                        "startOffsets": "7057,7319,7418,7534",
                        "endColumns": "102,98,115,101",
                        "endOffsets": "7155,7413,7529,7631"
                    }
                },
                {
                    "source": "C:\\Users\\Rossiny\\.gradle\\caches\\8.11.1\\transforms\\53fd8897bc60734811156c448f1132c3\\transformed\\play-services-base-18.0.1\\res\\values-lv\\values.xml",
                    "from": {
                        "startLines": "4,5,6,7,8,9,10,11,12,13,14,15,16,17,18,19,20",
                        "startColumns": "0,0,0,0,0,0,0,0,0,0,0,0,0,0,0,0,0",
                        "startOffsets": "193,296,453,582,686,824,951,1064,1166,1337,1442,1607,1738,1903,2054,2114,2178",
                        "endColumns": "102,156,128,103,137,126,112,101,170,104,164,130,164,150,59,63,84",
                        "endOffsets": "295,452,581,685,823,950,1063,1165,1336,1441,1606,1737,1902,2053,2113,2177,2262"
                    },
                    "to": {
                        "startLines": "49,50,51,52,53,54,55,56,58,59,60,61,62,63,64,65,66",
                        "startColumns": "4,4,4,4,4,4,4,4,4,4,4,4,4,4,4,4,4",
                        "startOffsets": "4753,4860,5021,5154,5262,5404,5535,5652,5924,6099,6208,6377,6512,6681,6836,6900,6968",
                        "endColumns": "106,160,132,107,141,130,116,105,174,108,168,134,168,154,63,67,88",
                        "endOffsets": "4855,5016,5149,5257,5399,5530,5647,5753,6094,6203,6372,6507,6676,6831,6895,6963,7052"
                    }
                },
                {
                    "source": "C:\\Users\\Rossiny\\.gradle\\caches\\8.11.1\\transforms\\268fa8e90592b8e67e6e81b04c1efb6d\\transformed\\material-1.11.0\\res\\values-lv\\values-lv.xml",
                    "from": {
                        "startLines": "2,7,8,9,10,11,12,13,14,15,16,17,18,19,20,21,22,23,24,25,26,27,28,29,30,31,32,33,34,35,36,37,38,39,40,41,42,43,44,45,46,47,48,49,50,51,52,53,54,55,56,57,58,59,60,61,62,63,64,65,66,67,68,69,70,71,72,73,74",
                        "startColumns": "4,4,4,4,4,4,4,4,4,4,4,4,4,4,4,4,4,4,4,4,4,4,4,4,4,4,4,4,4,4,4,4,4,4,4,4,4,4,4,4,4,4,4,4,4,4,4,4,4,4,4,4,4,4,4,4,4,4,4,4,4,4,4,4,4,4,4,4,4",
                        "startOffsets": "100,324,411,496,577,682,770,871,1005,1088,1153,1247,1320,1381,1506,1572,1640,1701,1773,1833,1887,2007,2067,2129,2183,2260,2390,2477,2559,2700,2780,2865,2992,3083,3159,3213,3266,3332,3406,3487,3571,3651,3724,3801,3878,3952,4062,4155,4230,4320,4411,4483,4561,4652,4706,4789,4857,4941,5028,5090,5154,5217,5289,5399,5512,5615,5724,5782,5839",
                        "endLines": "6,7,8,9,10,11,12,13,14,15,16,17,18,19,20,21,22,23,24,25,26,27,28,29,30,31,32,33,34,35,36,37,38,39,40,41,42,43,44,45,46,47,48,49,50,51,52,53,54,55,56,57,58,59,60,61,62,63,64,65,66,67,68,69,70,71,72,73,74",
                        "endColumns": "12,86,84,80,104,87,100,133,82,64,93,72,60,124,65,67,60,71,59,53,119,59,61,53,76,129,86,81,140,79,84,126,90,75,53,52,65,73,80,83,79,72,76,76,73,109,92,74,89,90,71,77,90,53,82,67,83,86,61,63,62,71,109,112,102,108,57,56,76",
                        "endOffsets": "319,406,491,572,677,765,866,1000,1083,1148,1242,1315,1376,1501,1567,1635,1696,1768,1828,1882,2002,2062,2124,2178,2255,2385,2472,2554,2695,2775,2860,2987,3078,3154,3208,3261,3327,3401,3482,3566,3646,3719,3796,3873,3947,4057,4150,4225,4315,4406,4478,4556,4647,4701,4784,4852,4936,5023,5085,5149,5212,5284,5394,5507,5610,5719,5777,5834,5911"
                    },
                    "to": {
                        "startLines": "2,34,35,36,37,38,46,47,48,68,69,73,74,75,76,77,78,79,80,81,82,83,84,85,86,87,88,89,90,91,92,93,94,95,96,97,98,99,100,101,102,103,104,105,106,107,108,109,110,111,112,113,114,115,116,117,118,119,120,121,122,123,124,125,126,127,128,129,132",
                        "startColumns": "4,4,4,4,4,4,4,4,4,4,4,4,4,4,4,4,4,4,4,4,4,4,4,4,4,4,4,4,4,4,4,4,4,4,4,4,4,4,4,4,4,4,4,4,4,4,4,4,4,4,4,4,4,4,4,4,4,4,4,4,4,4,4,4,4,4,4,4,4",
                        "startOffsets": "150,3258,3345,3430,3511,3616,4435,4536,4670,7160,7225,7636,7709,7770,7895,7961,8029,8090,8162,8222,8276,8396,8456,8518,8572,8649,8779,8866,8948,9089,9169,9254,9381,9472,9548,9602,9655,9721,9795,9876,9960,10040,10113,10190,10267,10341,10451,10544,10619,10709,10800,10872,10950,11041,11095,11178,11246,11330,11417,11479,11543,11606,11678,11788,11901,12004,12113,12171,12465",
                        "endLines": "6,34,35,36,37,38,46,47,48,68,69,73,74,75,76,77,78,79,80,81,82,83,84,85,86,87,88,89,90,91,92,93,94,95,96,97,98,99,100,101,102,103,104,105,106,107,108,109,110,111,112,113,114,115,116,117,118,119,120,121,122,123,124,125,126,127,128,129,132",
                        "endColumns": "12,86,84,80,104,87,100,133,82,64,93,72,60,124,65,67,60,71,59,53,119,59,61,53,76,129,86,81,140,79,84,126,90,75,53,52,65,73,80,83,79,72,76,76,73,109,92,74,89,90,71,77,90,53,82,67,83,86,61,63,62,71,109,112,102,108,57,56,76",
                        "endOffsets": "369,3340,3425,3506,3611,3699,4531,4665,4748,7220,7314,7704,7765,7890,7956,8024,8085,8157,8217,8271,8391,8451,8513,8567,8644,8774,8861,8943,9084,9164,9249,9376,9467,9543,9597,9650,9716,9790,9871,9955,10035,10108,10185,10262,10336,10446,10539,10614,10704,10795,10867,10945,11036,11090,11173,11241,11325,11412,11474,11538,11601,11673,11783,11896,11999,12108,12166,12223,12537"
                    }
                },
                {
                    "source": "C:\\Users\\Rossiny\\.gradle\\caches\\8.11.1\\transforms\\24cf04f1c368f48d45221aeab28b1507\\transformed\\appcompat-1.6.1\\res\\values-lv\\values-lv.xml",
                    "from": {
                        "startLines": "2,3,4,5,6,7,8,9,10,11,12,13,14,15,16,17,18,19,20,21,22,23,24,25,26,27,28,29",
                        "startColumns": "4,4,4,4,4,4,4,4,4,4,4,4,4,4,4,4,4,4,4,4,4,4,4,4,4,4,4,4",
                        "startOffsets": "105,225,335,444,530,634,756,838,918,1028,1136,1242,1351,1462,1565,1677,1784,1889,1989,2074,2183,2294,2393,2504,2611,2716,2890,2989",
                        "endColumns": "119,109,108,85,103,121,81,79,109,107,105,108,110,102,111,106,104,99,84,108,110,98,110,106,104,173,98,82",
                        "endOffsets": "220,330,439,525,629,751,833,913,1023,1131,1237,1346,1457,1560,1672,1779,1884,1984,2069,2178,2289,2388,2499,2606,2711,2885,2984,3067"
                    },
                    "to": {
                        "startLines": "7,8,9,10,11,12,13,14,15,16,17,18,19,20,21,22,23,24,25,26,27,28,29,30,31,32,33,133",
                        "startColumns": "4,4,4,4,4,4,4,4,4,4,4,4,4,4,4,4,4,4,4,4,4,4,4,4,4,4,4,4",
                        "startOffsets": "374,494,604,713,799,903,1025,1107,1187,1297,1405,1511,1620,1731,1834,1946,2053,2158,2258,2343,2452,2563,2662,2773,2880,2985,3159,12542",
                        "endColumns": "119,109,108,85,103,121,81,79,109,107,105,108,110,102,111,106,104,99,84,108,110,98,110,106,104,173,98,82",
                        "endOffsets": "489,599,708,794,898,1020,1102,1182,1292,1400,1506,1615,1726,1829,1941,2048,2153,2253,2338,2447,2558,2657,2768,2875,2980,3154,3253,12620"
                    }
                }
            ]
        }
    ]
}