<?xml version="1.0" encoding="utf-8"?>
<resources>
    <string-array name="tipos_acerto">
        <item>Presencial</item>
        <item>por WhatsApp</item>
    </string-array>
    <color name="accent_primary">#BB86FC</color>
    <color name="accent_primary_alpha">#33BB86FC</color>
    <color name="accent_purple">#BB86FC</color>
    <color name="background_dark">#121212</color>
    <color name="background_primary">#121212</color>
    <color name="blue_600">#007BFF</color>
    <color name="blue_700">#0056B3</color>
    <color name="bottom_nav_background">#1F1F1F</color>
    <color name="bottom_nav_selected">#6200EA</color>
    <color name="bottom_nav_unselected">#888888</color>
    <color name="button_background">#6200EA</color>
    <color name="button_disabled">#444444</color>
    <color name="card_background_dark">#2C2C2C</color>
    <color name="card_stroke">#22000000</color>
    <color name="colorAccent">@color/accent_purple</color>
    <color name="colorPrimary">@color/primary_purple</color>
    <color name="colorPrimaryDark">@color/primary_purple_dark</color>
    <color name="divider_color">#333333</color>
    <color name="error_color">#F44336</color>
    <color name="error_red">#F44336</color>
    <color name="gray_200">#E0E0E0</color>
    <color name="gray_500">#6C757D</color>
    <color name="gray_600">#6C757D</color>
    <color name="gray_700">#495057</color>
    <color name="gray_800">#343A40</color>
    <color name="gray_900">#212529</color>
    <color name="green_200">#C8E6C9</color>
    <color name="green_500">#25D366</color>
    <color name="green_600">#28A745</color>
    <color name="green_700">#1E7E34</color>
    <color name="orange_200">#FFE0B2</color>
    <color name="orange_600">#FB8500</color>
    <color name="orange_700">#D73502</color>
    <color name="primary_600">#5300D4</color>
    <color name="primary_purple">#6200EA</color>
    <color name="primary_purple_dark">#3700B3</color>
    <color name="purple_200">#E1BEE7</color>
    <color name="purple_600">#6A0DAD</color>
    <color name="purple_700">#5A0C91</color>
    <color name="red_500">#DC3545</color>
    <color name="red_600">#DC3545</color>
    <color name="red_700">#B02A37</color>
    <color name="success_green">#4CAF50</color>
    <color name="surface_dark">#1E1E1E</color>
    <color name="surface_primary">#1E1E1E</color>
    <color name="surface_secondary">#2C2C2C</color>
    <color name="text_disabled">#666666</color>
    <color name="text_primary">#FFFFFF</color>
    <color name="text_secondary">#B3B3B3</color>
    <color name="warning_orange">#FF9800</color>
    <color name="white">#FFFFFF</color>
    <color name="yellow_600">#FFC107</color>
    <color name="yellow_700">#E0A800</color>
    <string name="app_name">GestaoBilhares</string>
    <string name="default_web_client_id" translatable="false">1089459035145-d55o1h307gaedp4v03cuchr6s6nn2lhg.apps.googleusercontent.com</string>
    <string name="gcm_defaultSenderId" translatable="false">1089459035145</string>
    <string name="google_api_key" translatable="false">AIzaSyDb2s1PsqfZMQCswQMj2tmcV_e6DMSv0i4</string>
    <string name="google_app_id" translatable="false">1:1089459035145:android:2d3b94222b1506a844acd8</string>
    <string name="google_crash_reporting_api_key" translatable="false">AIzaSyDb2s1PsqfZMQCswQMj2tmcV_e6DMSv0i4</string>
    <string name="google_storage_bucket" translatable="false">gestaobilhares.firebasestorage.app</string>
    <string name="project_id" translatable="false">gestaobilhares</string>
    <string name="voltar">Voltar</string>
    <style name="DarkDialogTheme" parent="Theme.Material3.DayNight.Dialog">
        <item name="android:colorBackground">#23273A</item>
        <item name="android:textColorPrimary">#FFFFFF</item>
        <item name="android:textColorSecondary">#99FFFFFF</item>
        <item name="colorPrimary">#A68EFF</item>
        <item name="colorAccent">#A68EFF</item>
        <item name="android:windowBackground">#23273A</item>
        <item name="colorSurface">#23273A</item>
        <item name="colorOnSurface">#FFFFFF</item>
        <item name="colorOutline">#938F99</item>
    </style>
    <style name="Theme.GestaoBilhares" parent="Theme.Material3.DayNight.NoActionBar">
        
        <item name="colorPrimary">#A68EFF</item>
        <item name="colorOnPrimary">#FFFFFF</item>
        <item name="colorPrimaryContainer">#2D1B69</item>
        <item name="colorOnPrimaryContainer">#E8DDFF</item>
        
        
        <item name="colorSecondary">#CCC2DC</item>
        <item name="colorOnSecondary">#332D41</item>
        <item name="colorSecondaryContainer">#4A4458</item>
        <item name="colorOnSecondaryContainer">#E8DDFF</item>
        
        
        <item name="colorSurface">#1C1B1F</item>
        <item name="colorOnSurface">#E6E1E5</item>
        <item name="colorSurfaceVariant">#49454F</item>
        <item name="colorOnSurfaceVariant">#CAC4D0</item>
        
        
        <item name="colorOutline">#938F99</item>
        <item name="colorOutlineVariant">#49454F</item>
        
        
        <item name="android:colorBackground">#1C1B1F</item>
        <item name="colorOnBackground">#E6E1E5</item>
        
        
        <item name="colorError">#F2B8B5</item>
        <item name="colorOnError">#601410</item>
        <item name="colorErrorContainer">#8C1D18</item>
        <item name="colorOnErrorContainer">#F9DEDC</item>
        
        
        <item name="android:statusBarColor">@android:color/transparent</item>
        <item name="android:windowLightStatusBar">false</item>
    </style>
</resources>