{
    "logs": [
        {
            "outputFile": "com.example.gestaobilhares.app-mergeDebugResources-54:/values-sr/values-sr.xml",
            "map": [
                {
                    "source": "C:\\Users\\Rossiny\\.gradle\\caches\\8.11.1\\transforms\\2a8d5256ce170b432872fd22c2ddcad4\\transformed\\browser-1.4.0\\res\\values-sr\\values-sr.xml",
                    "from": {
                        "startLines": "2,3,4,5",
                        "startColumns": "4,4,4,4",
                        "startOffsets": "55,166,266,379",
                        "endColumns": "110,99,112,97",
                        "endOffsets": "161,261,374,472"
                    },
                    "to": {
                        "startLines": "67,70,71,72",
                        "startColumns": "4,4,4,4",
                        "startOffsets": "6733,7002,7102,7215",
                        "endColumns": "110,99,112,97",
                        "endOffsets": "6839,7097,7210,7308"
                    }
                },
                {
                    "source": "C:\\Users\\Rossiny\\.gradle\\caches\\8.11.1\\transforms\\172021296054a48350991195601bb89c\\transformed\\navigation-ui-2.7.7\\res\\values-sr\\values-sr.xml",
                    "from": {
                        "startLines": "2,3",
                        "startColumns": "4,4",
                        "startOffsets": "55,162",
                        "endColumns": "106,122",
                        "endOffsets": "157,280"
                    },
                    "to": {
                        "startLines": "130,131",
                        "startColumns": "4,4",
                        "startOffsets": "11836,11943",
                        "endColumns": "106,122",
                        "endOffsets": "11938,12061"
                    }
                },
                {
                    "source": "C:\\Users\\Rossiny\\.gradle\\caches\\8.11.1\\transforms\\867aaaf1f78e7a3227d23380526b5f5a\\transformed\\core-1.12.0\\res\\values-sr\\values-sr.xml",
                    "from": {
                        "startLines": "2,3,4,5,6,7,8,9",
                        "startColumns": "4,4,4,4,4,4,4,4",
                        "startOffsets": "55,153,255,352,456,560,665,781",
                        "endColumns": "97,101,96,103,103,104,115,100",
                        "endOffsets": "148,250,347,451,555,660,776,877"
                    },
                    "to": {
                        "startLines": "39,40,41,42,43,44,45,134",
                        "startColumns": "4,4,4,4,4,4,4,4",
                        "startOffsets": "3531,3629,3731,3828,3932,4036,4141,12233",
                        "endColumns": "97,101,96,103,103,104,115,100",
                        "endOffsets": "3624,3726,3823,3927,4031,4136,4252,12329"
                    }
                },
                {
                    "source": "C:\\Users\\Rossiny\\.gradle\\caches\\8.11.1\\transforms\\24cf04f1c368f48d45221aeab28b1507\\transformed\\appcompat-1.6.1\\res\\values-sr\\values-sr.xml",
                    "from": {
                        "startLines": "2,3,4,5,6,7,8,9,10,11,12,13,14,15,16,17,18,19,20,21,22,23,24,25,26,27,28,29",
                        "startColumns": "4,4,4,4,4,4,4,4,4,4,4,4,4,4,4,4,4,4,4,4,4,4,4,4,4,4,4,4",
                        "startOffsets": "105,212,313,419,505,609,731,815,896,987,1080,1175,1269,1369,1462,1557,1662,1753,1844,1930,2035,2141,2244,2350,2459,2566,2736,2833",
                        "endColumns": "106,100,105,85,103,121,83,80,90,92,94,93,99,92,94,104,90,90,85,104,105,102,105,108,106,169,96,86",
                        "endOffsets": "207,308,414,500,604,726,810,891,982,1075,1170,1264,1364,1457,1552,1657,1748,1839,1925,2030,2136,2239,2345,2454,2561,2731,2828,2915"
                    },
                    "to": {
                        "startLines": "7,8,9,10,11,12,13,14,15,16,17,18,19,20,21,22,23,24,25,26,27,28,29,30,31,32,33,133",
                        "startColumns": "4,4,4,4,4,4,4,4,4,4,4,4,4,4,4,4,4,4,4,4,4,4,4,4,4,4,4,4",
                        "startOffsets": "371,478,579,685,771,875,997,1081,1162,1253,1346,1441,1535,1635,1728,1823,1928,2019,2110,2196,2301,2407,2510,2616,2725,2832,3002,12146",
                        "endColumns": "106,100,105,85,103,121,83,80,90,92,94,93,99,92,94,104,90,90,85,104,105,102,105,108,106,169,96,86",
                        "endOffsets": "473,574,680,766,870,992,1076,1157,1248,1341,1436,1530,1630,1723,1818,1923,2014,2105,2191,2296,2402,2505,2611,2720,2827,2997,3094,12228"
                    }
                },
                {
                    "source": "C:\\Users\\Rossiny\\.gradle\\caches\\8.11.1\\transforms\\53fd8897bc60734811156c448f1132c3\\transformed\\play-services-base-18.0.1\\res\\values-sr\\values.xml",
                    "from": {
                        "startLines": "4,5,6,7,8,9,10,11,12,13,14,15,16,17,18,19,20",
                        "startColumns": "0,0,0,0,0,0,0,0,0,0,0,0,0,0,0,0,0",
                        "startOffsets": "193,295,447,569,675,825,948,1056,1154,1299,1402,1558,1681,1826,1964,2028,2089",
                        "endColumns": "101,151,121,105,149,122,107,97,144,102,155,122,144,137,63,60,75",
                        "endOffsets": "294,446,568,674,824,947,1055,1153,1298,1401,1557,1680,1825,1963,2027,2088,2164"
                    },
                    "to": {
                        "startLines": "49,50,51,52,53,54,55,56,58,59,60,61,62,63,64,65,66",
                        "startColumns": "4,4,4,4,4,4,4,4,4,4,4,4,4,4,4,4,4",
                        "startOffsets": "4563,4669,4825,4951,5061,5215,5342,5454,5686,5835,5942,6102,6229,6378,6520,6588,6653",
                        "endColumns": "105,155,125,109,153,126,111,101,148,106,159,126,148,141,67,64,79",
                        "endOffsets": "4664,4820,4946,5056,5210,5337,5449,5551,5830,5937,6097,6224,6373,6515,6583,6648,6728"
                    }
                },
                {
                    "source": "C:\\Users\\Rossiny\\.gradle\\caches\\8.11.1\\transforms\\268fa8e90592b8e67e6e81b04c1efb6d\\transformed\\material-1.11.0\\res\\values-sr\\values-sr.xml",
                    "from": {
                        "startLines": "2,7,8,9,10,11,12,13,14,15,16,17,18,19,20,21,22,23,24,25,26,27,28,29,30,31,32,33,34,35,36,37,38,39,40,41,42,43,44,45,46,47,48,49,50,51,52,53,54,55,56,57,58,59,60,61,62,63,64,65,66,67,68,69,70,71,72,73,74",
                        "startColumns": "4,4,4,4,4,4,4,4,4,4,4,4,4,4,4,4,4,4,4,4,4,4,4,4,4,4,4,4,4,4,4,4,4,4,4,4,4,4,4,4,4,4,4,4,4,4,4,4,4,4,4,4,4,4,4,4,4,4,4,4,4,4,4,4,4,4,4,4,4",
                        "startOffsets": "100,321,397,473,553,660,753,847,978,1059,1125,1217,1285,1348,1451,1511,1577,1633,1704,1764,1818,1930,1987,2048,2102,2178,2303,2389,2472,2610,2691,2774,2905,2993,3071,3125,3181,3247,3321,3399,3488,3570,3645,3721,3796,3867,3974,4064,4137,4229,4325,4397,4473,4569,4622,4704,4771,4858,4945,5007,5071,5134,5203,5308,5418,5514,5622,5680,5740",
                        "endLines": "6,7,8,9,10,11,12,13,14,15,16,17,18,19,20,21,22,23,24,25,26,27,28,29,30,31,32,33,34,35,36,37,38,39,40,41,42,43,44,45,46,47,48,49,50,51,52,53,54,55,56,57,58,59,60,61,62,63,64,65,66,67,68,69,70,71,72,73,74",
                        "endColumns": "12,75,75,79,106,92,93,130,80,65,91,67,62,102,59,65,55,70,59,53,111,56,60,53,75,124,85,82,137,80,82,130,87,77,53,55,65,73,77,88,81,74,75,74,70,106,89,72,91,95,71,75,95,52,81,66,86,86,61,63,62,68,104,109,95,107,57,59,79",
                        "endOffsets": "316,392,468,548,655,748,842,973,1054,1120,1212,1280,1343,1446,1506,1572,1628,1699,1759,1813,1925,1982,2043,2097,2173,2298,2384,2467,2605,2686,2769,2900,2988,3066,3120,3176,3242,3316,3394,3483,3565,3640,3716,3791,3862,3969,4059,4132,4224,4320,4392,4468,4564,4617,4699,4766,4853,4940,5002,5066,5129,5198,5303,5413,5509,5617,5675,5735,5815"
                    },
                    "to": {
                        "startLines": "2,34,35,36,37,38,46,47,48,68,69,73,74,75,76,77,78,79,80,81,82,83,84,85,86,87,88,89,90,91,92,93,94,95,96,97,98,99,100,101,102,103,104,105,106,107,108,109,110,111,112,113,114,115,116,117,118,119,120,121,122,123,124,125,126,127,128,129,132",
                        "startColumns": "4,4,4,4,4,4,4,4,4,4,4,4,4,4,4,4,4,4,4,4,4,4,4,4,4,4,4,4,4,4,4,4,4,4,4,4,4,4,4,4,4,4,4,4,4,4,4,4,4,4,4,4,4,4,4,4,4,4,4,4,4,4,4,4,4,4,4,4,4",
                        "startOffsets": "150,3099,3175,3251,3331,3438,4257,4351,4482,6844,6910,7313,7381,7444,7547,7607,7673,7729,7800,7860,7914,8026,8083,8144,8198,8274,8399,8485,8568,8706,8787,8870,9001,9089,9167,9221,9277,9343,9417,9495,9584,9666,9741,9817,9892,9963,10070,10160,10233,10325,10421,10493,10569,10665,10718,10800,10867,10954,11041,11103,11167,11230,11299,11404,11514,11610,11718,11776,12066",
                        "endLines": "6,34,35,36,37,38,46,47,48,68,69,73,74,75,76,77,78,79,80,81,82,83,84,85,86,87,88,89,90,91,92,93,94,95,96,97,98,99,100,101,102,103,104,105,106,107,108,109,110,111,112,113,114,115,116,117,118,119,120,121,122,123,124,125,126,127,128,129,132",
                        "endColumns": "12,75,75,79,106,92,93,130,80,65,91,67,62,102,59,65,55,70,59,53,111,56,60,53,75,124,85,82,137,80,82,130,87,77,53,55,65,73,77,88,81,74,75,74,70,106,89,72,91,95,71,75,95,52,81,66,86,86,61,63,62,68,104,109,95,107,57,59,79",
                        "endOffsets": "366,3170,3246,3326,3433,3526,4346,4477,4558,6905,6997,7376,7439,7542,7602,7668,7724,7795,7855,7909,8021,8078,8139,8193,8269,8394,8480,8563,8701,8782,8865,8996,9084,9162,9216,9272,9338,9412,9490,9579,9661,9736,9812,9887,9958,10065,10155,10228,10320,10416,10488,10564,10660,10713,10795,10862,10949,11036,11098,11162,11225,11294,11399,11509,11605,11713,11771,11831,12141"
                    }
                },
                {
                    "source": "C:\\Users\\Rossiny\\.gradle\\caches\\8.11.1\\transforms\\32c23f03b9bc5089aa0411e4a74fc937\\transformed\\play-services-basement-18.1.0\\res\\values-sr\\values.xml",
                    "from": {
                        "startLines": "4",
                        "startColumns": "0",
                        "startOffsets": "195",
                        "endColumns": "125",
                        "endOffsets": "320"
                    },
                    "to": {
                        "startLines": "57",
                        "startColumns": "4",
                        "startOffsets": "5556",
                        "endColumns": "129",
                        "endOffsets": "5681"
                    }
                }
            ]
        }
    ]
}