{
    "logs": [
        {
            "outputFile": "com.example.gestaobilhares.app-mergeDebugResources-54:/values-gu/values-gu.xml",
            "map": [
                {
                    "source": "C:\\Users\\Rossiny\\.gradle\\caches\\8.11.1\\transforms\\53fd8897bc60734811156c448f1132c3\\transformed\\play-services-base-18.0.1\\res\\values-gu\\values.xml",
                    "from": {
                        "startLines": "4,5,6,7,8,9,10,11,12,13,14,15,16,17,18,19,20",
                        "startColumns": "0,0,0,0,0,0,0,0,0,0,0,0,0,0,0,0,0",
                        "startOffsets": "193,297,459,580,688,822,940,1047,1143,1287,1391,1551,1672,1811,1957,2014,2076",
                        "endColumns": "103,161,120,107,133,117,106,95,143,103,159,120,138,145,56,61,77",
                        "endOffsets": "296,458,579,687,821,939,1046,1142,1286,1390,1550,1671,1810,1956,2013,2075,2153"
                    },
                    "to": {
                        "startLines": "48,49,50,51,52,53,54,55,57,58,59,60,61,62,63,64,65",
                        "startColumns": "4,4,4,4,4,4,4,4,4,4,4,4,4,4,4,4,4",
                        "startOffsets": "4454,4562,4728,4853,4965,5103,5225,5336,5583,5731,5839,6003,6128,6271,6421,6482,6548",
                        "endColumns": "107,165,124,111,137,121,110,99,147,107,163,124,142,149,60,65,81",
                        "endOffsets": "4557,4723,4848,4960,5098,5220,5331,5431,5726,5834,5998,6123,6266,6416,6477,6543,6625"
                    }
                },
                {
                    "source": "C:\\Users\\Rossiny\\.gradle\\caches\\8.11.1\\transforms\\172021296054a48350991195601bb89c\\transformed\\navigation-ui-2.7.7\\res\\values-gu\\values-gu.xml",
                    "from": {
                        "startLines": "2,3",
                        "startColumns": "4,4",
                        "startOffsets": "55,165",
                        "endColumns": "109,114",
                        "endOffsets": "160,275"
                    },
                    "to": {
                        "startLines": "129,130",
                        "startColumns": "4,4",
                        "startOffsets": "11689,11799",
                        "endColumns": "109,114",
                        "endOffsets": "11794,11909"
                    }
                },
                {
                    "source": "C:\\Users\\Rossiny\\.gradle\\caches\\8.11.1\\transforms\\867aaaf1f78e7a3227d23380526b5f5a\\transformed\\core-1.12.0\\res\\values-gu\\values-gu.xml",
                    "from": {
                        "startLines": "2,3,4,5,6,7,8,9",
                        "startColumns": "4,4,4,4,4,4,4,4",
                        "startOffsets": "55,149,252,349,451,553,651,773",
                        "endColumns": "93,102,96,101,101,97,121,100",
                        "endOffsets": "144,247,344,446,548,646,768,869"
                    },
                    "to": {
                        "startLines": "38,39,40,41,42,43,44,133",
                        "startColumns": "4,4,4,4,4,4,4,4",
                        "startOffsets": "3433,3527,3630,3727,3829,3931,4029,12073",
                        "endColumns": "93,102,96,101,101,97,121,100",
                        "endOffsets": "3522,3625,3722,3824,3926,4024,4146,12169"
                    }
                },
                {
                    "source": "C:\\Users\\Rossiny\\.gradle\\caches\\8.11.1\\transforms\\2a8d5256ce170b432872fd22c2ddcad4\\transformed\\browser-1.4.0\\res\\values-gu\\values-gu.xml",
                    "from": {
                        "startLines": "2,3,4,5",
                        "startColumns": "4,4,4,4",
                        "startOffsets": "55,156,257,366",
                        "endColumns": "100,100,108,100",
                        "endOffsets": "151,252,361,462"
                    },
                    "to": {
                        "startLines": "66,69,70,71",
                        "startColumns": "4,4,4,4",
                        "startOffsets": "6630,6885,6986,7095",
                        "endColumns": "100,100,108,100",
                        "endOffsets": "6726,6981,7090,7191"
                    }
                },
                {
                    "source": "C:\\Users\\Rossiny\\.gradle\\caches\\8.11.1\\transforms\\268fa8e90592b8e67e6e81b04c1efb6d\\transformed\\material-1.11.0\\res\\values-gu\\values-gu.xml",
                    "from": {
                        "startLines": "2,6,7,8,9,10,11,12,13,14,15,16,17,18,19,20,21,22,23,24,25,26,27,28,29,30,31,32,33,34,35,36,37,38,39,40,41,42,43,44,45,46,47,48,49,50,51,52,53,54,55,56,57,58,59,60,61,62,63,64,65,66,67,68,69,70,71,72,73",
                        "startColumns": "4,4,4,4,4,4,4,4,4,4,4,4,4,4,4,4,4,4,4,4,4,4,4,4,4,4,4,4,4,4,4,4,4,4,4,4,4,4,4,4,4,4,4,4,4,4,4,4,4,4,4,4,4,4,4,4,4,4,4,4,4,4,4,4,4,4,4,4,4",
                        "startOffsets": "100,268,342,414,496,602,700,799,919,1003,1066,1157,1224,1283,1373,1436,1501,1565,1634,1696,1750,1865,1923,1984,2038,2111,2238,2324,2408,2541,2616,2692,2825,2911,2992,3046,3098,3164,3237,3317,3402,3482,3553,3629,3708,3777,3884,3980,4058,4153,4249,4323,4398,4497,4548,4630,4697,4784,4874,4936,5000,5063,5130,5232,5337,5434,5536,5594,5650",
                        "endLines": "5,6,7,8,9,10,11,12,13,14,15,16,17,18,19,20,21,22,23,24,25,26,27,28,29,30,31,32,33,34,35,36,37,38,39,40,41,42,43,44,45,46,47,48,49,50,51,52,53,54,55,56,57,58,59,60,61,62,63,64,65,66,67,68,69,70,71,72,73",
                        "endColumns": "12,73,71,81,105,97,98,119,83,62,90,66,58,89,62,64,63,68,61,53,114,57,60,53,72,126,85,83,132,74,75,132,85,80,53,51,65,72,79,84,79,70,75,78,68,106,95,77,94,95,73,74,98,50,81,66,86,89,61,63,62,66,101,104,96,101,57,55,77",
                        "endOffsets": "263,337,409,491,597,695,794,914,998,1061,1152,1219,1278,1368,1431,1496,1560,1629,1691,1745,1860,1918,1979,2033,2106,2233,2319,2403,2536,2611,2687,2820,2906,2987,3041,3093,3159,3232,3312,3397,3477,3548,3624,3703,3772,3879,3975,4053,4148,4244,4318,4393,4492,4543,4625,4692,4779,4869,4931,4995,5058,5125,5227,5332,5429,5531,5589,5645,5723"
                    },
                    "to": {
                        "startLines": "2,33,34,35,36,37,45,46,47,67,68,72,73,74,75,76,77,78,79,80,81,82,83,84,85,86,87,88,89,90,91,92,93,94,95,96,97,98,99,100,101,102,103,104,105,106,107,108,109,110,111,112,113,114,115,116,117,118,119,120,121,122,123,124,125,126,127,128,131",
                        "startColumns": "4,4,4,4,4,4,4,4,4,4,4,4,4,4,4,4,4,4,4,4,4,4,4,4,4,4,4,4,4,4,4,4,4,4,4,4,4,4,4,4,4,4,4,4,4,4,4,4,4,4,4,4,4,4,4,4,4,4,4,4,4,4,4,4,4,4,4,4,4",
                        "startOffsets": "150,3001,3075,3147,3229,3335,4151,4250,4370,6731,6794,7196,7263,7322,7412,7475,7540,7604,7673,7735,7789,7904,7962,8023,8077,8150,8277,8363,8447,8580,8655,8731,8864,8950,9031,9085,9137,9203,9276,9356,9441,9521,9592,9668,9747,9816,9923,10019,10097,10192,10288,10362,10437,10536,10587,10669,10736,10823,10913,10975,11039,11102,11169,11271,11376,11473,11575,11633,11914",
                        "endLines": "5,33,34,35,36,37,45,46,47,67,68,72,73,74,75,76,77,78,79,80,81,82,83,84,85,86,87,88,89,90,91,92,93,94,95,96,97,98,99,100,101,102,103,104,105,106,107,108,109,110,111,112,113,114,115,116,117,118,119,120,121,122,123,124,125,126,127,128,131",
                        "endColumns": "12,73,71,81,105,97,98,119,83,62,90,66,58,89,62,64,63,68,61,53,114,57,60,53,72,126,85,83,132,74,75,132,85,80,53,51,65,72,79,84,79,70,75,78,68,106,95,77,94,95,73,74,98,50,81,66,86,89,61,63,62,66,101,104,96,101,57,55,77",
                        "endOffsets": "313,3070,3142,3224,3330,3428,4245,4365,4449,6789,6880,7258,7317,7407,7470,7535,7599,7668,7730,7784,7899,7957,8018,8072,8145,8272,8358,8442,8575,8650,8726,8859,8945,9026,9080,9132,9198,9271,9351,9436,9516,9587,9663,9742,9811,9918,10014,10092,10187,10283,10357,10432,10531,10582,10664,10731,10818,10908,10970,11034,11097,11164,11266,11371,11468,11570,11628,11684,11987"
                    }
                },
                {
                    "source": "C:\\Users\\Rossiny\\.gradle\\caches\\8.11.1\\transforms\\24cf04f1c368f48d45221aeab28b1507\\transformed\\appcompat-1.6.1\\res\\values-gu\\values-gu.xml",
                    "from": {
                        "startLines": "2,3,4,5,6,7,8,9,10,11,12,13,14,15,16,17,18,19,20,21,22,23,24,25,26,27,28,29",
                        "startColumns": "4,4,4,4,4,4,4,4,4,4,4,4,4,4,4,4,4,4,4,4,4,4,4,4,4,4,4,4",
                        "startOffsets": "105,212,316,423,510,610,730,808,885,976,1069,1164,1258,1358,1451,1546,1640,1731,1822,1902,2008,2109,2206,2315,2415,2525,2685,2788",
                        "endColumns": "106,103,106,86,99,119,77,76,90,92,94,93,99,92,94,93,90,90,79,105,100,96,108,99,109,159,102,80",
                        "endOffsets": "207,311,418,505,605,725,803,880,971,1064,1159,1253,1353,1446,1541,1635,1726,1817,1897,2003,2104,2201,2310,2410,2520,2680,2783,2864"
                    },
                    "to": {
                        "startLines": "6,7,8,9,10,11,12,13,14,15,16,17,18,19,20,21,22,23,24,25,26,27,28,29,30,31,32,132",
                        "startColumns": "4,4,4,4,4,4,4,4,4,4,4,4,4,4,4,4,4,4,4,4,4,4,4,4,4,4,4,4",
                        "startOffsets": "318,425,529,636,723,823,943,1021,1098,1189,1282,1377,1471,1571,1664,1759,1853,1944,2035,2115,2221,2322,2419,2528,2628,2738,2898,11992",
                        "endColumns": "106,103,106,86,99,119,77,76,90,92,94,93,99,92,94,93,90,90,79,105,100,96,108,99,109,159,102,80",
                        "endOffsets": "420,524,631,718,818,938,1016,1093,1184,1277,1372,1466,1566,1659,1754,1848,1939,2030,2110,2216,2317,2414,2523,2623,2733,2893,2996,12068"
                    }
                },
                {
                    "source": "C:\\Users\\Rossiny\\.gradle\\caches\\8.11.1\\transforms\\32c23f03b9bc5089aa0411e4a74fc937\\transformed\\play-services-basement-18.1.0\\res\\values-gu\\values.xml",
                    "from": {
                        "startLines": "4",
                        "startColumns": "0",
                        "startOffsets": "195",
                        "endColumns": "142",
                        "endOffsets": "337"
                    },
                    "to": {
                        "startLines": "56",
                        "startColumns": "4",
                        "startOffsets": "5436",
                        "endColumns": "146",
                        "endOffsets": "5578"
                    }
                }
            ]
        }
    ]
}