<?xml version="1.0" encoding="utf-8"?>
<resources>
    <string name="default_web_client_id" translatable="false">1089459035145-d55o1h307gaedp4v03cuchr6s6nn2lhg.apps.googleusercontent.com</string>
    <string name="gcm_defaultSenderId" translatable="false">1089459035145</string>
    <string name="google_api_key" translatable="false">AIzaSyDb2s1PsqfZMQCswQMj2tmcV_e6DMSv0i4</string>
    <string name="google_app_id" translatable="false">1:1089459035145:android:2d3b94222b1506a844acd8</string>
    <string name="google_crash_reporting_api_key" translatable="false">AIzaSyDb2s1PsqfZMQCswQMj2tmcV_e6DMSv0i4</string>
    <string name="google_storage_bucket" translatable="false">gestaobilhares.firebasestorage.app</string>
    <string name="project_id" translatable="false">gestaobilhares</string>
</resources>
