{
    "logs": [
        {
            "outputFile": "com.example.gestaobilhares.app-mergeDebugResources-54:/values-sk/values-sk.xml",
            "map": [
                {
                    "source": "C:\\Users\\Rossiny\\.gradle\\caches\\8.11.1\\transforms\\32c23f03b9bc5089aa0411e4a74fc937\\transformed\\play-services-basement-18.1.0\\res\\values-sk\\values.xml",
                    "from": {
                        "startLines": "4",
                        "startColumns": "0",
                        "startOffsets": "195",
                        "endColumns": "134",
                        "endOffsets": "329"
                    },
                    "to": {
                        "startLines": "58",
                        "startColumns": "4",
                        "startOffsets": "5580",
                        "endColumns": "138",
                        "endOffsets": "5714"
                    }
                },
                {
                    "source": "C:\\Users\\Rossiny\\.gradle\\caches\\8.11.1\\transforms\\867aaaf1f78e7a3227d23380526b5f5a\\transformed\\core-1.12.0\\res\\values-sk\\values-sk.xml",
                    "from": {
                        "startLines": "2,3,4,5,6,7,8,9",
                        "startColumns": "4,4,4,4,4,4,4,4",
                        "startOffsets": "55,151,253,354,452,562,670,792",
                        "endColumns": "95,101,100,97,109,107,121,100",
                        "endOffsets": "146,248,349,447,557,665,787,888"
                    },
                    "to": {
                        "startLines": "40,41,42,43,44,45,46,135",
                        "startColumns": "4,4,4,4,4,4,4,4",
                        "startOffsets": "3543,3639,3741,3842,3940,4050,4158,12339",
                        "endColumns": "95,101,100,97,109,107,121,100",
                        "endOffsets": "3634,3736,3837,3935,4045,4153,4275,12435"
                    }
                },
                {
                    "source": "C:\\Users\\Rossiny\\.gradle\\caches\\8.11.1\\transforms\\24cf04f1c368f48d45221aeab28b1507\\transformed\\appcompat-1.6.1\\res\\values-sk\\values-sk.xml",
                    "from": {
                        "startLines": "2,3,4,5,6,7,8,9,10,11,12,13,14,15,16,17,18,19,20,21,22,23,24,25,26,27,28,29",
                        "startColumns": "4,4,4,4,4,4,4,4,4,4,4,4,4,4,4,4,4,4,4,4,4,4,4,4,4,4,4,4",
                        "startOffsets": "105,212,313,424,510,618,736,815,892,983,1076,1174,1268,1368,1461,1556,1654,1745,1836,1920,2025,2133,2232,2338,2450,2553,2719,2817",
                        "endColumns": "106,100,110,85,107,117,78,76,90,92,97,93,99,92,94,97,90,90,83,104,107,98,105,111,102,165,97,82",
                        "endOffsets": "207,308,419,505,613,731,810,887,978,1071,1169,1263,1363,1456,1551,1649,1740,1831,1915,2020,2128,2227,2333,2445,2548,2714,2812,2895"
                    },
                    "to": {
                        "startLines": "8,9,10,11,12,13,14,15,16,17,18,19,20,21,22,23,24,25,26,27,28,29,30,31,32,33,34,134",
                        "startColumns": "4,4,4,4,4,4,4,4,4,4,4,4,4,4,4,4,4,4,4,4,4,4,4,4,4,4,4,4",
                        "startOffsets": "428,535,636,747,833,941,1059,1138,1215,1306,1399,1497,1591,1691,1784,1879,1977,2068,2159,2243,2348,2456,2555,2661,2773,2876,3042,12256",
                        "endColumns": "106,100,110,85,107,117,78,76,90,92,97,93,99,92,94,97,90,90,83,104,107,98,105,111,102,165,97,82",
                        "endOffsets": "530,631,742,828,936,1054,1133,1210,1301,1394,1492,1586,1686,1779,1874,1972,2063,2154,2238,2343,2451,2550,2656,2768,2871,3037,3135,12334"
                    }
                },
                {
                    "source": "C:\\Users\\Rossiny\\.gradle\\caches\\8.11.1\\transforms\\53fd8897bc60734811156c448f1132c3\\transformed\\play-services-base-18.0.1\\res\\values-sk\\values.xml",
                    "from": {
                        "startLines": "4,5,6,7,8,9,10,11,12,13,14,15,16,17,18,19,20",
                        "startColumns": "0,0,0,0,0,0,0,0,0,0,0,0,0,0,0,0,0",
                        "startOffsets": "193,295,451,571,677,829,953,1062,1160,1325,1432,1598,1724,1883,2043,2107,2170",
                        "endColumns": "101,155,119,105,151,123,108,97,164,106,165,125,158,159,63,62,82",
                        "endOffsets": "294,450,570,676,828,952,1061,1159,1324,1431,1597,1723,1882,2042,2106,2169,2252"
                    },
                    "to": {
                        "startLines": "50,51,52,53,54,55,56,57,59,60,61,62,63,64,65,66,67",
                        "startColumns": "4,4,4,4,4,4,4,4,4,4,4,4,4,4,4,4,4",
                        "startOffsets": "4581,4687,4847,4971,5081,5237,5365,5478,5719,5888,5999,6169,6299,6462,6626,6694,6761",
                        "endColumns": "105,159,123,109,155,127,112,101,168,110,169,129,162,163,67,66,86",
                        "endOffsets": "4682,4842,4966,5076,5232,5360,5473,5575,5883,5994,6164,6294,6457,6621,6689,6756,6843"
                    }
                },
                {
                    "source": "C:\\Users\\Rossiny\\.gradle\\caches\\8.11.1\\transforms\\2a8d5256ce170b432872fd22c2ddcad4\\transformed\\browser-1.4.0\\res\\values-sk\\values-sk.xml",
                    "from": {
                        "startLines": "2,3,4,5",
                        "startColumns": "4,4,4,4",
                        "startOffsets": "55,162,265,380",
                        "endColumns": "106,102,114,101",
                        "endOffsets": "157,260,375,477"
                    },
                    "to": {
                        "startLines": "68,71,72,73",
                        "startColumns": "4,4,4,4",
                        "startOffsets": "6848,7119,7222,7337",
                        "endColumns": "106,102,114,101",
                        "endOffsets": "6950,7217,7332,7434"
                    }
                },
                {
                    "source": "C:\\Users\\Rossiny\\.gradle\\caches\\8.11.1\\transforms\\268fa8e90592b8e67e6e81b04c1efb6d\\transformed\\material-1.11.0\\res\\values-sk\\values-sk.xml",
                    "from": {
                        "startLines": "2,8,9,10,11,12,13,14,15,16,17,18,19,20,21,22,23,24,25,26,27,28,29,30,31,32,33,34,35,36,37,38,39,40,41,42,43,44,45,46,47,48,49,50,51,52,53,54,55,56,57,58,59,60,61,62,63,64,65,66,67,68,69,70,71,72,73,74,75",
                        "startColumns": "4,4,4,4,4,4,4,4,4,4,4,4,4,4,4,4,4,4,4,4,4,4,4,4,4,4,4,4,4,4,4,4,4,4,4,4,4,4,4,4,4,4,4,4,4,4,4,4,4,4,4,4,4,4,4,4,4,4,4,4,4,4,4,4,4,4,4,4,4",
                        "startOffsets": "100,378,453,528,606,698,781,873,1001,1082,1147,1246,1322,1387,1477,1541,1607,1661,1730,1790,1844,1961,2021,2083,2137,2209,2339,2426,2518,2657,2726,2804,2935,3023,3103,3157,3208,3274,3346,3423,3506,3588,3660,3737,3810,3881,3986,4074,4146,4238,4334,4408,4482,4578,4630,4712,4779,4866,4953,5015,5079,5142,5210,5316,5423,5521,5638,5696,5751",
                        "endLines": "7,8,9,10,11,12,13,14,15,16,17,18,19,20,21,22,23,24,25,26,27,28,29,30,31,32,33,34,35,36,37,38,39,40,41,42,43,44,45,46,47,48,49,50,51,52,53,54,55,56,57,58,59,60,61,62,63,64,65,66,67,68,69,70,71,72,73,74,75",
                        "endColumns": "12,74,74,77,91,82,91,127,80,64,98,75,64,89,63,65,53,68,59,53,116,59,61,53,71,129,86,91,138,68,77,130,87,79,53,50,65,71,76,82,81,71,76,72,70,104,87,71,91,95,73,73,95,51,81,66,86,86,61,63,62,67,105,106,97,116,57,54,78",
                        "endOffsets": "373,448,523,601,693,776,868,996,1077,1142,1241,1317,1382,1472,1536,1602,1656,1725,1785,1839,1956,2016,2078,2132,2204,2334,2421,2513,2652,2721,2799,2930,3018,3098,3152,3203,3269,3341,3418,3501,3583,3655,3732,3805,3876,3981,4069,4141,4233,4329,4403,4477,4573,4625,4707,4774,4861,4948,5010,5074,5137,5205,5311,5418,5516,5633,5691,5746,5825"
                    },
                    "to": {
                        "startLines": "2,35,36,37,38,39,47,48,49,69,70,74,75,76,77,78,79,80,81,82,83,84,85,86,87,88,89,90,91,92,93,94,95,96,97,98,99,100,101,102,103,104,105,106,107,108,109,110,111,112,113,114,115,116,117,118,119,120,121,122,123,124,125,126,127,128,129,130,133",
                        "startColumns": "4,4,4,4,4,4,4,4,4,4,4,4,4,4,4,4,4,4,4,4,4,4,4,4,4,4,4,4,4,4,4,4,4,4,4,4,4,4,4,4,4,4,4,4,4,4,4,4,4,4,4,4,4,4,4,4,4,4,4,4,4,4,4,4,4,4,4,4,4",
                        "startOffsets": "150,3140,3215,3290,3368,3460,4280,4372,4500,6955,7020,7439,7515,7580,7670,7734,7800,7854,7923,7983,8037,8154,8214,8276,8330,8402,8532,8619,8711,8850,8919,8997,9128,9216,9296,9350,9401,9467,9539,9616,9699,9781,9853,9930,10003,10074,10179,10267,10339,10431,10527,10601,10675,10771,10823,10905,10972,11059,11146,11208,11272,11335,11403,11509,11616,11714,11831,11889,12177",
                        "endLines": "7,35,36,37,38,39,47,48,49,69,70,74,75,76,77,78,79,80,81,82,83,84,85,86,87,88,89,90,91,92,93,94,95,96,97,98,99,100,101,102,103,104,105,106,107,108,109,110,111,112,113,114,115,116,117,118,119,120,121,122,123,124,125,126,127,128,129,130,133",
                        "endColumns": "12,74,74,77,91,82,91,127,80,64,98,75,64,89,63,65,53,68,59,53,116,59,61,53,71,129,86,91,138,68,77,130,87,79,53,50,65,71,76,82,81,71,76,72,70,104,87,71,91,95,73,73,95,51,81,66,86,86,61,63,62,67,105,106,97,116,57,54,78",
                        "endOffsets": "423,3210,3285,3363,3455,3538,4367,4495,4576,7015,7114,7510,7575,7665,7729,7795,7849,7918,7978,8032,8149,8209,8271,8325,8397,8527,8614,8706,8845,8914,8992,9123,9211,9291,9345,9396,9462,9534,9611,9694,9776,9848,9925,9998,10069,10174,10262,10334,10426,10522,10596,10670,10766,10818,10900,10967,11054,11141,11203,11267,11330,11398,11504,11611,11709,11826,11884,11939,12251"
                    }
                },
                {
                    "source": "C:\\Users\\Rossiny\\.gradle\\caches\\8.11.1\\transforms\\172021296054a48350991195601bb89c\\transformed\\navigation-ui-2.7.7\\res\\values-sk\\values-sk.xml",
                    "from": {
                        "startLines": "2,3",
                        "startColumns": "4,4",
                        "startOffsets": "55,161",
                        "endColumns": "105,126",
                        "endOffsets": "156,283"
                    },
                    "to": {
                        "startLines": "131,132",
                        "startColumns": "4,4",
                        "startOffsets": "11944,12050",
                        "endColumns": "105,126",
                        "endOffsets": "12045,12172"
                    }
                }
            ]
        }
    ]
}