{
    "logs": [
        {
            "outputFile": "com.example.gestaobilhares.app-mergeDebugResources-54:/values-ky/values-ky.xml",
            "map": [
                {
                    "source": "C:\\Users\\Rossiny\\.gradle\\caches\\8.11.1\\transforms\\53fd8897bc60734811156c448f1132c3\\transformed\\play-services-base-18.0.1\\res\\values-ky\\values.xml",
                    "from": {
                        "startLines": "4,5,6,7,8,9,10,11,12,13,14,15,16,17,18,19,20",
                        "startColumns": "0,0,0,0,0,0,0,0,0,0,0,0,0,0,0,0,0",
                        "startOffsets": "193,295,440,565,668,809,932,1043,1148,1313,1416,1562,1688,1821,1984,2044,2100",
                        "endColumns": "101,144,124,102,140,122,110,104,164,102,145,125,132,162,59,55,73",
                        "endOffsets": "294,439,564,667,808,931,1042,1147,1312,1415,1561,1687,1820,1983,2043,2099,2173"
                    },
                    "to": {
                        "startLines": "48,49,50,51,52,53,54,55,57,58,59,60,61,62,63,64,65",
                        "startColumns": "4,4,4,4,4,4,4,4,4,4,4,4,4,4,4,4,4",
                        "startOffsets": "4562,4668,4817,4946,5053,5198,5325,5440,5707,5876,5983,6133,6263,6400,6567,6631,6691",
                        "endColumns": "105,148,128,106,144,126,114,108,168,106,149,129,136,166,63,59,77",
                        "endOffsets": "4663,4812,4941,5048,5193,5320,5435,5544,5871,5978,6128,6258,6395,6562,6626,6686,6764"
                    }
                },
                {
                    "source": "C:\\Users\\Rossiny\\.gradle\\caches\\8.11.1\\transforms\\867aaaf1f78e7a3227d23380526b5f5a\\transformed\\core-1.12.0\\res\\values-ky\\values-ky.xml",
                    "from": {
                        "startLines": "2,3,4,5,6,7,8,9",
                        "startColumns": "4,4,4,4,4,4,4,4",
                        "startOffsets": "55,155,257,360,467,571,675,786",
                        "endColumns": "99,101,102,106,103,103,110,100",
                        "endOffsets": "150,252,355,462,566,670,781,882"
                    },
                    "to": {
                        "startLines": "38,39,40,41,42,43,44,133",
                        "startColumns": "4,4,4,4,4,4,4,4",
                        "startOffsets": "3505,3605,3707,3810,3917,4021,4125,12272",
                        "endColumns": "99,101,102,106,103,103,110,100",
                        "endOffsets": "3600,3702,3805,3912,4016,4120,4231,12368"
                    }
                },
                {
                    "source": "C:\\Users\\Rossiny\\.gradle\\caches\\8.11.1\\transforms\\2a8d5256ce170b432872fd22c2ddcad4\\transformed\\browser-1.4.0\\res\\values-ky\\values-ky.xml",
                    "from": {
                        "startLines": "2,3,4,5",
                        "startColumns": "4,4,4,4",
                        "startOffsets": "55,154,259,368",
                        "endColumns": "98,104,108,105",
                        "endOffsets": "149,254,363,469"
                    },
                    "to": {
                        "startLines": "66,69,70,71",
                        "startColumns": "4,4,4,4",
                        "startOffsets": "6769,7026,7131,7240",
                        "endColumns": "98,104,108,105",
                        "endOffsets": "6863,7126,7235,7341"
                    }
                },
                {
                    "source": "C:\\Users\\Rossiny\\.gradle\\caches\\8.11.1\\transforms\\24cf04f1c368f48d45221aeab28b1507\\transformed\\appcompat-1.6.1\\res\\values-ky\\values-ky.xml",
                    "from": {
                        "startLines": "2,3,4,5,6,7,8,9,10,11,12,13,14,15,16,17,18,19,20,21,22,23,24,25,26,27,28,29",
                        "startColumns": "4,4,4,4,4,4,4,4,4,4,4,4,4,4,4,4,4,4,4,4,4,4,4,4,4,4,4,4",
                        "startOffsets": "105,216,325,437,522,627,744,823,901,992,1085,1180,1274,1374,1467,1562,1657,1748,1839,1920,2026,2131,2229,2336,2439,2554,2715,2817",
                        "endColumns": "110,108,111,84,104,116,78,77,90,92,94,93,99,92,94,94,90,90,80,105,104,97,106,102,114,160,101,81",
                        "endOffsets": "211,320,432,517,622,739,818,896,987,1080,1175,1269,1369,1462,1557,1652,1743,1834,1915,2021,2126,2224,2331,2434,2549,2710,2812,2894"
                    },
                    "to": {
                        "startLines": "6,7,8,9,10,11,12,13,14,15,16,17,18,19,20,21,22,23,24,25,26,27,28,29,30,31,32,132",
                        "startColumns": "4,4,4,4,4,4,4,4,4,4,4,4,4,4,4,4,4,4,4,4,4,4,4,4,4,4,4,4",
                        "startOffsets": "315,426,535,647,732,837,954,1033,1111,1202,1295,1390,1484,1584,1677,1772,1867,1958,2049,2130,2236,2341,2439,2546,2649,2764,2925,12190",
                        "endColumns": "110,108,111,84,104,116,78,77,90,92,94,93,99,92,94,94,90,90,80,105,104,97,106,102,114,160,101,81",
                        "endOffsets": "421,530,642,727,832,949,1028,1106,1197,1290,1385,1479,1579,1672,1767,1862,1953,2044,2125,2231,2336,2434,2541,2644,2759,2920,3022,12267"
                    }
                },
                {
                    "source": "C:\\Users\\Rossiny\\.gradle\\caches\\8.11.1\\transforms\\32c23f03b9bc5089aa0411e4a74fc937\\transformed\\play-services-basement-18.1.0\\res\\values-ky\\values.xml",
                    "from": {
                        "startLines": "4",
                        "startColumns": "0",
                        "startOffsets": "195",
                        "endColumns": "153",
                        "endOffsets": "348"
                    },
                    "to": {
                        "startLines": "56",
                        "startColumns": "4",
                        "startOffsets": "5549",
                        "endColumns": "157",
                        "endOffsets": "5702"
                    }
                },
                {
                    "source": "C:\\Users\\Rossiny\\.gradle\\caches\\8.11.1\\transforms\\172021296054a48350991195601bb89c\\transformed\\navigation-ui-2.7.7\\res\\values-ky\\values-ky.xml",
                    "from": {
                        "startLines": "2,3",
                        "startColumns": "4,4",
                        "startOffsets": "55,165",
                        "endColumns": "109,117",
                        "endOffsets": "160,278"
                    },
                    "to": {
                        "startLines": "129,130",
                        "startColumns": "4,4",
                        "startOffsets": "11880,11990",
                        "endColumns": "109,117",
                        "endOffsets": "11985,12103"
                    }
                },
                {
                    "source": "C:\\Users\\Rossiny\\.gradle\\caches\\8.11.1\\transforms\\268fa8e90592b8e67e6e81b04c1efb6d\\transformed\\material-1.11.0\\res\\values-ky\\values-ky.xml",
                    "from": {
                        "startLines": "2,6,7,8,9,10,11,12,13,14,15,16,17,18,19,20,21,22,23,24,25,26,27,28,29,30,31,32,33,34,35,36,37,38,39,40,41,42,43,44,45,46,47,48,49,50,51,52,53,54,55,56,57,58,59,60,61,62,63,64,65,66,67,68,69,70,71,72,73",
                        "startColumns": "4,4,4,4,4,4,4,4,4,4,4,4,4,4,4,4,4,4,4,4,4,4,4,4,4,4,4,4,4,4,4,4,4,4,4,4,4,4,4,4,4,4,4,4,4,4,4,4,4,4,4,4,4,4,4,4,4,4,4,4,4,4,4,4,4,4,4,4,4",
                        "startOffsets": "100,265,348,433,518,633,743,844,985,1069,1133,1227,1297,1358,1445,1508,1572,1631,1705,1767,1821,1938,1996,2057,2111,2185,2307,2391,2487,2619,2697,2775,2904,2993,3073,3134,3189,3255,3324,3401,3488,3569,3643,3719,3809,3882,3984,4069,4148,4238,4330,4404,4489,4579,4631,4715,4780,4865,4950,5012,5076,5139,5208,5325,5433,5533,5637,5702,5761",
                        "endLines": "5,6,7,8,9,10,11,12,13,14,15,16,17,18,19,20,21,22,23,24,25,26,27,28,29,30,31,32,33,34,35,36,37,38,39,40,41,42,43,44,45,46,47,48,49,50,51,52,53,54,55,56,57,58,59,60,61,62,63,64,65,66,67,68,69,70,71,72,73",
                        "endColumns": "12,82,84,84,114,109,100,140,83,63,93,69,60,86,62,63,58,73,61,53,116,57,60,53,73,121,83,95,131,77,77,128,88,79,60,54,65,68,76,86,80,73,75,89,72,101,84,78,89,91,73,84,89,51,83,64,84,84,61,63,62,68,116,107,99,103,64,58,81",
                        "endOffsets": "260,343,428,513,628,738,839,980,1064,1128,1222,1292,1353,1440,1503,1567,1626,1700,1762,1816,1933,1991,2052,2106,2180,2302,2386,2482,2614,2692,2770,2899,2988,3068,3129,3184,3250,3319,3396,3483,3564,3638,3714,3804,3877,3979,4064,4143,4233,4325,4399,4484,4574,4626,4710,4775,4860,4945,5007,5071,5134,5203,5320,5428,5528,5632,5697,5756,5838"
                    },
                    "to": {
                        "startLines": "2,33,34,35,36,37,45,46,47,67,68,72,73,74,75,76,77,78,79,80,81,82,83,84,85,86,87,88,89,90,91,92,93,94,95,96,97,98,99,100,101,102,103,104,105,106,107,108,109,110,111,112,113,114,115,116,117,118,119,120,121,122,123,124,125,126,127,128,131",
                        "startColumns": "4,4,4,4,4,4,4,4,4,4,4,4,4,4,4,4,4,4,4,4,4,4,4,4,4,4,4,4,4,4,4,4,4,4,4,4,4,4,4,4,4,4,4,4,4,4,4,4,4,4,4,4,4,4,4,4,4,4,4,4,4,4,4,4,4,4,4,4,4",
                        "startOffsets": "150,3027,3110,3195,3280,3395,4236,4337,4478,6868,6932,7346,7416,7477,7564,7627,7691,7750,7824,7886,7940,8057,8115,8176,8230,8304,8426,8510,8606,8738,8816,8894,9023,9112,9192,9253,9308,9374,9443,9520,9607,9688,9762,9838,9928,10001,10103,10188,10267,10357,10449,10523,10608,10698,10750,10834,10899,10984,11069,11131,11195,11258,11327,11444,11552,11652,11756,11821,12108",
                        "endLines": "5,33,34,35,36,37,45,46,47,67,68,72,73,74,75,76,77,78,79,80,81,82,83,84,85,86,87,88,89,90,91,92,93,94,95,96,97,98,99,100,101,102,103,104,105,106,107,108,109,110,111,112,113,114,115,116,117,118,119,120,121,122,123,124,125,126,127,128,131",
                        "endColumns": "12,82,84,84,114,109,100,140,83,63,93,69,60,86,62,63,58,73,61,53,116,57,60,53,73,121,83,95,131,77,77,128,88,79,60,54,65,68,76,86,80,73,75,89,72,101,84,78,89,91,73,84,89,51,83,64,84,84,61,63,62,68,116,107,99,103,64,58,81",
                        "endOffsets": "310,3105,3190,3275,3390,3500,4332,4473,4557,6927,7021,7411,7472,7559,7622,7686,7745,7819,7881,7935,8052,8110,8171,8225,8299,8421,8505,8601,8733,8811,8889,9018,9107,9187,9248,9303,9369,9438,9515,9602,9683,9757,9833,9923,9996,10098,10183,10262,10352,10444,10518,10603,10693,10745,10829,10894,10979,11064,11126,11190,11253,11322,11439,11547,11647,11751,11816,11875,12185"
                    }
                }
            ]
        }
    ]
}