{
    "logs": [
        {
            "outputFile": "com.example.gestaobilhares.app-mergeDebugResources-54:/values-si/values-si.xml",
            "map": [
                {
                    "source": "C:\\Users\\Rossiny\\.gradle\\caches\\8.11.1\\transforms\\867aaaf1f78e7a3227d23380526b5f5a\\transformed\\core-1.12.0\\res\\values-si\\values-si.xml",
                    "from": {
                        "startLines": "2,3,4,5,6,7,8,9",
                        "startColumns": "4,4,4,4,4,4,4,4",
                        "startOffsets": "55,157,260,365,470,569,673,787",
                        "endColumns": "101,102,104,104,98,103,113,100",
                        "endOffsets": "152,255,360,465,564,668,782,883"
                    },
                    "to": {
                        "startLines": "38,39,40,41,42,43,44,133",
                        "startColumns": "4,4,4,4,4,4,4,4",
                        "startOffsets": "3442,3544,3647,3752,3857,3956,4060,12098",
                        "endColumns": "101,102,104,104,98,103,113,100",
                        "endOffsets": "3539,3642,3747,3852,3951,4055,4169,12194"
                    }
                },
                {
                    "source": "C:\\Users\\Rossiny\\.gradle\\caches\\8.11.1\\transforms\\2a8d5256ce170b432872fd22c2ddcad4\\transformed\\browser-1.4.0\\res\\values-si\\values-si.xml",
                    "from": {
                        "startLines": "2,3,4,5",
                        "startColumns": "4,4,4,4",
                        "startOffsets": "55,163,270,386",
                        "endColumns": "107,106,115,104",
                        "endOffsets": "158,265,381,486"
                    },
                    "to": {
                        "startLines": "66,69,70,71",
                        "startColumns": "4,4,4,4",
                        "startOffsets": "6664,6925,7032,7148",
                        "endColumns": "107,106,115,104",
                        "endOffsets": "6767,7027,7143,7248"
                    }
                },
                {
                    "source": "C:\\Users\\Rossiny\\.gradle\\caches\\8.11.1\\transforms\\172021296054a48350991195601bb89c\\transformed\\navigation-ui-2.7.7\\res\\values-si\\values-si.xml",
                    "from": {
                        "startLines": "2,3",
                        "startColumns": "4,4",
                        "startOffsets": "55,166",
                        "endColumns": "110,116",
                        "endOffsets": "161,278"
                    },
                    "to": {
                        "startLines": "129,130",
                        "startColumns": "4,4",
                        "startOffsets": "11708,11819",
                        "endColumns": "110,116",
                        "endOffsets": "11814,11931"
                    }
                },
                {
                    "source": "C:\\Users\\Rossiny\\.gradle\\caches\\8.11.1\\transforms\\32c23f03b9bc5089aa0411e4a74fc937\\transformed\\play-services-basement-18.1.0\\res\\values-si\\values.xml",
                    "from": {
                        "startLines": "4",
                        "startColumns": "0",
                        "startOffsets": "195",
                        "endColumns": "134",
                        "endOffsets": "329"
                    },
                    "to": {
                        "startLines": "56",
                        "startColumns": "4",
                        "startOffsets": "5453",
                        "endColumns": "138",
                        "endOffsets": "5587"
                    }
                },
                {
                    "source": "C:\\Users\\Rossiny\\.gradle\\caches\\8.11.1\\transforms\\53fd8897bc60734811156c448f1132c3\\transformed\\play-services-base-18.0.1\\res\\values-si\\values.xml",
                    "from": {
                        "startLines": "4,5,6,7,8,9,10,11,12,13,14,15,16,17,18,19,20",
                        "startColumns": "0,0,0,0,0,0,0,0,0,0,0,0,0,0,0,0,0",
                        "startOffsets": "193,297,447,567,676,814,934,1046,1140,1287,1398,1550,1677,1817,1974,2043,2100",
                        "endColumns": "103,149,119,108,137,119,111,93,146,110,151,126,139,156,68,56,75",
                        "endOffsets": "296,446,566,675,813,933,1045,1139,1286,1397,1549,1676,1816,1973,2042,2099,2175"
                    },
                    "to": {
                        "startLines": "48,49,50,51,52,53,54,55,57,58,59,60,61,62,63,64,65",
                        "startColumns": "4,4,4,4,4,4,4,4,4,4,4,4,4,4,4,4,4",
                        "startOffsets": "4474,4582,4736,4860,4973,5115,5239,5355,5592,5743,5858,6014,6145,6289,6450,6523,6584",
                        "endColumns": "107,153,123,112,141,123,115,97,150,114,155,130,143,160,72,60,79",
                        "endOffsets": "4577,4731,4855,4968,5110,5234,5350,5448,5738,5853,6009,6140,6284,6445,6518,6579,6659"
                    }
                },
                {
                    "source": "C:\\Users\\Rossiny\\.gradle\\caches\\8.11.1\\transforms\\268fa8e90592b8e67e6e81b04c1efb6d\\transformed\\material-1.11.0\\res\\values-si\\values-si.xml",
                    "from": {
                        "startLines": "2,6,7,8,9,10,11,12,13,14,15,16,17,18,19,20,21,22,23,24,25,26,27,28,29,30,31,32,33,34,35,36,37,38,39,40,41,42,43,44,45,46,47,48,49,50,51,52,53,54,55,56,57,58,59,60,61,62,63,64,65,66,67,68,69,70,71,72,73",
                        "startColumns": "4,4,4,4,4,4,4,4,4,4,4,4,4,4,4,4,4,4,4,4,4,4,4,4,4,4,4,4,4,4,4,4,4,4,4,4,4,4,4,4,4,4,4,4,4,4,4,4,4,4,4,4,4,4,4,4,4,4,4,4,4,4,4,4,4,4,4,4,4",
                        "startOffsets": "100,269,345,422,500,591,676,778,893,976,1040,1129,1196,1256,1350,1414,1477,1533,1603,1670,1725,1844,1901,1965,2019,2092,2214,2297,2382,2514,2592,2672,2794,2880,2964,3024,3076,3142,3212,3285,3367,3444,3516,3593,3665,3735,3848,3941,4014,4104,4197,4271,4343,4434,4488,4568,4634,4718,4803,4865,4929,4992,5058,5163,5268,5363,5464,5528,5584",
                        "endLines": "5,6,7,8,9,10,11,12,13,14,15,16,17,18,19,20,21,22,23,24,25,26,27,28,29,30,31,32,33,34,35,36,37,38,39,40,41,42,43,44,45,46,47,48,49,50,51,52,53,54,55,56,57,58,59,60,61,62,63,64,65,66,67,68,69,70,71,72,73",
                        "endColumns": "12,75,76,77,90,84,101,114,82,63,88,66,59,93,63,62,55,69,66,54,118,56,63,53,72,121,82,84,131,77,79,121,85,83,59,51,65,69,72,81,76,71,76,71,69,112,92,72,89,92,73,71,90,53,79,65,83,84,61,63,62,65,104,104,94,100,63,55,79",
                        "endOffsets": "264,340,417,495,586,671,773,888,971,1035,1124,1191,1251,1345,1409,1472,1528,1598,1665,1720,1839,1896,1960,2014,2087,2209,2292,2377,2509,2587,2667,2789,2875,2959,3019,3071,3137,3207,3280,3362,3439,3511,3588,3660,3730,3843,3936,4009,4099,4192,4266,4338,4429,4483,4563,4629,4713,4798,4860,4924,4987,5053,5158,5263,5358,5459,5523,5579,5659"
                    },
                    "to": {
                        "startLines": "2,33,34,35,36,37,45,46,47,67,68,72,73,74,75,76,77,78,79,80,81,82,83,84,85,86,87,88,89,90,91,92,93,94,95,96,97,98,99,100,101,102,103,104,105,106,107,108,109,110,111,112,113,114,115,116,117,118,119,120,121,122,123,124,125,126,127,128,131",
                        "startColumns": "4,4,4,4,4,4,4,4,4,4,4,4,4,4,4,4,4,4,4,4,4,4,4,4,4,4,4,4,4,4,4,4,4,4,4,4,4,4,4,4,4,4,4,4,4,4,4,4,4,4,4,4,4,4,4,4,4,4,4,4,4,4,4,4,4,4,4,4,4",
                        "startOffsets": "150,3035,3111,3188,3266,3357,4174,4276,4391,6772,6836,7253,7320,7380,7474,7538,7601,7657,7727,7794,7849,7968,8025,8089,8143,8216,8338,8421,8506,8638,8716,8796,8918,9004,9088,9148,9200,9266,9336,9409,9491,9568,9640,9717,9789,9859,9972,10065,10138,10228,10321,10395,10467,10558,10612,10692,10758,10842,10927,10989,11053,11116,11182,11287,11392,11487,11588,11652,11936",
                        "endLines": "5,33,34,35,36,37,45,46,47,67,68,72,73,74,75,76,77,78,79,80,81,82,83,84,85,86,87,88,89,90,91,92,93,94,95,96,97,98,99,100,101,102,103,104,105,106,107,108,109,110,111,112,113,114,115,116,117,118,119,120,121,122,123,124,125,126,127,128,131",
                        "endColumns": "12,75,76,77,90,84,101,114,82,63,88,66,59,93,63,62,55,69,66,54,118,56,63,53,72,121,82,84,131,77,79,121,85,83,59,51,65,69,72,81,76,71,76,71,69,112,92,72,89,92,73,71,90,53,79,65,83,84,61,63,62,65,104,104,94,100,63,55,79",
                        "endOffsets": "314,3106,3183,3261,3352,3437,4271,4386,4469,6831,6920,7315,7375,7469,7533,7596,7652,7722,7789,7844,7963,8020,8084,8138,8211,8333,8416,8501,8633,8711,8791,8913,8999,9083,9143,9195,9261,9331,9404,9486,9563,9635,9712,9784,9854,9967,10060,10133,10223,10316,10390,10462,10553,10607,10687,10753,10837,10922,10984,11048,11111,11177,11282,11387,11482,11583,11647,11703,12011"
                    }
                },
                {
                    "source": "C:\\Users\\Rossiny\\.gradle\\caches\\8.11.1\\transforms\\24cf04f1c368f48d45221aeab28b1507\\transformed\\appcompat-1.6.1\\res\\values-si\\values-si.xml",
                    "from": {
                        "startLines": "2,3,4,5,6,7,8,9,10,11,12,13,14,15,16,17,18,19,20,21,22,23,24,25,26,27,28,29",
                        "startColumns": "4,4,4,4,4,4,4,4,4,4,4,4,4,4,4,4,4,4,4,4,4,4,4,4,4,4,4,4",
                        "startOffsets": "105,221,328,435,518,623,739,829,915,1006,1099,1193,1287,1387,1480,1575,1669,1760,1851,1935,2044,2148,2246,2356,2456,2563,2722,2821",
                        "endColumns": "115,106,106,82,104,115,89,85,90,92,93,93,99,92,94,93,90,90,83,108,103,97,109,99,106,158,98,81",
                        "endOffsets": "216,323,430,513,618,734,824,910,1001,1094,1188,1282,1382,1475,1570,1664,1755,1846,1930,2039,2143,2241,2351,2451,2558,2717,2816,2898"
                    },
                    "to": {
                        "startLines": "6,7,8,9,10,11,12,13,14,15,16,17,18,19,20,21,22,23,24,25,26,27,28,29,30,31,32,132",
                        "startColumns": "4,4,4,4,4,4,4,4,4,4,4,4,4,4,4,4,4,4,4,4,4,4,4,4,4,4,4,4",
                        "startOffsets": "319,435,542,649,732,837,953,1043,1129,1220,1313,1407,1501,1601,1694,1789,1883,1974,2065,2149,2258,2362,2460,2570,2670,2777,2936,12016",
                        "endColumns": "115,106,106,82,104,115,89,85,90,92,93,93,99,92,94,93,90,90,83,108,103,97,109,99,106,158,98,81",
                        "endOffsets": "430,537,644,727,832,948,1038,1124,1215,1308,1402,1496,1596,1689,1784,1878,1969,2060,2144,2253,2357,2455,2565,2665,2772,2931,3030,12093"
                    }
                }
            ]
        }
    ]
}