{
    "logs": [
        {
            "outputFile": "com.example.gestaobilhares.app-mergeDebugResources-54:/values-pl/values-pl.xml",
            "map": [
                {
                    "source": "C:\\Users\\Rossiny\\.gradle\\caches\\8.11.1\\transforms\\867aaaf1f78e7a3227d23380526b5f5a\\transformed\\core-1.12.0\\res\\values-pl\\values-pl.xml",
                    "from": {
                        "startLines": "2,3,4,5,6,7,8,9",
                        "startColumns": "4,4,4,4,4,4,4,4",
                        "startOffsets": "55,152,254,352,451,565,670,792",
                        "endColumns": "96,101,97,98,113,104,121,100",
                        "endOffsets": "147,249,347,446,560,665,787,888"
                    },
                    "to": {
                        "startLines": "40,41,42,43,44,45,46,135",
                        "startColumns": "4,4,4,4,4,4,4,4",
                        "startOffsets": "3576,3673,3775,3873,3972,4086,4191,12365",
                        "endColumns": "96,101,97,98,113,104,121,100",
                        "endOffsets": "3668,3770,3868,3967,4081,4186,4308,12461"
                    }
                },
                {
                    "source": "C:\\Users\\Rossiny\\.gradle\\caches\\8.11.1\\transforms\\53fd8897bc60734811156c448f1132c3\\transformed\\play-services-base-18.0.1\\res\\values-pl\\values.xml",
                    "from": {
                        "startLines": "4,5,6,7,8,9,10,11,12,13,14,15,16,17,18,19,20",
                        "startColumns": "0,0,0,0,0,0,0,0,0,0,0,0,0,0,0,0,0",
                        "startOffsets": "193,293,457,575,681,828,949,1056,1151,1318,1423,1594,1718,1873,2030,2095,2157",
                        "endColumns": "99,163,117,105,146,120,106,94,166,104,170,123,154,156,64,61,79",
                        "endOffsets": "292,456,574,680,827,948,1055,1150,1317,1422,1593,1717,1872,2029,2094,2156,2236"
                    },
                    "to": {
                        "startLines": "50,51,52,53,54,55,56,57,59,60,61,62,63,64,65,66,67",
                        "startColumns": "4,4,4,4,4,4,4,4,4,4,4,4,4,4,4,4,4",
                        "startOffsets": "4597,4701,4869,4991,5101,5252,5377,5488,5727,5898,6007,6182,6310,6469,6630,6699,6765",
                        "endColumns": "103,167,121,109,150,124,110,98,170,108,174,127,158,160,68,65,83",
                        "endOffsets": "4696,4864,4986,5096,5247,5372,5483,5582,5893,6002,6177,6305,6464,6625,6694,6760,6844"
                    }
                },
                {
                    "source": "C:\\Users\\Rossiny\\.gradle\\caches\\8.11.1\\transforms\\2a8d5256ce170b432872fd22c2ddcad4\\transformed\\browser-1.4.0\\res\\values-pl\\values-pl.xml",
                    "from": {
                        "startLines": "2,3,4,5",
                        "startColumns": "4,4,4,4",
                        "startOffsets": "55,155,254,369",
                        "endColumns": "99,98,114,103",
                        "endOffsets": "150,249,364,468"
                    },
                    "to": {
                        "startLines": "68,71,72,73",
                        "startColumns": "4,4,4,4",
                        "startOffsets": "6849,7094,7193,7308",
                        "endColumns": "99,98,114,103",
                        "endOffsets": "6944,7188,7303,7407"
                    }
                },
                {
                    "source": "C:\\Users\\Rossiny\\.gradle\\caches\\8.11.1\\transforms\\172021296054a48350991195601bb89c\\transformed\\navigation-ui-2.7.7\\res\\values-pl\\values-pl.xml",
                    "from": {
                        "startLines": "2,3",
                        "startColumns": "4,4",
                        "startOffsets": "55,163",
                        "endColumns": "107,116",
                        "endOffsets": "158,275"
                    },
                    "to": {
                        "startLines": "131,132",
                        "startColumns": "4,4",
                        "startOffsets": "11981,12089",
                        "endColumns": "107,116",
                        "endOffsets": "12084,12201"
                    }
                },
                {
                    "source": "C:\\Users\\Rossiny\\.gradle\\caches\\8.11.1\\transforms\\24cf04f1c368f48d45221aeab28b1507\\transformed\\appcompat-1.6.1\\res\\values-pl\\values-pl.xml",
                    "from": {
                        "startLines": "2,3,4,5,6,7,8,9,10,11,12,13,14,15,16,17,18,19,20,21,22,23,24,25,26,27,28,29",
                        "startColumns": "4,4,4,4,4,4,4,4,4,4,4,4,4,4,4,4,4,4,4,4,4,4,4,4,4,4,4,4",
                        "startOffsets": "105,220,322,430,516,623,742,821,897,988,1081,1176,1270,1371,1464,1559,1654,1745,1836,1918,2027,2127,2226,2335,2447,2558,2721,2817",
                        "endColumns": "114,101,107,85,106,118,78,75,90,92,94,93,100,92,94,94,90,90,81,108,99,98,108,111,110,162,95,82",
                        "endOffsets": "215,317,425,511,618,737,816,892,983,1076,1171,1265,1366,1459,1554,1649,1740,1831,1913,2022,2122,2221,2330,2442,2553,2716,2812,2895"
                    },
                    "to": {
                        "startLines": "8,9,10,11,12,13,14,15,16,17,18,19,20,21,22,23,24,25,26,27,28,29,30,31,32,33,34,134",
                        "startColumns": "4,4,4,4,4,4,4,4,4,4,4,4,4,4,4,4,4,4,4,4,4,4,4,4,4,4,4,4",
                        "startOffsets": "436,551,653,761,847,954,1073,1152,1228,1319,1412,1507,1601,1702,1795,1890,1985,2076,2167,2249,2358,2458,2557,2666,2778,2889,3052,12282",
                        "endColumns": "114,101,107,85,106,118,78,75,90,92,94,93,100,92,94,94,90,90,81,108,99,98,108,111,110,162,95,82",
                        "endOffsets": "546,648,756,842,949,1068,1147,1223,1314,1407,1502,1596,1697,1790,1885,1980,2071,2162,2244,2353,2453,2552,2661,2773,2884,3047,3143,12360"
                    }
                },
                {
                    "source": "C:\\Users\\Rossiny\\.gradle\\caches\\8.11.1\\transforms\\268fa8e90592b8e67e6e81b04c1efb6d\\transformed\\material-1.11.0\\res\\values-pl\\values-pl.xml",
                    "from": {
                        "startLines": "2,8,9,10,11,12,13,14,15,16,17,18,19,20,21,22,23,24,25,26,27,28,29,30,31,32,33,34,35,36,37,38,39,40,41,42,43,44,45,46,47,48,49,50,51,52,53,54,55,56,57,58,59,60,61,62,63,64,65,66,67,68,69,70,71,72,73,74,75",
                        "startColumns": "4,4,4,4,4,4,4,4,4,4,4,4,4,4,4,4,4,4,4,4,4,4,4,4,4,4,4,4,4,4,4,4,4,4,4,4,4,4,4,4,4,4,4,4,4,4,4,4,4,4,4,4,4,4,4,4,4,4,4,4,4,4,4,4,4,4,4,4,4",
                        "startOffsets": "100,386,461,536,615,719,814,899,1016,1098,1162,1243,1307,1368,1479,1543,1611,1665,1734,1796,1850,1961,2022,2084,2138,2210,2339,2428,2510,2659,2741,2824,2961,3048,3125,3179,3230,3296,3367,3443,3532,3615,3692,3770,3848,3924,4032,4122,4195,4290,4387,4459,4533,4633,4685,4770,4836,4924,5014,5076,5140,5203,5274,5381,5493,5592,5699,5757,5812",
                        "endLines": "7,8,9,10,11,12,13,14,15,16,17,18,19,20,21,22,23,24,25,26,27,28,29,30,31,32,33,34,35,36,37,38,39,40,41,42,43,44,45,46,47,48,49,50,51,52,53,54,55,56,57,58,59,60,61,62,63,64,65,66,67,68,69,70,71,72,73,74,75",
                        "endColumns": "12,74,74,78,103,94,84,116,81,63,80,63,60,110,63,67,53,68,61,53,110,60,61,53,71,128,88,81,148,81,82,136,86,76,53,50,65,70,75,88,82,76,77,77,75,107,89,72,94,96,71,73,99,51,84,65,87,89,61,63,62,70,106,111,98,106,57,54,75",
                        "endOffsets": "381,456,531,610,714,809,894,1011,1093,1157,1238,1302,1363,1474,1538,1606,1660,1729,1791,1845,1956,2017,2079,2133,2205,2334,2423,2505,2654,2736,2819,2956,3043,3120,3174,3225,3291,3362,3438,3527,3610,3687,3765,3843,3919,4027,4117,4190,4285,4382,4454,4528,4628,4680,4765,4831,4919,5009,5071,5135,5198,5269,5376,5488,5587,5694,5752,5807,5883"
                    },
                    "to": {
                        "startLines": "2,35,36,37,38,39,47,48,49,69,70,74,75,76,77,78,79,80,81,82,83,84,85,86,87,88,89,90,91,92,93,94,95,96,97,98,99,100,101,102,103,104,105,106,107,108,109,110,111,112,113,114,115,116,117,118,119,120,121,122,123,124,125,126,127,128,129,130,133",
                        "startColumns": "4,4,4,4,4,4,4,4,4,4,4,4,4,4,4,4,4,4,4,4,4,4,4,4,4,4,4,4,4,4,4,4,4,4,4,4,4,4,4,4,4,4,4,4,4,4,4,4,4,4,4,4,4,4,4,4,4,4,4,4,4,4,4,4,4,4,4,4,4",
                        "startOffsets": "150,3148,3223,3298,3377,3481,4313,4398,4515,6949,7013,7412,7476,7537,7648,7712,7780,7834,7903,7965,8019,8130,8191,8253,8307,8379,8508,8597,8679,8828,8910,8993,9130,9217,9294,9348,9399,9465,9536,9612,9701,9784,9861,9939,10017,10093,10201,10291,10364,10459,10556,10628,10702,10802,10854,10939,11005,11093,11183,11245,11309,11372,11443,11550,11662,11761,11868,11926,12206",
                        "endLines": "7,35,36,37,38,39,47,48,49,69,70,74,75,76,77,78,79,80,81,82,83,84,85,86,87,88,89,90,91,92,93,94,95,96,97,98,99,100,101,102,103,104,105,106,107,108,109,110,111,112,113,114,115,116,117,118,119,120,121,122,123,124,125,126,127,128,129,130,133",
                        "endColumns": "12,74,74,78,103,94,84,116,81,63,80,63,60,110,63,67,53,68,61,53,110,60,61,53,71,128,88,81,148,81,82,136,86,76,53,50,65,70,75,88,82,76,77,77,75,107,89,72,94,96,71,73,99,51,84,65,87,89,61,63,62,70,106,111,98,106,57,54,75",
                        "endOffsets": "431,3218,3293,3372,3476,3571,4393,4510,4592,7008,7089,7471,7532,7643,7707,7775,7829,7898,7960,8014,8125,8186,8248,8302,8374,8503,8592,8674,8823,8905,8988,9125,9212,9289,9343,9394,9460,9531,9607,9696,9779,9856,9934,10012,10088,10196,10286,10359,10454,10551,10623,10697,10797,10849,10934,11000,11088,11178,11240,11304,11367,11438,11545,11657,11756,11863,11921,11976,12277"
                    }
                },
                {
                    "source": "C:\\Users\\Rossiny\\.gradle\\caches\\8.11.1\\transforms\\32c23f03b9bc5089aa0411e4a74fc937\\transformed\\play-services-basement-18.1.0\\res\\values-pl\\values.xml",
                    "from": {
                        "startLines": "4",
                        "startColumns": "0",
                        "startOffsets": "195",
                        "endColumns": "135",
                        "endOffsets": "330"
                    },
                    "to": {
                        "startLines": "58",
                        "startColumns": "4",
                        "startOffsets": "5587",
                        "endColumns": "139",
                        "endOffsets": "5722"
                    }
                }
            ]
        }
    ]
}