{
    "logs": [
        {
            "outputFile": "com.example.gestaobilhares.app-mergeDebugResources-54:/values-en-rXC/values-en-rXC.xml",
            "map": [
                {
                    "source": "C:\\Users\\Rossiny\\.gradle\\caches\\8.11.1\\transforms\\2a8d5256ce170b432872fd22c2ddcad4\\transformed\\browser-1.4.0\\res\\values-en-rXC\\values-en-rXC.xml",
                    "from": {
                        "startLines": "2,3,4,5",
                        "startColumns": "4,4,4,4",
                        "startOffsets": "55,255,454,665",
                        "endColumns": "199,198,210,201",
                        "endOffsets": "250,449,660,862"
                    },
                    "to": {
                        "startLines": "36,37,38,39",
                        "startColumns": "4,4,4,4",
                        "startOffsets": "6955,7155,7354,7565",
                        "endColumns": "199,198,210,201",
                        "endOffsets": "7150,7349,7560,7762"
                    }
                },
                {
                    "source": "C:\\Users\\Rossiny\\.gradle\\caches\\8.11.1\\transforms\\867aaaf1f78e7a3227d23380526b5f5a\\transformed\\core-1.12.0\\res\\values-en-rXC\\values-en-rXC.xml",
                    "from": {
                        "startLines": "2,3,4,5,6,7,8,9",
                        "startColumns": "4,4,4,4,4,4,4,4",
                        "startOffsets": "55,251,456,657,858,1065,1270,1482",
                        "endColumns": "195,204,200,200,206,204,211,203",
                        "endOffsets": "246,451,652,853,1060,1265,1477,1681"
                    },
                    "to": {
                        "startLines": "29,30,31,32,33,34,35,41",
                        "startColumns": "4,4,4,4,4,4,4,4",
                        "startOffsets": "5528,5724,5929,6130,6331,6538,6743,7953",
                        "endColumns": "195,204,200,200,206,204,211,203",
                        "endOffsets": "5719,5924,6125,6326,6533,6738,6950,8152"
                    }
                },
                {
                    "source": "C:\\Users\\Rossiny\\.gradle\\caches\\8.11.1\\transforms\\24cf04f1c368f48d45221aeab28b1507\\transformed\\appcompat-1.6.1\\res\\values-en-rXC\\values-en-rXC.xml",
                    "from": {
                        "startLines": "2,3,4,5,6,7,8,9,10,11,12,13,14,15,16,17,18,19,20,21,22,23,24,25,26,27,28,29",
                        "startColumns": "4,4,4,4,4,4,4,4,4,4,4,4,4,4,4,4,4,4,4,4,4,4,4,4,4,4,4,4",
                        "startOffsets": "105,312,515,725,912,1113,1329,1509,1684,1878,2072,2267,2464,2663,2858,3056,3253,3447,3641,3826,4031,4234,4435,4641,4846,5053,5327,5528",
                        "endColumns": "206,202,209,186,200,215,179,174,193,193,194,196,198,194,197,196,193,193,184,204,202,200,205,204,206,273,200,185",
                        "endOffsets": "307,510,720,907,1108,1324,1504,1679,1873,2067,2262,2459,2658,2853,3051,3248,3442,3636,3821,4026,4229,4430,4636,4841,5048,5322,5523,5709"
                    },
                    "to": {
                        "startLines": "2,3,4,5,6,7,8,9,10,11,12,13,14,15,16,17,18,19,20,21,22,23,24,25,26,27,28,40",
                        "startColumns": "4,4,4,4,4,4,4,4,4,4,4,4,4,4,4,4,4,4,4,4,4,4,4,4,4,4,4,4",
                        "startOffsets": "105,312,515,725,912,1113,1329,1509,1684,1878,2072,2267,2464,2663,2858,3056,3253,3447,3641,3826,4031,4234,4435,4641,4846,5053,5327,7767",
                        "endColumns": "206,202,209,186,200,215,179,174,193,193,194,196,198,194,197,196,193,193,184,204,202,200,205,204,206,273,200,185",
                        "endOffsets": "307,510,720,907,1108,1324,1504,1679,1873,2067,2262,2459,2658,2853,3051,3248,3442,3636,3821,4026,4229,4430,4636,4841,5048,5322,5523,7948"
                    }
                }
            ]
        }
    ]
}