{
    "logs": [
        {
            "outputFile": "com.example.gestaobilhares.app-mergeDebugResources-54:/values-fa/values-fa.xml",
            "map": [
                {
                    "source": "C:\\Users\\Rossiny\\.gradle\\caches\\8.11.1\\transforms\\24cf04f1c368f48d45221aeab28b1507\\transformed\\appcompat-1.6.1\\res\\values-fa\\values-fa.xml",
                    "from": {
                        "startLines": "2,3,4,5,6,7,8,9,10,11,12,13,14,15,16,17,18,19,20,21,22,23,24,25,26,27,28,29",
                        "startColumns": "4,4,4,4,4,4,4,4,4,4,4,4,4,4,4,4,4,4,4,4,4,4,4,4,4,4,4,4",
                        "startOffsets": "105,215,316,427,511,612,727,807,884,977,1072,1164,1258,1360,1455,1552,1646,1739,1829,1911,2019,2123,2221,2327,2432,2537,2694,2795",
                        "endColumns": "109,100,110,83,100,114,79,76,92,94,91,93,101,94,96,93,92,89,81,107,103,97,105,104,104,156,100,81",
                        "endOffsets": "210,311,422,506,607,722,802,879,972,1067,1159,1253,1355,1450,1547,1641,1734,1824,1906,2014,2118,2216,2322,2427,2532,2689,2790,2872"
                    },
                    "to": {
                        "startLines": "6,7,8,9,10,11,12,13,14,15,16,17,18,19,20,21,22,23,24,25,26,27,28,29,30,31,32,132",
                        "startColumns": "4,4,4,4,4,4,4,4,4,4,4,4,4,4,4,4,4,4,4,4,4,4,4,4,4,4,4,4",
                        "startOffsets": "309,419,520,631,715,816,931,1011,1088,1181,1276,1368,1462,1564,1659,1756,1850,1943,2033,2115,2223,2327,2425,2531,2636,2741,2898,11940",
                        "endColumns": "109,100,110,83,100,114,79,76,92,94,91,93,101,94,96,93,92,89,81,107,103,97,105,104,104,156,100,81",
                        "endOffsets": "414,515,626,710,811,926,1006,1083,1176,1271,1363,1457,1559,1654,1751,1845,1938,2028,2110,2218,2322,2420,2526,2631,2736,2893,2994,12017"
                    }
                },
                {
                    "source": "C:\\Users\\Rossiny\\.gradle\\caches\\8.11.1\\transforms\\867aaaf1f78e7a3227d23380526b5f5a\\transformed\\core-1.12.0\\res\\values-fa\\values-fa.xml",
                    "from": {
                        "startLines": "2,3,4,5,6,7,8,9",
                        "startColumns": "4,4,4,4,4,4,4,4",
                        "startOffsets": "55,154,256,355,455,556,662,779",
                        "endColumns": "98,101,98,99,100,105,116,100",
                        "endOffsets": "149,251,350,450,551,657,774,875"
                    },
                    "to": {
                        "startLines": "38,39,40,41,42,43,44,133",
                        "startColumns": "4,4,4,4,4,4,4,4",
                        "startOffsets": "3413,3512,3614,3713,3813,3914,4020,12022",
                        "endColumns": "98,101,98,99,100,105,116,100",
                        "endOffsets": "3507,3609,3708,3808,3909,4015,4132,12118"
                    }
                },
                {
                    "source": "C:\\Users\\Rossiny\\.gradle\\caches\\8.11.1\\transforms\\53fd8897bc60734811156c448f1132c3\\transformed\\play-services-base-18.0.1\\res\\values-fa\\values.xml",
                    "from": {
                        "startLines": "4,5,6,7,8,9,10,11,12,13,14,15,16,17,18,19,20",
                        "startColumns": "0,0,0,0,0,0,0,0,0,0,0,0,0,0,0,0,0",
                        "startOffsets": "193,297,450,575,674,810,932,1042,1140,1289,1395,1561,1688,1837,1989,2051,2115",
                        "endColumns": "103,152,124,98,135,121,109,97,148,105,165,126,148,151,61,63,80",
                        "endOffsets": "296,449,574,673,809,931,1041,1139,1288,1394,1560,1687,1836,1988,2050,2114,2195"
                    },
                    "to": {
                        "startLines": "48,49,50,51,52,53,54,55,57,58,59,60,61,62,63,64,65",
                        "startColumns": "4,4,4,4,4,4,4,4,4,4,4,4,4,4,4,4,4",
                        "startOffsets": "4447,4555,4712,4841,4944,5084,5210,5324,5581,5734,5844,6014,6145,6298,6454,6520,6588",
                        "endColumns": "107,156,128,102,139,125,113,101,152,109,169,130,152,155,65,67,84",
                        "endOffsets": "4550,4707,4836,4939,5079,5205,5319,5421,5729,5839,6009,6140,6293,6449,6515,6583,6668"
                    }
                },
                {
                    "source": "C:\\Users\\Rossiny\\.gradle\\caches\\8.11.1\\transforms\\172021296054a48350991195601bb89c\\transformed\\navigation-ui-2.7.7\\res\\values-fa\\values-fa.xml",
                    "from": {
                        "startLines": "2,3",
                        "startColumns": "4,4",
                        "startOffsets": "55,164",
                        "endColumns": "108,114",
                        "endOffsets": "159,274"
                    },
                    "to": {
                        "startLines": "129,130",
                        "startColumns": "4,4",
                        "startOffsets": "11638,11747",
                        "endColumns": "108,114",
                        "endOffsets": "11742,11857"
                    }
                },
                {
                    "source": "C:\\Users\\Rossiny\\.gradle\\caches\\8.11.1\\transforms\\268fa8e90592b8e67e6e81b04c1efb6d\\transformed\\material-1.11.0\\res\\values-fa\\values-fa.xml",
                    "from": {
                        "startLines": "2,6,7,8,9,10,11,12,13,14,15,16,17,18,19,20,21,22,23,24,25,26,27,28,29,30,31,32,33,34,35,36,37,38,39,40,41,42,43,44,45,46,47,48,49,50,51,52,53,54,55,56,57,58,59,60,61,62,63,64,65,66,67,68,69,70,71,72,73",
                        "startColumns": "4,4,4,4,4,4,4,4,4,4,4,4,4,4,4,4,4,4,4,4,4,4,4,4,4,4,4,4,4,4,4,4,4,4,4,4,4,4,4,4,4,4,4,4,4,4,4,4,4,4,4,4,4,4,4,4,4,4,4,4,4,4,4,4,4,4,4,4,4",
                        "startOffsets": "100,259,334,411,493,586,673,770,899,983,1046,1136,1205,1265,1356,1419,1483,1542,1609,1671,1726,1849,1907,1968,2023,2095,2232,2313,2395,2525,2599,2673,2805,2891,2968,3019,3073,3139,3210,3287,3368,3447,3520,3594,3664,3738,3839,3925,3999,4088,4180,4254,4327,4416,4467,4547,4614,4697,4781,4843,4907,4970,5039,5133,5234,5327,5425,5480,5538",
                        "endLines": "5,6,7,8,9,10,11,12,13,14,15,16,17,18,19,20,21,22,23,24,25,26,27,28,29,30,31,32,33,34,35,36,37,38,39,40,41,42,43,44,45,46,47,48,49,50,51,52,53,54,55,56,57,58,59,60,61,62,63,64,65,66,67,68,69,70,71,72,73",
                        "endColumns": "12,74,76,81,92,86,96,128,83,62,89,68,59,90,62,63,58,66,61,54,122,57,60,54,71,136,80,81,129,73,73,131,85,76,50,53,65,70,76,80,78,72,73,69,73,100,85,73,88,91,73,72,88,50,79,66,82,83,61,63,62,68,93,100,92,97,54,57,77",
                        "endOffsets": "254,329,406,488,581,668,765,894,978,1041,1131,1200,1260,1351,1414,1478,1537,1604,1666,1721,1844,1902,1963,2018,2090,2227,2308,2390,2520,2594,2668,2800,2886,2963,3014,3068,3134,3205,3282,3363,3442,3515,3589,3659,3733,3834,3920,3994,4083,4175,4249,4322,4411,4462,4542,4609,4692,4776,4838,4902,4965,5034,5128,5229,5322,5420,5475,5533,5611"
                    },
                    "to": {
                        "startLines": "2,33,34,35,36,37,45,46,47,67,68,72,73,74,75,76,77,78,79,80,81,82,83,84,85,86,87,88,89,90,91,92,93,94,95,96,97,98,99,100,101,102,103,104,105,106,107,108,109,110,111,112,113,114,115,116,117,118,119,120,121,122,123,124,125,126,127,128,131",
                        "startColumns": "4,4,4,4,4,4,4,4,4,4,4,4,4,4,4,4,4,4,4,4,4,4,4,4,4,4,4,4,4,4,4,4,4,4,4,4,4,4,4,4,4,4,4,4,4,4,4,4,4,4,4,4,4,4,4,4,4,4,4,4,4,4,4,4,4,4,4,4,4",
                        "startOffsets": "150,2999,3074,3151,3233,3326,4137,4234,4363,6772,6835,7236,7305,7365,7456,7519,7583,7642,7709,7771,7826,7949,8007,8068,8123,8195,8332,8413,8495,8625,8699,8773,8905,8991,9068,9119,9173,9239,9310,9387,9468,9547,9620,9694,9764,9838,9939,10025,10099,10188,10280,10354,10427,10516,10567,10647,10714,10797,10881,10943,11007,11070,11139,11233,11334,11427,11525,11580,11862",
                        "endLines": "5,33,34,35,36,37,45,46,47,67,68,72,73,74,75,76,77,78,79,80,81,82,83,84,85,86,87,88,89,90,91,92,93,94,95,96,97,98,99,100,101,102,103,104,105,106,107,108,109,110,111,112,113,114,115,116,117,118,119,120,121,122,123,124,125,126,127,128,131",
                        "endColumns": "12,74,76,81,92,86,96,128,83,62,89,68,59,90,62,63,58,66,61,54,122,57,60,54,71,136,80,81,129,73,73,131,85,76,50,53,65,70,76,80,78,72,73,69,73,100,85,73,88,91,73,72,88,50,79,66,82,83,61,63,62,68,93,100,92,97,54,57,77",
                        "endOffsets": "304,3069,3146,3228,3321,3408,4229,4358,4442,6830,6920,7300,7360,7451,7514,7578,7637,7704,7766,7821,7944,8002,8063,8118,8190,8327,8408,8490,8620,8694,8768,8900,8986,9063,9114,9168,9234,9305,9382,9463,9542,9615,9689,9759,9833,9934,10020,10094,10183,10275,10349,10422,10511,10562,10642,10709,10792,10876,10938,11002,11065,11134,11228,11329,11422,11520,11575,11633,11935"
                    }
                },
                {
                    "source": "C:\\Users\\Rossiny\\.gradle\\caches\\8.11.1\\transforms\\32c23f03b9bc5089aa0411e4a74fc937\\transformed\\play-services-basement-18.1.0\\res\\values-fa\\values.xml",
                    "from": {
                        "startLines": "4",
                        "startColumns": "0",
                        "startOffsets": "195",
                        "endColumns": "150",
                        "endOffsets": "345"
                    },
                    "to": {
                        "startLines": "56",
                        "startColumns": "4",
                        "startOffsets": "5426",
                        "endColumns": "154",
                        "endOffsets": "5576"
                    }
                },
                {
                    "source": "C:\\Users\\Rossiny\\.gradle\\caches\\8.11.1\\transforms\\2a8d5256ce170b432872fd22c2ddcad4\\transformed\\browser-1.4.0\\res\\values-fa\\values-fa.xml",
                    "from": {
                        "startLines": "2,3,4,5",
                        "startColumns": "4,4,4,4",
                        "startOffsets": "55,154,251,362",
                        "endColumns": "98,96,110,102",
                        "endOffsets": "149,246,357,460"
                    },
                    "to": {
                        "startLines": "66,69,70,71",
                        "startColumns": "4,4,4,4",
                        "startOffsets": "6673,6925,7022,7133",
                        "endColumns": "98,96,110,102",
                        "endOffsets": "6767,7017,7128,7231"
                    }
                }
            ]
        }
    ]
}