<?xml version="1.0" encoding="utf-8"?>
<resources xmlns:ns1="urn:oasis:names:tc:xliff:document:1.2" xmlns:ns2="http://schemas.android.com/tools">
    <plurals name="mtrl_badge_content_description">
    <item quantity="one">%d bagong notification</item>
    <item quantity="other">%d na bagong notification</item>
  </plurals>
    <string msgid="5976598919945601918" name="abc_action_bar_home_description">"Mag-navigate sa home"</string>
    <string msgid="8388173803310557296" name="abc_action_bar_up_description">"Mag-navigate pataas"</string>
    <string msgid="3937310113216875497" name="abc_action_menu_overflow_description">"Higit pang opsyon"</string>
    <string msgid="4692188335987374352" name="abc_action_mode_done">"Tapos na"</string>
    <string msgid="1189761859438369441" name="abc_activity_chooser_view_see_all">"Tingnan lahat"</string>
    <string msgid="2165779757652331008" name="abc_activitychooserview_choose_application">"Pumili ng app"</string>
    <string msgid="4215997306490295099" name="abc_capital_off">"I-OFF"</string>
    <string msgid="884982626291842264" name="abc_capital_on">"I-ON"</string>
    <string msgid="8833365367933412986" name="abc_menu_alt_shortcut_label">"Alt+"</string>
    <string msgid="2223301931652355242" name="abc_menu_ctrl_shortcut_label">"Ctrl+"</string>
    <string msgid="838001238306846836" name="abc_menu_delete_shortcut_label">"delete"</string>
    <string msgid="7986526966204849475" name="abc_menu_enter_shortcut_label">"enter"</string>
    <string msgid="375214403600139847" name="abc_menu_function_shortcut_label">"Function+"</string>
    <string msgid="4192209724446364286" name="abc_menu_meta_shortcut_label">"Meta+"</string>
    <string msgid="4741552369836443843" name="abc_menu_shift_shortcut_label">"Shift+"</string>
    <string msgid="5473865519181928982" name="abc_menu_space_shortcut_label">"space"</string>
    <string msgid="6180552449598693998" name="abc_menu_sym_shortcut_label">"Sym+"</string>
    <string msgid="5520303668377388990" name="abc_prepend_shortcut_label">"Menu+"</string>
    <string msgid="7208076849092622260" name="abc_search_hint">"Maghanap…"</string>
    <string msgid="3741173234950517107" name="abc_searchview_description_clear">"I-clear ang query"</string>
    <string msgid="693312494995508443" name="abc_searchview_description_query">"Query sa paghahanap"</string>
    <string msgid="3417662926640357176" name="abc_searchview_description_search">"Maghanap"</string>
    <string msgid="1486535517437947103" name="abc_searchview_description_submit">"Isumite ang query"</string>
    <string msgid="2293578557972875415" name="abc_searchview_description_voice">"Paghahanap gamit ang boses"</string>
    <string msgid="8875138169939072951" name="abc_shareactionprovider_share_with">"Ibahagi sa/kay"</string>
    <string msgid="9055268688411532828" name="abc_shareactionprovider_share_with_application">"Ibahagi gamit ang <ns1:g id="APPLICATION_NAME">%s</ns1:g>"</string>
    <string msgid="1656852541809559762" name="abc_toolbar_collapse_description">"I-collapse"</string>
    <string name="bottomsheet_action_collapse">I-collapse ang bottom sheet</string>
    <string name="bottomsheet_action_expand">I-expand ang bottom sheet</string>
    <string name="bottomsheet_action_expand_halfway">I-expand hanggang gitna</string>
    <string name="bottomsheet_drag_handle_clicked">Na-double tap ang handle sa pag-drag</string>
    <string name="bottomsheet_drag_handle_content_description">I-drag ang handle</string>
    <string msgid="881409763997275156" name="call_notification_answer_action">"Sagutin"</string>
    <string msgid="8793775615905189152" name="call_notification_answer_video_action">"Video"</string>
    <string msgid="3229508546291798546" name="call_notification_decline_action">"Tanggihan"</string>
    <string msgid="2659457946726154263" name="call_notification_hang_up_action">"Ibaba"</string>
    <string msgid="6107532579223922871" name="call_notification_incoming_text">"Papasok na tawag"</string>
    <string msgid="8623827134497363134" name="call_notification_ongoing_text">"Kasalukuyang tawag"</string>
    <string msgid="59049573811482460" name="call_notification_screening_text">"Nagsi-screen ng papasok na tawag"</string>
    <string name="character_counter_content_description">Mga character na nailagay %1$d sa %2$d</string>
    <string name="character_counter_overflowed_content_description">Lumampas sa limitasyon sa bilang ng character %1$d sa %2$d</string>
    <string name="clear_text_end_icon_content_description">I-clear ang text</string>
    <string msgid="2523291102206661146" name="common_google_play_services_enable_button">I-enable</string>
    <string msgid="227660514972886228" name="common_google_play_services_enable_text">Hindi gagana ang %1$s maliban kung ie-enable mo ang mga serbisyo ng Google Play.</string>
    <string msgid="5122002158466380389" name="common_google_play_services_enable_title">I-enable ang mga serbisyo ng Google Play</string>
    <string msgid="7153882981874058840" name="common_google_play_services_install_button">I-install</string>
    <string name="common_google_play_services_install_text">Hindi gagana ang %1$s nang wala ang mga serbisyo ng Google Play na wala sa iyong device.</string>
    <string msgid="7215213145546190223" name="common_google_play_services_install_title">Kunin ang mga serbisyo ng Google Play</string>
    <string name="common_google_play_services_notification_channel_name">Availability ng serbisyo ng Google Play</string>
    <string name="common_google_play_services_notification_ticker">Error sa Mga Serbisyo ng Google Play</string>
    <string name="common_google_play_services_unknown_issue">Nagkakaproblema ang %1$s sa mga serbisyo ng Google Play. Pakisubukan ulit.</string>
    <string name="common_google_play_services_unsupported_text">Hindi gagana ang %1$s nang wala ang mga serbisyo ng Google Play, na hindi nasusuportahan ng iyong device.</string>
    <string msgid="6556509956452265614" name="common_google_play_services_update_button">I-update</string>
    <string msgid="9053896323427875356" name="common_google_play_services_update_text">Hindi gagana ang %1$s maliban kung i-a-update mo ang mga serbisyo ng Google Play.</string>
    <string msgid="6006316683626838685" name="common_google_play_services_update_title">I-update ang mga serbisyo ng Google Play</string>
    <string name="common_google_play_services_updating_text">Hindi gagana ang %1$s nang wala ang mga serbisyo ng Google Play na kasalukuyang ina-update.</string>
    <string name="common_google_play_services_wear_update_text">Kailangan ang bagong bersyon ng mga serbisyo ng Google Play. Mag-a-update itong mag-isa sa ilang sandali.</string>
    <string name="common_open_on_phone">Buksan sa telepono</string>
    <string name="common_signin_button_text">Mag-sign in</string>
    <string name="common_signin_button_text_long">Mag-sign in sa Google</string>
    <string msgid="3260749812566568062" name="copy_toast_msg">"Nakopya sa clipboard ang link"</string>
    <string name="error_icon_content_description">Error</string>
    <string name="exposed_dropdown_menu_content_description">Ipakita ang dropdown na menu</string>
    <string msgid="4566929209979330987" name="fallback_menu_item_copy_link">"Kopyahin ang link"</string>
    <string msgid="3413186855122069269" name="fallback_menu_item_open_in_browser">"Buksan sa browser"</string>
    <string msgid="7145444925855055364" name="fallback_menu_item_share_link">"Ibahagi ang link"</string>
    <string name="icon_content_description">Icon ng Dialog</string>
    <string name="item_view_role_description">Tab</string>
    <string name="material_clock_toggle_content_description">Piliin ang AM o PM</string>
    <string name="material_hour_24h_suffix">%1$s (na) oras</string>
    <string name="material_hour_selection">Pumili ng oras</string>
    <string name="material_hour_suffix">%1$s o\'clock</string>
    <string name="material_minute_selection">Pumili ng mga minuto</string>
    <string name="material_minute_suffix">%1$s (na) minuto</string>
    <string name="material_timepicker_am">AM</string>
    <string name="material_timepicker_clock_mode_description">Lumipat sa mode ng orasan para sa input na oras.</string>
    <string name="material_timepicker_hour">Oras</string>
    <string name="material_timepicker_minute">Minuto</string>
    <string name="material_timepicker_pm">PM</string>
    <string name="material_timepicker_select_time">Pumili ng oras</string>
    <string name="material_timepicker_text_input_mode_description">Lumipat sa pamamaraan ng pag-input ng text para sa input na oras.</string>
    <string name="mtrl_badge_numberless_content_description">Bagong notification</string>
    <string name="mtrl_chip_close_icon_content_description">Alisin ang %1$s</string>
    <string name="mtrl_exceed_max_badge_number_content_description" ns2:ignore="PluralsCandidate">Mahigit %1$d (na) bagong notification</string>
    <string name="mtrl_picker_a11y_next_month">Lumipat sa susunod na buwan</string>
    <string name="mtrl_picker_a11y_prev_month">Lumipat sa nakaraang buwan</string>
    <string name="mtrl_picker_announce_current_range_selection">Napiling petsa ng pagsisimula: %1$s – Napiling petsa ng pagtatapos: %2$s</string>
    <string name="mtrl_picker_announce_current_selection">Kasalukuyang seleksyon: %1$s</string>
    <string name="mtrl_picker_announce_current_selection_none">wala</string>
    <string name="mtrl_picker_cancel">Kanselahin</string>
    <string name="mtrl_picker_confirm">OK</string>
    <string name="mtrl_picker_date_header_selected">%1$s</string>
    <string name="mtrl_picker_date_header_title">Pumili ng Petsa</string>
    <string name="mtrl_picker_date_header_unselected">Piniling petsa</string>
    <string name="mtrl_picker_day_of_week_column_header">Column ng mga araw: %1$s</string>
    <string name="mtrl_picker_end_date_description">Petsa ng pagtatapos %1$s</string>
    <string name="mtrl_picker_invalid_format">Invalid na format.</string>
    <string name="mtrl_picker_invalid_format_example">Halimbawa: %1$s</string>
    <string name="mtrl_picker_invalid_format_use">Gamitin: %1$s</string>
    <string name="mtrl_picker_invalid_range">Invalid na hanay.</string>
    <string name="mtrl_picker_navigate_to_current_year_description">Mag-navigate sa kasalukuyang taon %1$d</string>
    <string name="mtrl_picker_navigate_to_year_description">Mag-navigate patungo sa taong %1$d</string>
    <string name="mtrl_picker_out_of_range">Wala sa sakop: %1$s</string>
    <string name="mtrl_picker_range_header_only_end_selected">Petsa ng pagsisimula – %1$s</string>
    <string name="mtrl_picker_range_header_only_start_selected">%1$s – Petsa ng pagtatapos</string>
    <string name="mtrl_picker_range_header_selected">%1$s – %2$s</string>
    <string name="mtrl_picker_range_header_title">Pumili ng Range</string>
    <string name="mtrl_picker_range_header_unselected">Petsa ng pagsisimula – Petsa ng pagtatapos</string>
    <string name="mtrl_picker_save">I-save</string>
    <string name="mtrl_picker_start_date_description">Petsa ng pagsisimula %1$s</string>
    <string name="mtrl_picker_text_input_date_hint">Petsa</string>
    <string name="mtrl_picker_text_input_date_range_end_hint">Petsa ng pagtatapos</string>
    <string name="mtrl_picker_text_input_date_range_start_hint">Petsa ng pagsisimula</string>
    <string name="mtrl_picker_text_input_day_abbr">d</string>
    <string name="mtrl_picker_text_input_month_abbr">m</string>
    <string name="mtrl_picker_text_input_year_abbr">y</string>
    <string name="mtrl_picker_today_description">Ngayon %1$s</string>
    <string name="mtrl_picker_toggle_to_calendar_input_mode">Lumipat sa pamamaraan ng pag-input ng kalendaryo</string>
    <string name="mtrl_picker_toggle_to_day_selection">I-tap para lumipat sa view ng Kalendaryo</string>
    <string name="mtrl_picker_toggle_to_text_input_mode">Lumipat sa pamamaraan ng pag-input ng text</string>
    <string name="mtrl_picker_toggle_to_year_selection">I-tap para lumipat sa view ng taon</string>
    <string name="mtrl_timepicker_cancel">Kanselahin</string>
    <string name="mtrl_timepicker_confirm">OK</string>
    <string msgid="6301633601645100427" name="nav_app_bar_navigate_up_description">"Mag-navigate pataas"</string>
    <string msgid="7456070600745802113" name="nav_app_bar_open_drawer_description">"Buksan ang navigation drawer"</string>
    <string name="password_toggle_content_description">Ipakita ang password</string>
    <string msgid="6264217191555673260" name="search_menu_title">"Maghanap"</string>
    <string msgid="6277540029070332960" name="status_bar_notification_info_overflow">"999+"</string>
</resources>