{
    "logs": [
        {
            "outputFile": "com.example.gestaobilhares.app-mergeDebugResources-54:/values-hu/values-hu.xml",
            "map": [
                {
                    "source": "C:\\Users\\Rossiny\\.gradle\\caches\\8.11.1\\transforms\\32c23f03b9bc5089aa0411e4a74fc937\\transformed\\play-services-basement-18.1.0\\res\\values-hu\\values.xml",
                    "from": {
                        "startLines": "4",
                        "startColumns": "0",
                        "startOffsets": "195",
                        "endColumns": "172",
                        "endOffsets": "367"
                    },
                    "to": {
                        "startLines": "56",
                        "startColumns": "4",
                        "startOffsets": "5575",
                        "endColumns": "176",
                        "endOffsets": "5747"
                    }
                },
                {
                    "source": "C:\\Users\\Rossiny\\.gradle\\caches\\8.11.1\\transforms\\2a8d5256ce170b432872fd22c2ddcad4\\transformed\\browser-1.4.0\\res\\values-hu\\values-hu.xml",
                    "from": {
                        "startLines": "2,3,4,5",
                        "startColumns": "4,4,4,4",
                        "startOffsets": "55,151,252,367",
                        "endColumns": "95,100,114,103",
                        "endOffsets": "146,247,362,466"
                    },
                    "to": {
                        "startLines": "66,69,70,71",
                        "startColumns": "4,4,4,4",
                        "startOffsets": "6923,7182,7283,7398",
                        "endColumns": "95,100,114,103",
                        "endOffsets": "7014,7278,7393,7497"
                    }
                },
                {
                    "source": "C:\\Users\\Rossiny\\.gradle\\caches\\8.11.1\\transforms\\172021296054a48350991195601bb89c\\transformed\\navigation-ui-2.7.7\\res\\values-hu\\values-hu.xml",
                    "from": {
                        "startLines": "2,3",
                        "startColumns": "4,4",
                        "startOffsets": "55,167",
                        "endColumns": "111,119",
                        "endOffsets": "162,282"
                    },
                    "to": {
                        "startLines": "129,130",
                        "startColumns": "4,4",
                        "startOffsets": "12062,12174",
                        "endColumns": "111,119",
                        "endOffsets": "12169,12289"
                    }
                },
                {
                    "source": "C:\\Users\\Rossiny\\.gradle\\caches\\8.11.1\\transforms\\53fd8897bc60734811156c448f1132c3\\transformed\\play-services-base-18.0.1\\res\\values-hu\\values.xml",
                    "from": {
                        "startLines": "4,5,6,7,8,9,10,11,12,13,14,15,16,17,18,19,20",
                        "startColumns": "0,0,0,0,0,0,0,0,0,0,0,0,0,0,0,0,0",
                        "startOffsets": "193,300,480,614,719,883,1017,1135,1241,1407,1511,1692,1825,1993,2161,2228,2292",
                        "endColumns": "106,179,133,104,163,133,117,105,165,103,180,132,167,167,66,63,83",
                        "endOffsets": "299,479,613,718,882,1016,1134,1240,1406,1510,1691,1824,1992,2160,2227,2291,2375"
                    },
                    "to": {
                        "startLines": "48,49,50,51,52,53,54,55,57,58,59,60,61,62,63,64,65",
                        "startColumns": "4,4,4,4,4,4,4,4,4,4,4,4,4,4,4,4,4",
                        "startOffsets": "4495,4606,4790,4928,5037,5205,5343,5465,5752,5922,6030,6215,6352,6524,6696,6767,6835",
                        "endColumns": "110,183,137,108,167,137,121,109,169,107,184,136,171,171,70,67,87",
                        "endOffsets": "4601,4785,4923,5032,5200,5338,5460,5570,5917,6025,6210,6347,6519,6691,6762,6830,6918"
                    }
                },
                {
                    "source": "C:\\Users\\Rossiny\\.gradle\\caches\\8.11.1\\transforms\\268fa8e90592b8e67e6e81b04c1efb6d\\transformed\\material-1.11.0\\res\\values-hu\\values-hu.xml",
                    "from": {
                        "startLines": "2,6,7,8,9,10,11,12,13,14,15,16,17,18,19,20,21,22,23,24,25,26,27,28,29,30,31,32,33,34,35,36,37,38,39,40,41,42,43,44,45,46,47,48,49,50,51,52,53,54,55,56,57,58,59,60,61,62,63,64,65,66,67,68,69,70,71,72,73",
                        "startColumns": "4,4,4,4,4,4,4,4,4,4,4,4,4,4,4,4,4,4,4,4,4,4,4,4,4,4,4,4,4,4,4,4,4,4,4,4,4,4,4,4,4,4,4,4,4,4,4,4,4,4,4,4,4,4,4,4,4,4,4,4,4,4,4,4,4,4,4,4,4",
                        "startOffsets": "100,263,344,420,497,587,667,766,886,969,1033,1132,1207,1266,1376,1438,1507,1565,1637,1698,1753,1856,1913,1973,2028,2109,2229,2312,2400,2535,2618,2698,2838,2932,3014,3067,3118,3184,3260,3342,3428,3512,3589,3664,3743,3820,3925,4021,4098,4190,4287,4361,4446,4543,4595,4678,4745,4833,4920,4982,5046,5109,5175,5273,5379,5473,5580,5637,5692",
                        "endLines": "5,6,7,8,9,10,11,12,13,14,15,16,17,18,19,20,21,22,23,24,25,26,27,28,29,30,31,32,33,34,35,36,37,38,39,40,41,42,43,44,45,46,47,48,49,50,51,52,53,54,55,56,57,58,59,60,61,62,63,64,65,66,67,68,69,70,71,72,73",
                        "endColumns": "12,80,75,76,89,79,98,119,82,63,98,74,58,109,61,68,57,71,60,54,102,56,59,54,80,119,82,87,134,82,79,139,93,81,52,50,65,75,81,85,83,76,74,78,76,104,95,76,91,96,73,84,96,51,82,66,87,86,61,63,62,65,97,105,93,106,56,54,84",
                        "endOffsets": "258,339,415,492,582,662,761,881,964,1028,1127,1202,1261,1371,1433,1502,1560,1632,1693,1748,1851,1908,1968,2023,2104,2224,2307,2395,2530,2613,2693,2833,2927,3009,3062,3113,3179,3255,3337,3423,3507,3584,3659,3738,3815,3920,4016,4093,4185,4282,4356,4441,4538,4590,4673,4740,4828,4915,4977,5041,5104,5170,5268,5374,5468,5575,5632,5687,5772"
                    },
                    "to": {
                        "startLines": "2,33,34,35,36,37,45,46,47,67,68,72,73,74,75,76,77,78,79,80,81,82,83,84,85,86,87,88,89,90,91,92,93,94,95,96,97,98,99,100,101,102,103,104,105,106,107,108,109,110,111,112,113,114,115,116,117,118,119,120,121,122,123,124,125,126,127,128,131",
                        "startColumns": "4,4,4,4,4,4,4,4,4,4,4,4,4,4,4,4,4,4,4,4,4,4,4,4,4,4,4,4,4,4,4,4,4,4,4,4,4,4,4,4,4,4,4,4,4,4,4,4,4,4,4,4,4,4,4,4,4,4,4,4,4,4,4,4,4,4,4,4,4",
                        "startOffsets": "150,3067,3148,3224,3301,3391,4193,4292,4412,7019,7083,7502,7577,7636,7746,7808,7877,7935,8007,8068,8123,8226,8283,8343,8398,8479,8599,8682,8770,8905,8988,9068,9208,9302,9384,9437,9488,9554,9630,9712,9798,9882,9959,10034,10113,10190,10295,10391,10468,10560,10657,10731,10816,10913,10965,11048,11115,11203,11290,11352,11416,11479,11545,11643,11749,11843,11950,12007,12294",
                        "endLines": "5,33,34,35,36,37,45,46,47,67,68,72,73,74,75,76,77,78,79,80,81,82,83,84,85,86,87,88,89,90,91,92,93,94,95,96,97,98,99,100,101,102,103,104,105,106,107,108,109,110,111,112,113,114,115,116,117,118,119,120,121,122,123,124,125,126,127,128,131",
                        "endColumns": "12,80,75,76,89,79,98,119,82,63,98,74,58,109,61,68,57,71,60,54,102,56,59,54,80,119,82,87,134,82,79,139,93,81,52,50,65,75,81,85,83,76,74,78,76,104,95,76,91,96,73,84,96,51,82,66,87,86,61,63,62,65,97,105,93,106,56,54,84",
                        "endOffsets": "308,3143,3219,3296,3386,3466,4287,4407,4490,7078,7177,7572,7631,7741,7803,7872,7930,8002,8063,8118,8221,8278,8338,8393,8474,8594,8677,8765,8900,8983,9063,9203,9297,9379,9432,9483,9549,9625,9707,9793,9877,9954,10029,10108,10185,10290,10386,10463,10555,10652,10726,10811,10908,10960,11043,11110,11198,11285,11347,11411,11474,11540,11638,11744,11838,11945,12002,12057,12374"
                    }
                },
                {
                    "source": "C:\\Users\\Rossiny\\.gradle\\caches\\8.11.1\\transforms\\24cf04f1c368f48d45221aeab28b1507\\transformed\\appcompat-1.6.1\\res\\values-hu\\values-hu.xml",
                    "from": {
                        "startLines": "2,3,4,5,6,7,8,9,10,11,12,13,14,15,16,17,18,19,20,21,22,23,24,25,26,27,28,29",
                        "startColumns": "4,4,4,4,4,4,4,4,4,4,4,4,4,4,4,4,4,4,4,4,4,4,4,4,4,4,4,4",
                        "startOffsets": "105,213,305,420,504,619,742,819,894,985,1078,1173,1267,1367,1460,1555,1650,1741,1832,1915,2025,2135,2235,2346,2455,2574,2756,2859",
                        "endColumns": "107,91,114,83,114,122,76,74,90,92,94,93,99,92,94,94,90,90,82,109,109,99,110,108,118,181,102,83",
                        "endOffsets": "208,300,415,499,614,737,814,889,980,1073,1168,1262,1362,1455,1550,1645,1736,1827,1910,2020,2130,2230,2341,2450,2569,2751,2854,2938"
                    },
                    "to": {
                        "startLines": "6,7,8,9,10,11,12,13,14,15,16,17,18,19,20,21,22,23,24,25,26,27,28,29,30,31,32,132",
                        "startColumns": "4,4,4,4,4,4,4,4,4,4,4,4,4,4,4,4,4,4,4,4,4,4,4,4,4,4,4,4",
                        "startOffsets": "313,421,513,628,712,827,950,1027,1102,1193,1286,1381,1475,1575,1668,1763,1858,1949,2040,2123,2233,2343,2443,2554,2663,2782,2964,12379",
                        "endColumns": "107,91,114,83,114,122,76,74,90,92,94,93,99,92,94,94,90,90,82,109,109,99,110,108,118,181,102,83",
                        "endOffsets": "416,508,623,707,822,945,1022,1097,1188,1281,1376,1470,1570,1663,1758,1853,1944,2035,2118,2228,2338,2438,2549,2658,2777,2959,3062,12458"
                    }
                },
                {
                    "source": "C:\\Users\\Rossiny\\.gradle\\caches\\8.11.1\\transforms\\867aaaf1f78e7a3227d23380526b5f5a\\transformed\\core-1.12.0\\res\\values-hu\\values-hu.xml",
                    "from": {
                        "startLines": "2,3,4,5,6,7,8,9",
                        "startColumns": "4,4,4,4,4,4,4,4",
                        "startOffsets": "55,152,254,356,457,560,667,777",
                        "endColumns": "96,101,101,100,102,106,109,100",
                        "endOffsets": "147,249,351,452,555,662,772,873"
                    },
                    "to": {
                        "startLines": "38,39,40,41,42,43,44,133",
                        "startColumns": "4,4,4,4,4,4,4,4",
                        "startOffsets": "3471,3568,3670,3772,3873,3976,4083,12463",
                        "endColumns": "96,101,101,100,102,106,109,100",
                        "endOffsets": "3563,3665,3767,3868,3971,4078,4188,12559"
                    }
                }
            ]
        }
    ]
}