<?xml version="1.0" encoding="utf-8"?>
<resources xmlns:ns1="urn:oasis:names:tc:xliff:document:1.2" xmlns:ns2="http://schemas.android.com/tools">
    <plurals name="mtrl_badge_content_description">
    <item quantity="one">%d नवीन सूचना</item>
    <item quantity="other">%d नवीन सूचना</item>
  </plurals>
    <string msgid="5976598919945601918" name="abc_action_bar_home_description">"घराकडे नेव्हिगेट करा"</string>
    <string msgid="8388173803310557296" name="abc_action_bar_up_description">"वर नेव्‍हिगेट करा"</string>
    <string msgid="3937310113216875497" name="abc_action_menu_overflow_description">"आणखी पर्याय"</string>
    <string msgid="4692188335987374352" name="abc_action_mode_done">"पूर्ण झाले"</string>
    <string msgid="1189761859438369441" name="abc_activity_chooser_view_see_all">"सर्व पहा"</string>
    <string msgid="2165779757652331008" name="abc_activitychooserview_choose_application">"अ‍ॅप निवडा"</string>
    <string msgid="4215997306490295099" name="abc_capital_off">"बंद"</string>
    <string msgid="884982626291842264" name="abc_capital_on">"सुरू"</string>
    <string msgid="8833365367933412986" name="abc_menu_alt_shortcut_label">"Alt+"</string>
    <string msgid="2223301931652355242" name="abc_menu_ctrl_shortcut_label">"Ctrl+"</string>
    <string msgid="838001238306846836" name="abc_menu_delete_shortcut_label">"हटवा"</string>
    <string msgid="7986526966204849475" name="abc_menu_enter_shortcut_label">"एंटर करा"</string>
    <string msgid="375214403600139847" name="abc_menu_function_shortcut_label">"Function+"</string>
    <string msgid="4192209724446364286" name="abc_menu_meta_shortcut_label">"Meta+"</string>
    <string msgid="4741552369836443843" name="abc_menu_shift_shortcut_label">"Shift+"</string>
    <string msgid="5473865519181928982" name="abc_menu_space_shortcut_label">"space"</string>
    <string msgid="6180552449598693998" name="abc_menu_sym_shortcut_label">"Sym+"</string>
    <string msgid="5520303668377388990" name="abc_prepend_shortcut_label">"मेनू+"</string>
    <string msgid="7208076849092622260" name="abc_search_hint">"शोधा…"</string>
    <string msgid="3741173234950517107" name="abc_searchview_description_clear">"क्‍वेरी साफ करा"</string>
    <string msgid="693312494995508443" name="abc_searchview_description_query">"शोध क्वेरी"</string>
    <string msgid="3417662926640357176" name="abc_searchview_description_search">"शोधा"</string>
    <string msgid="1486535517437947103" name="abc_searchview_description_submit">"क्वेरी सबमिट करा"</string>
    <string msgid="2293578557972875415" name="abc_searchview_description_voice">"व्हॉइस शोध"</string>
    <string msgid="8875138169939072951" name="abc_shareactionprovider_share_with">"यांच्यासोबत शेअर करा"</string>
    <string msgid="9055268688411532828" name="abc_shareactionprovider_share_with_application">"<ns1:g id="APPLICATION_NAME">%s</ns1:g> सह शेअर करा"</string>
    <string msgid="1656852541809559762" name="abc_toolbar_collapse_description">"कोलॅप्स करा"</string>
    <string name="bottomsheet_action_collapse">तळाशी असलेली शीट कोलॅप्स करा</string>
    <string name="bottomsheet_action_expand">तळाशी असलेल्या शीटचा विस्तार करा</string>
    <string name="bottomsheet_action_expand_halfway">पूर्णपणे विस्तृत करा</string>
    <string name="bottomsheet_drag_handle_clicked">ड्रॅग हॅंडलवर दोनदा टॅप केले आहे</string>
    <string name="bottomsheet_drag_handle_content_description">ड्रॅग हॅंडल</string>
    <string msgid="881409763997275156" name="call_notification_answer_action">"उत्तर द्या"</string>
    <string msgid="8793775615905189152" name="call_notification_answer_video_action">"व्हिडिओ"</string>
    <string msgid="3229508546291798546" name="call_notification_decline_action">"नकार द्या"</string>
    <string msgid="2659457946726154263" name="call_notification_hang_up_action">"कॉल बंद करा"</string>
    <string msgid="6107532579223922871" name="call_notification_incoming_text">"इनकमिंग कॉल"</string>
    <string msgid="8623827134497363134" name="call_notification_ongoing_text">"सुरू असलेला कॉल"</string>
    <string msgid="59049573811482460" name="call_notification_screening_text">"इनकमिंग कॉल स्क्रीन करत आहे"</string>
    <string name="character_counter_content_description">%2$d पैकी %1$d वर्ण एंटर केले आहे</string>
    <string name="character_counter_overflowed_content_description">%2$d पैकी %1$d वर्णमर्यादा ओलांडली आहे</string>
    <string name="clear_text_end_icon_content_description">मजकूर साफ करा</string>
    <string msgid="2523291102206661146" name="common_google_play_services_enable_button">सुरू करा</string>
    <string msgid="227660514972886228" name="common_google_play_services_enable_text">तुम्ही Google Play सेवा सक्षम केल्याशिवाय %1$s हा अ‍ॅप कार्य करणार नाही.</string>
    <string msgid="5122002158466380389" name="common_google_play_services_enable_title">Google Play सेवा सुरू करा</string>
    <string msgid="7153882981874058840" name="common_google_play_services_install_button">स्‍थापित करा</string>
    <string name="common_google_play_services_install_text">Google Play सेवा आपल्या डिव्हाइसवर उपलब्ध नाही, त्याशिवाय %1$s चालणार नाही.</string>
    <string msgid="7215213145546190223" name="common_google_play_services_install_title">Google Play सेवा मिळवा</string>
    <string name="common_google_play_services_notification_channel_name">Google Play सेवा उपलब्धता</string>
    <string name="common_google_play_services_notification_ticker">Google Play सेवा एरर</string>
    <string name="common_google_play_services_unknown_issue">%1$s ला Google Play सेवांमध्ये समस्या येत आहे. कृपया पुन्हा प्रयत्न करा.</string>
    <string name="common_google_play_services_unsupported_text">तुमचे डिव्हाइस सपोर्ट करत नसलेल्या, Google Play सेवांशिवाय %1$s चालणार नाही.</string>
    <string msgid="6556509956452265614" name="common_google_play_services_update_button">अपडेट करा</string>
    <string msgid="9053896323427875356" name="common_google_play_services_update_text">तुम्ही Google Play सेवा अपडेट करेपर्यंत %1$s चालणार नाही.</string>
    <string msgid="6006316683626838685" name="common_google_play_services_update_title">Google Play सेवा अपडेट करा</string>
    <string name="common_google_play_services_updating_text">सध्‍या अपडेट होत असलेल्‍या, Google Play सेवांशिवाय %1$s चालणार नाही.</string>
    <string name="common_google_play_services_wear_update_text">Google Play सेवांच्या नवीन आवृत्तीची आवश्यकता आहे. हे स्वत:ला लवकरच अपडेट करेल.</string>
    <string name="common_open_on_phone">फोनवर उघडा</string>
    <string name="common_signin_button_text">साइन इन करा</string>
    <string name="common_signin_button_text_long">Google सह साइन इन करा</string>
    <string msgid="3260749812566568062" name="copy_toast_msg">"लिंक क्लिपबोर्डवर कॉपी केली"</string>
    <string name="error_icon_content_description">एरर</string>
    <string name="exposed_dropdown_menu_content_description">ड्रॉपडाउन मेनू दाखवा</string>
    <string msgid="4566929209979330987" name="fallback_menu_item_copy_link">"लिंक कॉपी करा"</string>
    <string msgid="3413186855122069269" name="fallback_menu_item_open_in_browser">"ब्राउझरमध्ये उघडा"</string>
    <string msgid="7145444925855055364" name="fallback_menu_item_share_link">"लिंक शेअर करा"</string>
    <string name="icon_content_description">डायलॉग आयकन</string>
    <string name="item_view_role_description">टॅब</string>
    <string name="material_clock_toggle_content_description">AM किंवा PM निवडा</string>
    <string name="material_hour_24h_suffix">%1$s तास</string>
    <string name="material_hour_selection">वेळ निवडा</string>
    <string name="material_hour_suffix">%1$s वाजता</string>
    <string name="material_minute_selection">मिनिटे निवडा</string>
    <string name="material_minute_suffix">%1$s मिनिटे</string>
    <string name="material_timepicker_am">AM</string>
    <string name="material_timepicker_clock_mode_description">वेळेच्या इनपुटसाठी घड्याळ मोडवर स्विच करा.</string>
    <string name="material_timepicker_hour">तास</string>
    <string name="material_timepicker_minute">मिनिट</string>
    <string name="material_timepicker_pm">PM</string>
    <string name="material_timepicker_select_time">वेळ निवडा</string>
    <string name="material_timepicker_text_input_mode_description">वेळ इनपुटसाठी मजकूर इनपुट मोडवर स्विच करा.</string>
    <string name="mtrl_badge_numberless_content_description">नवीन सूचना</string>
    <string name="mtrl_chip_close_icon_content_description">काढून टाका %1$s</string>
    <string name="mtrl_exceed_max_badge_number_content_description" ns2:ignore="PluralsCandidate">%1$d पेक्षा अधिक नवीन सूचना</string>
    <string name="mtrl_picker_a11y_next_month">पुढील महिन्यावर बदला</string>
    <string name="mtrl_picker_a11y_prev_month">मागील महिन्यावर बदला</string>
    <string name="mtrl_picker_announce_current_range_selection">सुरू होण्याच्या तारखेची निवड: %1$s – संपण्याच्या तारखेची निवड: %2$s</string>
    <string name="mtrl_picker_announce_current_selection">सध्याची निवड: %1$s</string>
    <string name="mtrl_picker_announce_current_selection_none">काहीही नाही</string>
    <string name="mtrl_picker_cancel">रद्द करा</string>
    <string name="mtrl_picker_confirm">ओके</string>
    <string name="mtrl_picker_date_header_selected">%1$s</string>
    <string name="mtrl_picker_date_header_title">तारीख निवडा</string>
    <string name="mtrl_picker_date_header_unselected">निवडलेली तारीख</string>
    <string name="mtrl_picker_day_of_week_column_header">दिवसांचा स्तंभ: %1$s</string>
    <string name="mtrl_picker_end_date_description">संपण्याची तारीख %1$s</string>
    <string name="mtrl_picker_invalid_format">चुकीचा फॉरमॅट.</string>
    <string name="mtrl_picker_invalid_format_example">उदाहरण: %1$s</string>
    <string name="mtrl_picker_invalid_format_use">%1$s: वापरा</string>
    <string name="mtrl_picker_invalid_range">चुकीची श्रेणी.</string>
    <string name="mtrl_picker_navigate_to_current_year_description">सध्याचे वर्ष %1$d यावर नेव्हिगेट करा</string>
    <string name="mtrl_picker_navigate_to_year_description">%1$d वर्षावर नेव्हिगेट करा</string>
    <string name="mtrl_picker_out_of_range">रेंजच्या बाहेर: %1$s</string>
    <string name="mtrl_picker_range_header_only_end_selected">सुरू होण्याची तारीख – %1$s</string>
    <string name="mtrl_picker_range_header_only_start_selected">%1$s – संपण्याची तारीख</string>
    <string name="mtrl_picker_range_header_selected">%1$s – %2$s</string>
    <string name="mtrl_picker_range_header_title">रेंज निवडा</string>
    <string name="mtrl_picker_range_header_unselected">सुरू होण्याची तारीख – संपण्याची तारीख</string>
    <string name="mtrl_picker_save">सेव्ह करा</string>
    <string name="mtrl_picker_start_date_description">सुरू होण्याची तारीख %1$s</string>
    <string name="mtrl_picker_text_input_date_hint">तारीख</string>
    <string name="mtrl_picker_text_input_date_range_end_hint">संपण्याची तारीख</string>
    <string name="mtrl_picker_text_input_date_range_start_hint">सुरू होण्याची तारीख</string>
    <string name="mtrl_picker_text_input_day_abbr">दि</string>
    <string name="mtrl_picker_text_input_month_abbr">म</string>
    <string name="mtrl_picker_text_input_year_abbr">व</string>
    <string name="mtrl_picker_today_description">आज %1$s</string>
    <string name="mtrl_picker_toggle_to_calendar_input_mode">कॅलेंडर इनपुट मोडवर स्विच करा</string>
    <string name="mtrl_picker_toggle_to_day_selection">कॅलेंडर या दृश्यावर स्विच करण्यासाठी टॅप करा</string>
    <string name="mtrl_picker_toggle_to_text_input_mode">मजकूर इनपुट मोडवर स्विच करा</string>
    <string name="mtrl_picker_toggle_to_year_selection">वर्ष या दृश्यावर स्विच करण्यासाठी टॅप करा</string>
    <string name="mtrl_timepicker_cancel">रद्द करा</string>
    <string name="mtrl_timepicker_confirm">ओके</string>
    <string msgid="6301633601645100427" name="nav_app_bar_navigate_up_description">"वर नेव्‍हिगेट करा"</string>
    <string msgid="7456070600745802113" name="nav_app_bar_open_drawer_description">"नेव्हिगेशन ड्रॉवर उघडा"</string>
    <string name="password_toggle_content_description">पासवर्ड दाखवा</string>
    <string msgid="6264217191555673260" name="search_menu_title">"शोध"</string>
    <string msgid="6277540029070332960" name="status_bar_notification_info_overflow">"९९९+"</string>
</resources>