<?xml version="1.0" encoding="utf-8"?>
<resources xmlns:ns1="urn:oasis:names:tc:xliff:document:1.2" xmlns:ns2="http://schemas.android.com/tools">
    <plurals name="mtrl_badge_content_description">
    <item quantity="one">%d notificación nueva</item>
    <item quantity="other">%d notificaciones nuevas</item>
  </plurals>
    <string msgid="5976598919945601918" name="abc_action_bar_home_description">"Ir a inicio"</string>
    <string msgid="8388173803310557296" name="abc_action_bar_up_description">"Desplazarse hacia arriba"</string>
    <string msgid="3937310113216875497" name="abc_action_menu_overflow_description">"Más opciones"</string>
    <string msgid="4692188335987374352" name="abc_action_mode_done">"Hecho"</string>
    <string msgid="1189761859438369441" name="abc_activity_chooser_view_see_all">"Ver todo"</string>
    <string msgid="2165779757652331008" name="abc_activitychooserview_choose_application">"Seleccionar una aplicación"</string>
    <string msgid="4215997306490295099" name="abc_capital_off">"DESACTIVADO"</string>
    <string msgid="884982626291842264" name="abc_capital_on">"ACTIVADO"</string>
    <string msgid="8833365367933412986" name="abc_menu_alt_shortcut_label">"Alt +"</string>
    <string msgid="2223301931652355242" name="abc_menu_ctrl_shortcut_label">"Ctrl +"</string>
    <string msgid="838001238306846836" name="abc_menu_delete_shortcut_label">"Suprimir"</string>
    <string msgid="7986526966204849475" name="abc_menu_enter_shortcut_label">"Intro"</string>
    <string msgid="375214403600139847" name="abc_menu_function_shortcut_label">"Función +"</string>
    <string msgid="4192209724446364286" name="abc_menu_meta_shortcut_label">"Meta +"</string>
    <string msgid="4741552369836443843" name="abc_menu_shift_shortcut_label">"Mayús +"</string>
    <string msgid="5473865519181928982" name="abc_menu_space_shortcut_label">"Espacio"</string>
    <string msgid="6180552449598693998" name="abc_menu_sym_shortcut_label">"Sym +"</string>
    <string msgid="5520303668377388990" name="abc_prepend_shortcut_label">"Menú +"</string>
    <string msgid="7208076849092622260" name="abc_search_hint">"Buscar…"</string>
    <string msgid="3741173234950517107" name="abc_searchview_description_clear">"Borrar consulta"</string>
    <string msgid="693312494995508443" name="abc_searchview_description_query">"Consulta de búsqueda"</string>
    <string msgid="3417662926640357176" name="abc_searchview_description_search">"Buscar"</string>
    <string msgid="1486535517437947103" name="abc_searchview_description_submit">"Enviar consulta"</string>
    <string msgid="2293578557972875415" name="abc_searchview_description_voice">"Búsqueda por voz"</string>
    <string msgid="8875138169939072951" name="abc_shareactionprovider_share_with">"Compartir con"</string>
    <string msgid="9055268688411532828" name="abc_shareactionprovider_share_with_application">"Compartir con <ns1:g id="APPLICATION_NAME">%s</ns1:g>"</string>
    <string msgid="1656852541809559762" name="abc_toolbar_collapse_description">"Ocultar"</string>
    <string name="bottomsheet_action_collapse">Ocultar la hoja inferior</string>
    <string name="bottomsheet_action_expand">Mostrar la hoja inferior</string>
    <string name="bottomsheet_action_expand_halfway">Desplegar hasta la mitad</string>
    <string name="bottomsheet_drag_handle_clicked">Controlador de arrastre tocado dos veces</string>
    <string name="bottomsheet_drag_handle_content_description">Controlador de arrastre</string>
    <string msgid="881409763997275156" name="call_notification_answer_action">"Responder"</string>
    <string msgid="8793775615905189152" name="call_notification_answer_video_action">"Vídeo"</string>
    <string msgid="3229508546291798546" name="call_notification_decline_action">"Rechazar"</string>
    <string msgid="2659457946726154263" name="call_notification_hang_up_action">"Colgar"</string>
    <string msgid="6107532579223922871" name="call_notification_incoming_text">"Llamada entrante"</string>
    <string msgid="8623827134497363134" name="call_notification_ongoing_text">"Llamada en curso"</string>
    <string msgid="59049573811482460" name="call_notification_screening_text">"Filtrando una llamada entrante"</string>
    <string name="character_counter_content_description">Caracteres introducidos: %1$d de %2$d</string>
    <string name="character_counter_overflowed_content_description">Límite de caracteres superado (%1$d de %2$d)</string>
    <string name="clear_text_end_icon_content_description">Borrar texto</string>
    <string msgid="2523291102206661146" name="common_google_play_services_enable_button">Habilitar</string>
    <string msgid="227660514972886228" name="common_google_play_services_enable_text">%1$s no funcionará hasta que no habilites Servicios de Google Play.</string>
    <string msgid="5122002158466380389" name="common_google_play_services_enable_title">Habilita Servicios de Google Play</string>
    <string msgid="7153882981874058840" name="common_google_play_services_install_button">Instalar</string>
    <string name="common_google_play_services_install_text">%1$s no se ejecutará si los Servicios de Google Play no están instalados en tu dispositivo.</string>
    <string msgid="7215213145546190223" name="common_google_play_services_install_title">Descargar Servicios de Google Play</string>
    <string name="common_google_play_services_notification_channel_name">Disponibilidad Servicios de Google Play</string>
    <string name="common_google_play_services_notification_ticker">Error de Servicios de Google Play</string>
    <string name="common_google_play_services_unknown_issue">La aplicación %1$s tiene problemas con los Servicios de Google Play. Vuelve a intentarlo.</string>
    <string name="common_google_play_services_unsupported_text">No es posible ejecutar la aplicación %1$s sin los Servicios de Google Play, que no son compatibles con tu dispositivo.</string>
    <string msgid="6556509956452265614" name="common_google_play_services_update_button">Actualizar</string>
    <string msgid="9053896323427875356" name="common_google_play_services_update_text">%1$s no funcionará hasta que no actualices Servicios de Google Play.</string>
    <string msgid="6006316683626838685" name="common_google_play_services_update_title">Actualiza Servicios de Google Play</string>
    <string name="common_google_play_services_updating_text">%1$s no se ejecutará hasta que finalice la actualización en curso de Servicios de Google Play.</string>
    <string name="common_google_play_services_wear_update_text">Se necesita una nueva versión de Servicios de Google Play. Se actualizará en breve.</string>
    <string name="common_open_on_phone">Abrir en teléfono</string>
    <string name="common_signin_button_text">Iniciar sesión</string>
    <string name="common_signin_button_text_long">Iniciar sesión con Google</string>
    <string msgid="3260749812566568062" name="copy_toast_msg">"Enlace copiado en el portapapeles"</string>
    <string name="error_icon_content_description">Error</string>
    <string name="exposed_dropdown_menu_content_description">Mostrar menú desplegable</string>
    <string msgid="4566929209979330987" name="fallback_menu_item_copy_link">"Copiar enlace"</string>
    <string msgid="3413186855122069269" name="fallback_menu_item_open_in_browser">"Abrir en el navegador"</string>
    <string msgid="7145444925855055364" name="fallback_menu_item_share_link">"Compartir enlace"</string>
    <string name="icon_content_description">Icono del cuadro de diálogo</string>
    <string name="item_view_role_description">Pestaña</string>
    <string name="material_clock_toggle_content_description">Selecciona AM o PM</string>
    <string name="material_hour_24h_suffix">%1$s horas</string>
    <string name="material_hour_selection">Seleccionar hora</string>
    <string name="material_hour_suffix">%1$s en punto</string>
    <string name="material_minute_selection">Seleccionar minutos</string>
    <string name="material_minute_suffix">%1$s minutos</string>
    <string name="material_timepicker_am">A.M.</string>
    <string name="material_timepicker_clock_mode_description">Cambia al modo de reloj para escribir la hora.</string>
    <string name="material_timepicker_hour">Hora</string>
    <string name="material_timepicker_minute">Minuto</string>
    <string name="material_timepicker_pm">P.M.</string>
    <string name="material_timepicker_select_time">Seleccionar la hora</string>
    <string name="material_timepicker_text_input_mode_description">Cambia al modo de introducción de texto para escribir la hora.</string>
    <string name="mtrl_badge_numberless_content_description">Notificación nueva</string>
    <string name="mtrl_chip_close_icon_content_description">Retirar %1$s</string>
    <string name="mtrl_exceed_max_badge_number_content_description" ns2:ignore="PluralsCandidate">Más de %1$d notificaciones nuevas</string>
    <string name="mtrl_picker_a11y_next_month">Cambiar al mes siguiente</string>
    <string name="mtrl_picker_a11y_prev_month">Cambiar al mes anterior</string>
    <string name="mtrl_picker_announce_current_range_selection">Selección de fecha de inicio: %1$s – Selección de fecha de finalización: %2$s</string>
    <string name="mtrl_picker_announce_current_selection">Selección actual: %1$s</string>
    <string name="mtrl_picker_announce_current_selection_none">ninguna</string>
    <string name="mtrl_picker_cancel">Cancelar</string>
    <string name="mtrl_picker_confirm">Aceptar</string>
    <string name="mtrl_picker_date_header_selected">%1$s</string>
    <string name="mtrl_picker_date_header_title">Selecciona una fecha</string>
    <string name="mtrl_picker_date_header_unselected">Fecha seleccionada</string>
    <string name="mtrl_picker_day_of_week_column_header">Columna de días: %1$s</string>
    <string name="mtrl_picker_end_date_description">Fecha de finalización: %1$s</string>
    <string name="mtrl_picker_invalid_format">Formato no válido.</string>
    <string name="mtrl_picker_invalid_format_example">Ejemplo: %1$s</string>
    <string name="mtrl_picker_invalid_format_use">Usar: %1$s</string>
    <string name="mtrl_picker_invalid_range">El periodo no es válido.</string>
    <string name="mtrl_picker_navigate_to_current_year_description">Ir al año actual, %1$d</string>
    <string name="mtrl_picker_navigate_to_year_description">Ir al año %1$d</string>
    <string name="mtrl_picker_out_of_range">Fuera del periodo válido: %1$s</string>
    <string name="mtrl_picker_range_header_only_end_selected">Fecha de inicio–%1$s</string>
    <string name="mtrl_picker_range_header_only_start_selected">%1$s–Fecha de finalización</string>
    <string name="mtrl_picker_range_header_selected">%1$s – %2$s</string>
    <string name="mtrl_picker_range_header_title">Selecciona un periodo</string>
    <string name="mtrl_picker_range_header_unselected">Fecha de inicio–Fecha de finalización</string>
    <string name="mtrl_picker_save">Guardar</string>
    <string name="mtrl_picker_start_date_description">Fecha de inicio: %1$s</string>
    <string name="mtrl_picker_text_input_date_hint">Fecha</string>
    <string name="mtrl_picker_text_input_date_range_end_hint">Fecha de finalización</string>
    <string name="mtrl_picker_text_input_date_range_start_hint">Fecha de inicio</string>
    <string name="mtrl_picker_text_input_day_abbr">d</string>
    <string name="mtrl_picker_text_input_month_abbr">m</string>
    <string name="mtrl_picker_text_input_year_abbr">a</string>
    <string name="mtrl_picker_today_description">Hoy, %1$s</string>
    <string name="mtrl_picker_toggle_to_calendar_input_mode">Cambiar al modo de introducción Calendario</string>
    <string name="mtrl_picker_toggle_to_day_selection">Toca para cambiar a la vista de calendario</string>
    <string name="mtrl_picker_toggle_to_text_input_mode">Cambiar al modo de introducción Texto</string>
    <string name="mtrl_picker_toggle_to_year_selection">Toca para cambiar a la vista de año</string>
    <string name="mtrl_timepicker_cancel">Cancelar</string>
    <string name="mtrl_timepicker_confirm">Aceptar</string>
    <string msgid="6301633601645100427" name="nav_app_bar_navigate_up_description">"Desplazarse hacia arriba"</string>
    <string msgid="7456070600745802113" name="nav_app_bar_open_drawer_description">"Abrir panel de navegación"</string>
    <string name="password_toggle_content_description">Mostrar contraseña</string>
    <string msgid="6264217191555673260" name="search_menu_title">"Buscar"</string>
    <string msgid="6277540029070332960" name="status_bar_notification_info_overflow">"999+"</string>
</resources>