<?xml version="1.0" encoding="utf-8" standalone="yes"?><Layout layout="dialog_retirar_mesa" modulePackage="com.example.gestaobilhares" filePath="app\src\main\res\layout\dialog_retirar_mesa.xml" directory="layout" isMerge="false" isBindingData="false" rootNodeType="android.widget.LinearLayout"><Targets><Target tag="layout/dialog_retirar_mesa_0" view="LinearLayout"><Expressions/><location startLine="1" startOffset="0" endLine="36" endOffset="14"/></Target><Target id="@+id/etRelogioFinal" view="EditText"><Expressions/><location startLine="14" startOffset="4" endLine="19" endOffset="57"/></Target><Target id="@+id/etValorRecebido" view="EditText"><Expressions/><location startLine="29" startOffset="4" endLine="34" endOffset="49"/></Target></Targets></Layout>