<?xml version="1.0" encoding="utf-8" standalone="yes"?><Layout layout="dialog_add_edit_route" modulePackage="com.example.gestaobilhares" filePath="app\src\main\res\layout\dialog_add_edit_route.xml" directory="layout" isMerge="false" isBindingData="false" rootNodeType="android.widget.LinearLayout"><Targets><Target tag="layout/dialog_add_edit_route_0" view="LinearLayout"><Expressions/><location startLine="1" startOffset="0" endLine="100" endOffset="14"/></Target><Target id="@+id/nomeEditText" view="com.google.android.material.textfield.TextInputEditText"><Expressions/><location startLine="22" startOffset="8" endLine="29" endOffset="46"/></Target><Target id="@+id/colaboradorEditText" view="com.google.android.material.textfield.TextInputEditText"><Expressions/><location startLine="45" startOffset="8" endLine="52" endOffset="46"/></Target><Target id="@+id/cidadesEditText" view="com.google.android.material.textfield.TextInputEditText"><Expressions/><location startLine="68" startOffset="8" endLine="77" endOffset="34"/></Target></Targets></Layout>