<?xml version="1.0" encoding="utf-8" standalone="yes"?><Layout layout="fragment_client_list" modulePackage="com.example.gestaobilhares" filePath="app\src\main\res\layout\fragment_client_list.xml" directory="layout" isMerge="false" isBindingData="false" rootNodeType="androidx.constraintlayout.widget.ConstraintLayout"><Targets><Target tag="layout/fragment_client_list_0" view="androidx.constraintlayout.widget.ConstraintLayout"><Expressions/><location startLine="1" startOffset="0" endLine="436" endOffset="51"/></Target><Target id="@+id/headerLayout" view="LinearLayout"><Expressions/><location startLine="9" startOffset="4" endLine="100" endOffset="18"/></Target><Target id="@+id/btnBack" view="ImageButton"><Expressions/><location startLine="30" startOffset="12" endLine="37" endOffset="49"/></Target><Target id="@+id/tvTitle" view="TextView"><Expressions/><location startLine="39" startOffset="12" endLine="49" endOffset="42"/></Target><Target id="@+id/btnSearch" view="ImageButton"><Expressions/><location startLine="51" startOffset="12" endLine="58" endOffset="49"/></Target><Target id="@+id/btnFilter" view="ImageButton"><Expressions/><location startLine="60" startOffset="12" endLine="68" endOffset="49"/></Target><Target id="@+id/layoutRouteInfo" view="LinearLayout"><Expressions/><location startLine="73" startOffset="8" endLine="98" endOffset="22"/></Target><Target id="@+id/tvRouteInfo" view="TextView"><Expressions/><location startLine="89" startOffset="12" endLine="96" endOffset="60"/></Target><Target id="@+id/routeControlCard" view="com.google.android.material.card.MaterialCardView"><Expressions/><location startLine="103" startOffset="4" endLine="217" endOffset="55"/></Target><Target id="@+id/tvCycleTitle" view="TextView"><Expressions/><location startLine="124" startOffset="12" endLine="133" endOffset="42"/></Target><Target id="@+id/statusIndicator" view="View"><Expressions/><location startLine="164" startOffset="24" endLine="170" endOffset="72"/></Target><Target id="@+id/tvRouteStatus" view="TextView"><Expressions/><location startLine="172" startOffset="24" endLine="181" endOffset="53"/></Target><Target id="@+id/btnStartRoute" view="com.google.android.material.button.MaterialButton"><Expressions/><location startLine="193" startOffset="20" endLine="200" endOffset="49"/></Target><Target id="@+id/btnFinishRoute" view="com.google.android.material.button.MaterialButton"><Expressions/><location startLine="202" startOffset="20" endLine="209" endOffset="49"/></Target><Target id="@+id/quickActionsCard" view="com.google.android.material.card.MaterialCardView"><Expressions/><location startLine="220" startOffset="4" endLine="311" endOffset="55"/></Target><Target id="@+id/btnAddClient" view="LinearLayout"><Expressions/><location startLine="241" startOffset="12" endLine="269" endOffset="26"/></Target><Target id="@+id/btnAddExpense" view="LinearLayout"><Expressions/><location startLine="279" startOffset="12" endLine="307" endOffset="26"/></Target><Target id="@+id/filtersCard" view="com.google.android.material.card.MaterialCardView"><Expressions/><location startLine="314" startOffset="4" endLine="367" endOffset="55"/></Target><Target id="@+id/btnFilterActive" view="com.google.android.material.button.MaterialButton"><Expressions/><location startLine="334" startOffset="12" endLine="343" endOffset="42"/></Target><Target id="@+id/btnFilterDebtors" view="com.google.android.material.button.MaterialButton"><Expressions/><location startLine="345" startOffset="12" endLine="353" endOffset="41"/></Target><Target id="@+id/btnFilterAll" view="com.google.android.material.button.MaterialButton"><Expressions/><location startLine="355" startOffset="12" endLine="363" endOffset="41"/></Target><Target id="@+id/rvClients" view="androidx.recyclerview.widget.RecyclerView"><Expressions/><location startLine="370" startOffset="4" endLine="382" endOffset="46"/></Target><Target id="@+id/progressBar" view="ProgressBar"><Expressions/><location startLine="385" startOffset="4" endLine="393" endOffset="51"/></Target><Target id="@+id/emptyStateLayout" view="LinearLayout"><Expressions/><location startLine="396" startOffset="4" endLine="434" endOffset="18"/></Target></Targets></Layout>