<?xml version="1.0" encoding="utf-8" standalone="yes"?><Layout layout="fragment_mesas_deposito" modulePackage="com.example.gestaobilhares" filePath="app\src\main\res\layout\fragment_mesas_deposito.xml" directory="layout" isMerge="false" isBindingData="false" rootNodeType="android.widget.LinearLayout"><Targets><Target tag="layout/fragment_mesas_deposito_0" view="LinearLayout"><Expressions/><location startLine="1" startOffset="0" endLine="64" endOffset="14"/></Target><Target id="@+id/btnBack" view="ImageButton"><Expressions/><location startLine="16" startOffset="8" endLine="23" endOffset="45"/></Target><Target id="@+id/btnCadastrarMesa" view="com.google.android.material.button.MaterialButton"><Expressions/><location startLine="35" startOffset="8" endLine="42" endOffset="37"/></Target><Target id="@+id/rvMesasDeposito" view="androidx.recyclerview.widget.RecyclerView"><Expressions/><location startLine="45" startOffset="4" endLine="51" endOffset="52"/></Target><Target id="@+id/tvEmptyState" view="TextView"><Expressions/><location startLine="53" startOffset="4" endLine="62" endOffset="41"/></Target></Targets></Layout>