<?xml version="1.0" encoding="utf-8" standalone="yes"?><Layout layout="fragment_route_management" modulePackage="com.example.gestaobilhares" filePath="app\src\main\res\layout\fragment_route_management.xml" directory="layout" isMerge="false" isBindingData="false" rootNodeType="androidx.coordinatorlayout.widget.CoordinatorLayout"><Targets><Target tag="layout/fragment_route_management_0" view="androidx.coordinatorlayout.widget.CoordinatorLayout"><Expressions/><location startLine="1" startOffset="0" endLine="198" endOffset="53"/></Target><Target id="@+id/backButton" view="ImageButton"><Expressions/><location startLine="29" startOffset="16" endLine="39" endOffset="69"/></Target><Target id="@+id/titleText" view="TextView"><Expressions/><location startLine="42" startOffset="16" endLine="56" endOffset="53"/></Target><Target id="@+id/totalRoutesCount" view="TextView"><Expressions/><location startLine="83" startOffset="24" endLine="90" endOffset="54"/></Target><Target id="@+id/sectionTitle" view="TextView"><Expressions/><location startLine="143" startOffset="16" endLine="154" endOffset="63"/></Target><Target id="@+id/routesRecyclerView" view="androidx.recyclerview.widget.RecyclerView"><Expressions/><location startLine="157" startOffset="16" endLine="166" endOffset="68"/></Target><Target id="@+id/progressBar" view="ProgressBar"><Expressions/><location startLine="169" startOffset="16" endLine="178" endOffset="57"/></Target><Target id="@+id/addRouteFab" view="com.google.android.material.floatingactionbutton.FloatingActionButton"><Expressions/><location startLine="187" startOffset="4" endLine="196" endOffset="25"/></Target></Targets></Layout>