<?xml version="1.0" encoding="utf-8" standalone="yes"?><Layout layout="fragment_expense_history" modulePackage="com.example.gestaobilhares" filePath="app\src\main\res\layout\fragment_expense_history.xml" directory="layout" isMerge="false" isBindingData="false" rootNodeType="androidx.constraintlayout.widget.ConstraintLayout"><Targets><Target tag="layout/fragment_expense_history_0" view="androidx.constraintlayout.widget.ConstraintLayout"><Expressions/><location startLine="1" startOffset="0" endLine="317" endOffset="51"/></Target><Target id="@+id/headerContainer" view="androidx.constraintlayout.widget.ConstraintLayout"><Expressions/><location startLine="10" startOffset="4" endLine="66" endOffset="55"/></Target><Target id="@+id/backButton" view="ImageButton"><Expressions/><location startLine="23" startOffset="8" endLine="34" endOffset="44"/></Target><Target id="@+id/titleText" view="TextView"><Expressions/><location startLine="37" startOffset="8" endLine="50" endOffset="55"/></Target><Target id="@+id/filterButton" view="ImageButton"><Expressions/><location startLine="53" startOffset="8" endLine="64" endOffset="44"/></Target><Target id="@+id/statsCard" view="androidx.cardview.widget.CardView"><Expressions/><location startLine="69" startOffset="4" endLine="180" endOffset="39"/></Target><Target id="@+id/totalExpensesAmount" view="TextView"><Expressions/><location startLine="96" startOffset="16" endLine="103" endOffset="46"/></Target><Target id="@+id/expenseCount" view="TextView"><Expressions/><location startLine="128" startOffset="16" endLine="135" endOffset="46"/></Target><Target id="@+id/periodText" view="TextView"><Expressions/><location startLine="160" startOffset="16" endLine="167" endOffset="46"/></Target><Target id="@+id/categoryFilterScrollView" view="HorizontalScrollView"><Expressions/><location startLine="183" startOffset="4" endLine="258" endOffset="26"/></Target><Target id="@+id/categoryChipGroup" view="com.google.android.material.chip.ChipGroup"><Expressions/><location startLine="193" startOffset="8" endLine="256" endOffset="52"/></Target><Target id="@+id/chipTodas" view="com.google.android.material.chip.Chip"><Expressions/><location startLine="201" startOffset="12" endLine="209" endOffset="68"/></Target><Target id="@+id/chipCombustivel" view="com.google.android.material.chip.Chip"><Expressions/><location startLine="211" startOffset="12" endLine="218" endOffset="68"/></Target><Target id="@+id/chipAlimentacao" view="com.google.android.material.chip.Chip"><Expressions/><location startLine="220" startOffset="12" endLine="227" endOffset="68"/></Target><Target id="@+id/chipTransporte" view="com.google.android.material.chip.Chip"><Expressions/><location startLine="229" startOffset="12" endLine="236" endOffset="68"/></Target><Target id="@+id/chipManutencao" view="com.google.android.material.chip.Chip"><Expressions/><location startLine="238" startOffset="12" endLine="245" endOffset="68"/></Target><Target id="@+id/chipMateriais" view="com.google.android.material.chip.Chip"><Expressions/><location startLine="247" startOffset="12" endLine="254" endOffset="68"/></Target><Target id="@+id/expensesRecyclerView" view="androidx.recyclerview.widget.RecyclerView"><Expressions/><location startLine="261" startOffset="4" endLine="273" endOffset="47"/></Target><Target id="@+id/progressBar" view="ProgressBar"><Expressions/><location startLine="276" startOffset="4" endLine="285" endOffset="51"/></Target><Target id="@+id/emptyStateLayout" view="LinearLayout"><Expressions/><location startLine="288" startOffset="4" endLine="315" endOffset="18"/></Target></Targets></Layout>