<?xml version="1.0" encoding="utf-8"?>
<LinearLayout xmlns:android="http://schemas.android.com/apk/res/android"
    android:layout_width="match_parent"
    android:layout_height="wrap_content"
    android:orientation="vertical"
    android:background="@drawable/card_background"
    android:padding="12dp"
    android:layout_marginBottom="8dp">

    <LinearLayout
        android:layout_width="match_parent"
        android:layout_height="wrap_content"
        android:orientation="horizontal"
        android:gravity="center_vertical">

        <TextView
            android:id="@+id/tvMesaNumero"
            android:layout_width="0dp"
            android:layout_height="wrap_content"
            android:layout_weight="1"
            android:text="Mesa 1"
            android:textStyle="bold"
            android:textSize="16sp" />

        <TextView
            android:id="@+id/tvTipoMesa"
            android:layout_width="wrap_content"
            android:layout_height="wrap_content"
            android:text="Sinuca"
            android:textSize="14sp"
            android:textColor="@android:color/black"
            android:layout_marginStart="8dp" />
    </LinearLayout>

    <LinearLayout
        android:layout_width="match_parent"
        android:layout_height="wrap_content"
        android:orientation="horizontal"
        android:layout_marginTop="4dp">

        <TextView
            android:layout_width="0dp"
            android:layout_height="wrap_content"
            android:layout_weight="1"
            android:text="Relógio Inicial: "
            android:textSize="13sp" />
        <TextView
            android:id="@+id/tvRelogioInicial"
            android:layout_width="wrap_content"
            android:layout_height="wrap_content"
            android:text="0"
            android:textStyle="bold" />
    </LinearLayout>

    <LinearLayout
        android:layout_width="match_parent"
        android:layout_height="wrap_content"
        android:orientation="horizontal">
        <TextView
            android:layout_width="0dp"
            android:layout_height="wrap_content"
            android:layout_weight="1"
            android:text="Relógio Final: "
            android:textSize="13sp" />
        <TextView
            android:id="@+id/tvRelogioFinal"
            android:layout_width="wrap_content"
            android:layout_height="wrap_content"
            android:text="0"
            android:textStyle="bold" />
    </LinearLayout>

    <LinearLayout
        android:layout_width="match_parent"
        android:layout_height="wrap_content"
        android:orientation="horizontal">
        <TextView
            android:layout_width="0dp"
            android:layout_height="wrap_content"
            android:layout_weight="1"
            android:text="Fichas Jogadas: "
            android:textSize="13sp" />
        <TextView
            android:id="@+id/tvFichasJogadas"
            android:layout_width="wrap_content"
            android:layout_height="wrap_content"
            android:text="0"
            android:textStyle="bold" />
    </LinearLayout>

    <LinearLayout
        android:layout_width="match_parent"
        android:layout_height="wrap_content"
        android:orientation="horizontal">
        <TextView
            android:layout_width="0dp"
            android:layout_height="wrap_content"
            android:layout_weight="1"
            android:text="Valor Fixo: "
            android:textSize="13sp" />
        <TextView
            android:id="@+id/tvValorFixo"
            android:layout_width="wrap_content"
            android:layout_height="wrap_content"
            android:text="R$ 0,00"
            android:textStyle="bold" />
    </LinearLayout>

    <LinearLayout
        android:layout_width="match_parent"
        android:layout_height="wrap_content"
        android:orientation="horizontal">
        <TextView
            android:layout_width="0dp"
            android:layout_height="wrap_content"
            android:layout_weight="1"
            android:text="Subtotal: "
            android:textSize="13sp" />
        <TextView
            android:id="@+id/tvSubtotal"
            android:layout_width="wrap_content"
            android:layout_height="wrap_content"
            android:text="R$ 0,00"
            android:textStyle="bold" />
    </LinearLayout>

    <LinearLayout
        android:layout_width="match_parent"
        android:layout_height="wrap_content"
        android:orientation="horizontal">
        <TextView
            android:layout_width="0dp"
            android:layout_height="wrap_content"
            android:layout_weight="1"
            android:text="Tipo Acerto: "
            android:textSize="13sp" />
        <TextView
            android:id="@+id/tvTipoAcerto"
            android:layout_width="wrap_content"
            android:layout_height="wrap_content"
            android:text="Presencial"
            android:textStyle="bold" />
    </LinearLayout>

    <LinearLayout
        android:layout_width="match_parent"
        android:layout_height="wrap_content"
        android:orientation="horizontal">
        <TextView
            android:layout_width="0dp"
            android:layout_height="wrap_content"
            android:layout_weight="1"
            android:text="Pano: "
            android:textSize="13sp" />
        <TextView
            android:id="@+id/tvPanoTrocado"
            android:layout_width="wrap_content"
            android:layout_height="wrap_content"
            android:text="Não trocado"
            android:textStyle="bold" />
    </LinearLayout>

</LinearLayout> 