<?xml version="1.0" encoding="utf-8" standalone="yes"?><Layout layout="item_settlement_history" modulePackage="com.example.gestaobilhares" filePath="app\src\main\res\layout\item_settlement_history.xml" directory="layout" isMerge="false" isBindingData="false" rootNodeType="com.google.android.material.card.MaterialCardView"><Targets><Target tag="layout/item_settlement_history_0" view="com.google.android.material.card.MaterialCardView"><Expressions/><location startLine="1" startOffset="0" endLine="155" endOffset="51"/></Target><Target id="@+id/tvSettlementId" view="TextView"><Expressions/><location startLine="32" startOffset="12" endLine="42" endOffset="36"/></Target><Target id="@+id/tvSettlementDate" view="TextView"><Expressions/><location startLine="49" startOffset="12" endLine="55" endOffset="41"/></Target><Target id="@+id/tvSettlementValue" view="TextView"><Expressions/><location startLine="67" startOffset="12" endLine="75" endOffset="40"/></Target><Target id="@+id/tvSettlementStatus" view="TextView"><Expressions/><location startLine="77" startOffset="12" endLine="86" endOffset="35"/></Target><Target id="@+id/tvDebitoAtual" view="TextView"><Expressions/><location startLine="105" startOffset="12" endLine="113" endOffset="42"/></Target><Target id="@+id/tvTablesCount" view="TextView"><Expressions/><location startLine="132" startOffset="12" endLine="138" endOffset="38"/></Target></Targets></Layout>