<?xml version="1.0" encoding="utf-8" standalone="yes"?><Layout layout="item_mesa_cliente" modulePackage="com.example.gestaobilhares" filePath="app\src\main\res\layout\item_mesa_cliente.xml" directory="layout" isMerge="false" isBindingData="false" rootNodeType="com.google.android.material.card.MaterialCardView"><Targets><Target tag="layout/item_mesa_cliente_0" view="com.google.android.material.card.MaterialCardView"><Expressions/><location startLine="1" startOffset="0" endLine="62" endOffset="51"/></Target><Target id="@+id/tvLabelMesa" view="TextView"><Expressions/><location startLine="26" startOffset="12" endLine="33" endOffset="42"/></Target><Target id="@+id/tvNumeroMesa" view="TextView"><Expressions/><location startLine="35" startOffset="12" endLine="46" endOffset="48"/></Target><Target id="@+id/btnRetirarMesa" view="ImageButton"><Expressions/><location startLine="49" startOffset="8" endLine="58" endOffset="39"/></Target></Targets></Layout>