<?xml version="1.0" encoding="utf-8"?>
<merger version="3"><dataSet aapt-namespace="http://schemas.android.com/apk/res-auto" config="main$Generated" generated="true" ignore_pattern="!.svn:!.git:!.ds_store:!*.scc:.*:&lt;dir>_*:!CVS:!thumbs.db:!picasa.ini:!*~"><source path="C:\Users\Rossiny\Desktop\2-GestaoBilhares\app\src\main\res"/></dataSet><dataSet aapt-namespace="http://schemas.android.com/apk/res-auto" config="main" generated-set="main$Generated" ignore_pattern="!.svn:!.git:!.ds_store:!*.scc:.*:&lt;dir>_*:!CVS:!thumbs.db:!picasa.ini:!*~"><source path="C:\Users\Rossiny\Desktop\2-GestaoBilhares\app\src\main\res"><file name="bottom_nav_item_color" path="C:\Users\Rossiny\Desktop\2-GestaoBilhares\app\src\main\res\color\bottom_nav_item_color.xml" qualifiers="" type="color"/><file name="billiard_background" path="C:\Users\Rossiny\Desktop\2-GestaoBilhares\app\src\main\res\drawable\billiard_background.xml" qualifiers="" type="drawable"/><file name="card_background" path="C:\Users\Rossiny\Desktop\2-GestaoBilhares\app\src\main\res\drawable\card_background.xml" qualifiers="" type="drawable"/><file name="circle_button_background" path="C:\Users\Rossiny\Desktop\2-GestaoBilhares\app\src\main\res\drawable\circle_button_background.xml" qualifiers="" type="drawable"/><file name="circle_purple_bg" path="C:\Users\Rossiny\Desktop\2-GestaoBilhares\app\src\main\res\drawable\circle_purple_bg.xml" qualifiers="" type="drawable"/><file name="circle_shape" path="C:\Users\Rossiny\Desktop\2-GestaoBilhares\app\src\main\res\drawable\circle_shape.xml" qualifiers="" type="drawable"/><file name="default_bar_background" path="C:\Users\Rossiny\Desktop\2-GestaoBilhares\app\src\main\res\drawable\default_bar_background.xml" qualifiers="" type="drawable"/><file name="gradient_overlay" path="C:\Users\Rossiny\Desktop\2-GestaoBilhares\app\src\main\res\drawable\gradient_overlay.xml" qualifiers="" type="drawable"/><file name="ic_add" path="C:\Users\Rossiny\Desktop\2-GestaoBilhares\app\src\main\res\drawable\ic_add.xml" qualifiers="" type="drawable"/><file name="ic_arrow_back" path="C:\Users\Rossiny\Desktop\2-GestaoBilhares\app\src\main\res\drawable\ic_arrow_back.xml" qualifiers="" type="drawable"/><file name="ic_arrow_right" path="C:\Users\Rossiny\Desktop\2-GestaoBilhares\app\src\main\res\drawable\ic_arrow_right.xml" qualifiers="" type="drawable"/><file name="ic_assignment" path="C:\Users\Rossiny\Desktop\2-GestaoBilhares\app\src\main\res\drawable\ic_assignment.xml" qualifiers="" type="drawable"/><file name="ic_attach_money" path="C:\Users\Rossiny\Desktop\2-GestaoBilhares\app\src\main\res\drawable\ic_attach_money.xml" qualifiers="" type="drawable"/><file name="ic_background_round" path="C:\Users\Rossiny\Desktop\2-GestaoBilhares\app\src\main\res\drawable\ic_background_round.xml" qualifiers="" type="drawable"/><file name="ic_bar_chart" path="C:\Users\Rossiny\Desktop\2-GestaoBilhares\app\src\main\res\drawable\ic_bar_chart.xml" qualifiers="" type="drawable"/><file name="ic_build" path="C:\Users\Rossiny\Desktop\2-GestaoBilhares\app\src\main\res\drawable\ic_build.xml" qualifiers="" type="drawable"/><file name="ic_calculator" path="C:\Users\Rossiny\Desktop\2-GestaoBilhares\app\src\main\res\drawable\ic_calculator.xml" qualifiers="" type="drawable"/><file name="ic_camera" path="C:\Users\Rossiny\Desktop\2-GestaoBilhares\app\src\main\res\drawable\ic_camera.xml" qualifiers="" type="drawable"/><file name="ic_chevron_left" path="C:\Users\Rossiny\Desktop\2-GestaoBilhares\app\src\main\res\drawable\ic_chevron_left.xml" qualifiers="" type="drawable"/><file name="ic_chevron_right" path="C:\Users\Rossiny\Desktop\2-GestaoBilhares\app\src\main\res\drawable\ic_chevron_right.xml" qualifiers="" type="drawable"/><file name="ic_clients" path="C:\Users\Rossiny\Desktop\2-GestaoBilhares\app\src\main\res\drawable\ic_clients.xml" qualifiers="" type="drawable"/><file name="ic_clock" path="C:\Users\Rossiny\Desktop\2-GestaoBilhares\app\src\main\res\drawable\ic_clock.xml" qualifiers="" type="drawable"/><file name="ic_close" path="C:\Users\Rossiny\Desktop\2-GestaoBilhares\app\src\main\res\drawable\ic_close.xml" qualifiers="" type="drawable"/><file name="ic_delete" path="C:\Users\Rossiny\Desktop\2-GestaoBilhares\app\src\main\res\drawable\ic_delete.xml" qualifiers="" type="drawable"/><file name="ic_directions_bus" path="C:\Users\Rossiny\Desktop\2-GestaoBilhares\app\src\main\res\drawable\ic_directions_bus.xml" qualifiers="" type="drawable"/><file name="ic_edit" path="C:\Users\Rossiny\Desktop\2-GestaoBilhares\app\src\main\res\drawable\ic_edit.xml" qualifiers="" type="drawable"/><file name="ic_filter" path="C:\Users\Rossiny\Desktop\2-GestaoBilhares\app\src\main\res\drawable\ic_filter.xml" qualifiers="" type="drawable"/><file name="ic_info" path="C:\Users\Rossiny\Desktop\2-GestaoBilhares\app\src\main\res\drawable\ic_info.xml" qualifiers="" type="drawable"/><file name="ic_inventory" path="C:\Users\Rossiny\Desktop\2-GestaoBilhares\app\src\main\res\drawable\ic_inventory.xml" qualifiers="" type="drawable"/><file name="ic_launcher_background" path="C:\Users\Rossiny\Desktop\2-GestaoBilhares\app\src\main\res\drawable\ic_launcher_background.xml" qualifiers="" type="drawable"/><file name="ic_launcher_foreground" path="C:\Users\Rossiny\Desktop\2-GestaoBilhares\app\src\main\res\drawable\ic_launcher_foreground.xml" qualifiers="" type="drawable"/><file name="ic_local_gas_station" path="C:\Users\Rossiny\Desktop\2-GestaoBilhares\app\src\main\res\drawable\ic_local_gas_station.xml" qualifiers="" type="drawable"/><file name="ic_location" path="C:\Users\Rossiny\Desktop\2-GestaoBilhares\app\src\main\res\drawable\ic_location.xml" qualifiers="" type="drawable"/><file name="ic_money" path="C:\Users\Rossiny\Desktop\2-GestaoBilhares\app\src\main\res\drawable\ic_money.xml" qualifiers="" type="drawable"/><file name="ic_pending" path="C:\Users\Rossiny\Desktop\2-GestaoBilhares\app\src\main\res\drawable\ic_pending.xml" qualifiers="" type="drawable"/><file name="ic_people" path="C:\Users\Rossiny\Desktop\2-GestaoBilhares\app\src\main\res\drawable\ic_people.xml" qualifiers="" type="drawable"/><file name="ic_percent" path="C:\Users\Rossiny\Desktop\2-GestaoBilhares\app\src\main\res\drawable\ic_percent.xml" qualifiers="" type="drawable"/><file name="ic_person" path="C:\Users\Rossiny\Desktop\2-GestaoBilhares\app\src\main\res\drawable\ic_person.xml" qualifiers="" type="drawable"/><file name="ic_phone" path="C:\Users\Rossiny\Desktop\2-GestaoBilhares\app\src\main\res\drawable\ic_phone.xml" qualifiers="" type="drawable"/><file name="ic_photo_camera" path="C:\Users\Rossiny\Desktop\2-GestaoBilhares\app\src\main\res\drawable\ic_photo_camera.xml" qualifiers="" type="drawable"/><file name="ic_receipt" path="C:\Users\Rossiny\Desktop\2-GestaoBilhares\app\src\main\res\drawable\ic_receipt.xml" qualifiers="" type="drawable"/><file name="ic_report" path="C:\Users\Rossiny\Desktop\2-GestaoBilhares\app\src\main\res\drawable\ic_report.xml" qualifiers="" type="drawable"/><file name="ic_reports" path="C:\Users\Rossiny\Desktop\2-GestaoBilhares\app\src\main\res\drawable\ic_reports.xml" qualifiers="" type="drawable"/><file name="ic_restaurant" path="C:\Users\Rossiny\Desktop\2-GestaoBilhares\app\src\main\res\drawable\ic_restaurant.xml" qualifiers="" type="drawable"/><file name="ic_route" path="C:\Users\Rossiny\Desktop\2-GestaoBilhares\app\src\main\res\drawable\ic_route.xml" qualifiers="" type="drawable"/><file name="ic_search" path="C:\Users\Rossiny\Desktop\2-GestaoBilhares\app\src\main\res\drawable\ic_search.xml" qualifiers="" type="drawable"/><file name="ic_settings" path="C:\Users\Rossiny\Desktop\2-GestaoBilhares\app\src\main\res\drawable\ic_settings.xml" qualifiers="" type="drawable"/><file name="ic_table" path="C:\Users\Rossiny\Desktop\2-GestaoBilhares\app\src\main\res\drawable\ic_table.xml" qualifiers="" type="drawable"/><file name="ic_user" path="C:\Users\Rossiny\Desktop\2-GestaoBilhares\app\src\main\res\drawable\ic_user.xml" qualifiers="" type="drawable"/><file name="ic_warning" path="C:\Users\Rossiny\Desktop\2-GestaoBilhares\app\src\main\res\drawable\ic_warning.xml" qualifiers="" type="drawable"/><file name="ic_warning_high" path="C:\Users\Rossiny\Desktop\2-GestaoBilhares\app\src\main\res\drawable\ic_warning_high.xml" qualifiers="" type="drawable"/><file name="ic_whatsapp" path="C:\Users\Rossiny\Desktop\2-GestaoBilhares\app\src\main\res\drawable\ic_whatsapp.xml" qualifiers="" type="drawable"/><file name="rounded_background" path="C:\Users\Rossiny\Desktop\2-GestaoBilhares\app\src\main\res\drawable\rounded_background.xml" qualifiers="" type="drawable"/><file name="rounded_tag_background" path="C:\Users\Rossiny\Desktop\2-GestaoBilhares\app\src\main\res\drawable\rounded_tag_background.xml" qualifiers="" type="drawable"/><file name="rounded_tag_gray" path="C:\Users\Rossiny\Desktop\2-GestaoBilhares\app\src\main\res\drawable\rounded_tag_gray.xml" qualifiers="" type="drawable"/><file name="rounded_tag_green" path="C:\Users\Rossiny\Desktop\2-GestaoBilhares\app\src\main\res\drawable\rounded_tag_green.xml" qualifiers="" type="drawable"/><file name="rounded_tag_orange" path="C:\Users\Rossiny\Desktop\2-GestaoBilhares\app\src\main\res\drawable\rounded_tag_orange.xml" qualifiers="" type="drawable"/><file name="rounded_tag_red" path="C:\Users\Rossiny\Desktop\2-GestaoBilhares\app\src\main\res\drawable\rounded_tag_red.xml" qualifiers="" type="drawable"/><file name="status_background" path="C:\Users\Rossiny\Desktop\2-GestaoBilhares\app\src\main\res\drawable\status_background.xml" qualifiers="" type="drawable"/><file name="activity_main" path="C:\Users\Rossiny\Desktop\2-GestaoBilhares\app\src\main\res\layout\activity_main.xml" qualifiers="" type="layout"/><file name="dialog_add_edit_route" path="C:\Users\Rossiny\Desktop\2-GestaoBilhares\app\src\main\res\layout\dialog_add_edit_route.xml" qualifiers="" type="layout"/><file name="dialog_metodos_pagamento" path="C:\Users\Rossiny\Desktop\2-GestaoBilhares\app\src\main\res\layout\dialog_metodos_pagamento.xml" qualifiers="" type="layout"/><file name="dialog_retirar_mesa" path="C:\Users\Rossiny\Desktop\2-GestaoBilhares\app\src\main\res\layout\dialog_retirar_mesa.xml" qualifiers="" type="layout"/><file name="dialog_settlement_summary" path="C:\Users\Rossiny\Desktop\2-GestaoBilhares\app\src\main\res\layout\dialog_settlement_summary.xml" qualifiers="" type="layout"/><file name="fragment_cadastro_mesa" path="C:\Users\Rossiny\Desktop\2-GestaoBilhares\app\src\main\res\layout\fragment_cadastro_mesa.xml" qualifiers="" type="layout"/><file name="fragment_client_detail" path="C:\Users\Rossiny\Desktop\2-GestaoBilhares\app\src\main\res\layout\fragment_client_detail.xml" qualifiers="" type="layout"/><file name="fragment_client_list" path="C:\Users\Rossiny\Desktop\2-GestaoBilhares\app\src\main\res\layout\fragment_client_list.xml" qualifiers="" type="layout"/><file name="fragment_client_register" path="C:\Users\Rossiny\Desktop\2-GestaoBilhares\app\src\main\res\layout\fragment_client_register.xml" qualifiers="" type="layout"/><file name="fragment_expense_history" path="C:\Users\Rossiny\Desktop\2-GestaoBilhares\app\src\main\res\layout\fragment_expense_history.xml" qualifiers="" type="layout"/><file name="fragment_login" path="C:\Users\Rossiny\Desktop\2-GestaoBilhares\app\src\main\res\layout\fragment_login.xml" qualifiers="" type="layout"/><file name="fragment_main" path="C:\Users\Rossiny\Desktop\2-GestaoBilhares\app\src\main\res\layout\fragment_main.xml" qualifiers="" type="layout"/><file name="fragment_mesas_deposito" path="C:\Users\Rossiny\Desktop\2-GestaoBilhares\app\src\main\res\layout\fragment_mesas_deposito.xml" qualifiers="" type="layout"/><file name="fragment_routes" path="C:\Users\Rossiny\Desktop\2-GestaoBilhares\app\src\main\res\layout\fragment_routes.xml" qualifiers="" type="layout"/><file name="fragment_route_management" path="C:\Users\Rossiny\Desktop\2-GestaoBilhares\app\src\main\res\layout\fragment_route_management.xml" qualifiers="" type="layout"/><file name="fragment_settlement" path="C:\Users\Rossiny\Desktop\2-GestaoBilhares\app\src\main\res\layout\fragment_settlement.xml" qualifiers="" type="layout"/><file name="fragment_settlement_detail" path="C:\Users\Rossiny\Desktop\2-GestaoBilhares\app\src\main\res\layout\fragment_settlement_detail.xml" qualifiers="" type="layout"/><file name="item_acerto_mesa_detail" path="C:\Users\Rossiny\Desktop\2-GestaoBilhares\app\src\main\res\layout\item_acerto_mesa_detail.xml" qualifiers="" type="layout"/><file name="item_client" path="C:\Users\Rossiny\Desktop\2-GestaoBilhares\app\src\main\res\layout\item_client.xml" qualifiers="" type="layout"/><file name="item_expense" path="C:\Users\Rossiny\Desktop\2-GestaoBilhares\app\src\main\res\layout\item_expense.xml" qualifiers="" type="layout"/><file name="item_mesa_acerto" path="C:\Users\Rossiny\Desktop\2-GestaoBilhares\app\src\main\res\layout\item_mesa_acerto.xml" qualifiers="" type="layout"/><file name="item_mesa_cliente" path="C:\Users\Rossiny\Desktop\2-GestaoBilhares\app\src\main\res\layout\item_mesa_cliente.xml" qualifiers="" type="layout"/><file name="item_rota" path="C:\Users\Rossiny\Desktop\2-GestaoBilhares\app\src\main\res\layout\item_rota.xml" qualifiers="" type="layout"/><file name="item_route_management" path="C:\Users\Rossiny\Desktop\2-GestaoBilhares\app\src\main\res\layout\item_route_management.xml" qualifiers="" type="layout"/><file name="item_settlement_history" path="C:\Users\Rossiny\Desktop\2-GestaoBilhares\app\src\main\res\layout\item_settlement_history.xml" qualifiers="" type="layout"/><file name="bottom_navigation_menu" path="C:\Users\Rossiny\Desktop\2-GestaoBilhares\app\src\main\res\menu\bottom_navigation_menu.xml" qualifiers="" type="menu"/><file name="bottom_nav_menu" path="C:\Users\Rossiny\Desktop\2-GestaoBilhares\app\src\main\res\menu\bottom_nav_menu.xml" qualifiers="" type="menu"/><file name="ic_launcher" path="C:\Users\Rossiny\Desktop\2-GestaoBilhares\app\src\main\res\mipmap-anydpi-v26\ic_launcher.xml" qualifiers="anydpi-v26" type="mipmap"/><file name="ic_launcher_round" path="C:\Users\Rossiny\Desktop\2-GestaoBilhares\app\src\main\res\mipmap-anydpi-v26\ic_launcher_round.xml" qualifiers="anydpi-v26" type="mipmap"/><file name="ic_launcher" path="C:\Users\Rossiny\Desktop\2-GestaoBilhares\app\src\main\res\mipmap-hdpi\ic_launcher.webp" qualifiers="hdpi-v4" type="mipmap"/><file name="ic_launcher_round" path="C:\Users\Rossiny\Desktop\2-GestaoBilhares\app\src\main\res\mipmap-hdpi\ic_launcher_round.webp" qualifiers="hdpi-v4" type="mipmap"/><file name="ic_launcher" path="C:\Users\Rossiny\Desktop\2-GestaoBilhares\app\src\main\res\mipmap-mdpi\ic_launcher.webp" qualifiers="mdpi-v4" type="mipmap"/><file name="ic_launcher_round" path="C:\Users\Rossiny\Desktop\2-GestaoBilhares\app\src\main\res\mipmap-mdpi\ic_launcher_round.webp" qualifiers="mdpi-v4" type="mipmap"/><file name="ic_launcher" path="C:\Users\Rossiny\Desktop\2-GestaoBilhares\app\src\main\res\mipmap-xhdpi\ic_launcher.webp" qualifiers="xhdpi-v4" type="mipmap"/><file name="ic_launcher_round" path="C:\Users\Rossiny\Desktop\2-GestaoBilhares\app\src\main\res\mipmap-xhdpi\ic_launcher_round.webp" qualifiers="xhdpi-v4" type="mipmap"/><file name="ic_launcher" path="C:\Users\Rossiny\Desktop\2-GestaoBilhares\app\src\main\res\mipmap-xxhdpi\ic_launcher.webp" qualifiers="xxhdpi-v4" type="mipmap"/><file name="ic_launcher_round" path="C:\Users\Rossiny\Desktop\2-GestaoBilhares\app\src\main\res\mipmap-xxhdpi\ic_launcher_round.webp" qualifiers="xxhdpi-v4" type="mipmap"/><file name="ic_launcher" path="C:\Users\Rossiny\Desktop\2-GestaoBilhares\app\src\main\res\mipmap-xxxhdpi\ic_launcher.webp" qualifiers="xxxhdpi-v4" type="mipmap"/><file name="ic_launcher_round" path="C:\Users\Rossiny\Desktop\2-GestaoBilhares\app\src\main\res\mipmap-xxxhdpi\ic_launcher_round.webp" qualifiers="xxxhdpi-v4" type="mipmap"/><file name="nav_graph" path="C:\Users\Rossiny\Desktop\2-GestaoBilhares\app\src\main\res\navigation\nav_graph.xml" qualifiers="" type="navigation"/><file path="C:\Users\Rossiny\Desktop\2-GestaoBilhares\app\src\main\res\values\colors.xml" qualifiers=""><color name="primary_purple">#6200EA</color><color name="primary_purple_dark">#3700B3</color><color name="accent_purple">#BB86FC</color><color name="accent_primary">#BB86FC</color><color name="accent_primary_alpha">#33BB86FC</color><color name="purple_200">#FFBB86FC</color><color name="purple_500">#FF6200EA</color><color name="purple_600">#6200EA</color><color name="purple_700">#3700B3</color><color name="teal_200">#FF03DAC5</color><color name="teal_700">#FF018786</color><color name="black">#FF000000</color><color name="white">#FFFFFFFF</color><color name="transparent">#00FFFFFF</color><color name="background_primary">#121212</color><color name="background_dark">#121212</color><color name="background_light">#FAFAFA</color><color name="surface_primary">#1E1E1E</color><color name="surface_secondary">#2C2C2C</color><color name="surface_dark">#1E1E1E</color><color name="surface_variant">#F3F3F3</color><color name="card_background">#FFFFFF</color><color name="card_background_dark">#2C2C2C</color><color name="card_stroke">#22000000</color><color name="text_primary">#FFFFFF</color><color name="text_secondary">#B3B3B3</color><color name="text_disabled">#666666</color><color name="on_surface_variant">#6C757D</color><color name="green_50">#E8F5E8</color><color name="green_100">#C8E6C9</color><color name="green_200">#C8E6C9</color><color name="green_500">#4CAF50</color><color name="green_600">#43A047</color><color name="green_700">#388E3C</color><color name="success_green">#4CAF50</color><color name="success">#4CAF50</color><color name="red_50">#FFEBEE</color><color name="red_100">#FFCDD2</color><color name="red_500">#F44336</color><color name="red_600">#E53935</color><color name="red_700">#D32F2F</color><color name="error_red">#F44336</color><color name="error_color">#F44336</color><color name="error">#F44336</color><color name="orange_50">#FFF3E0</color><color name="orange_100">#FFE0B2</color><color name="orange_200">#FFE0B2</color><color name="orange_500">#FF9800</color><color name="orange_600">#FB8C00</color><color name="orange_700">#F57C00</color><color name="warning_orange">#FF9800</color><color name="warning">#FF9800</color><color name="yellow_50">#FFFDE7</color><color name="yellow_100">#FFF9C4</color><color name="yellow_600">#FDD835</color><color name="yellow_700">#F9A825</color><color name="blue_50">#E3F2FD</color><color name="blue_100">#BBDEFB</color><color name="blue_600">#1E88E5</color><color name="blue_700">#1976D2</color><color name="info">#2196F3</color><color name="gray_50">#FAFAFA</color><color name="gray_100">#F5F5F5</color><color name="gray_200">#EEEEEE</color><color name="gray_300">#E0E0E0</color><color name="gray_400">#BDBDBD</color><color name="gray_500">#9E9E9E</color><color name="gray_600">#757575</color><color name="gray_700">#616161</color><color name="gray_800">#424242</color><color name="gray_900">#212121</color><color name="black_overlay">#66000000</color><color name="white_overlay">#66FFFFFF</color><color name="primary_dark">#4A148C</color><color name="accent_light">#E1BEE7</color><color name="primary_600">#5300D4</color><color name="divider_color">#333333</color><color name="bottom_nav_background">#1F1F1F</color><color name="bottom_nav_selected">#6200EA</color><color name="bottom_nav_unselected">#888888</color><color name="button_background">#6200EA</color><color name="button_disabled">#444444</color><color name="colorPrimary">@color/primary_purple</color><color name="colorPrimaryDark">@color/primary_purple_dark</color><color name="colorAccent">@color/accent_purple</color></file><file path="C:\Users\Rossiny\Desktop\2-GestaoBilhares\app\src\main\res\values\strings.xml" qualifiers=""><string name="app_name">GestaoBilhares</string><string name="voltar">Voltar</string><string-array name="tipos_acerto">
        <item>Presencial</item>
        <item>por WhatsApp</item>
    </string-array></file><file path="C:\Users\Rossiny\Desktop\2-GestaoBilhares\app\src\main\res\values\themes.xml" qualifiers=""><style name="Theme.GestaoBilhares" parent="Theme.Material3.DayNight.NoActionBar">
        
        <item name="colorPrimary">#A68EFF</item>
        <item name="colorOnPrimary">#FFFFFF</item>
        <item name="colorPrimaryContainer">#2D1B69</item>
        <item name="colorOnPrimaryContainer">#E8DDFF</item>
        
        
        <item name="colorSecondary">#CCC2DC</item>
        <item name="colorOnSecondary">#332D41</item>
        <item name="colorSecondaryContainer">#4A4458</item>
        <item name="colorOnSecondaryContainer">#E8DDFF</item>
        
        
        <item name="colorSurface">#1C1B1F</item>
        <item name="colorOnSurface">#E6E1E5</item>
        <item name="colorSurfaceVariant">#49454F</item>
        <item name="colorOnSurfaceVariant">#CAC4D0</item>
        
        
        <item name="colorOutline">#938F99</item>
        <item name="colorOutlineVariant">#49454F</item>
        
        
        <item name="android:colorBackground">#1C1B1F</item>
        <item name="colorOnBackground">#E6E1E5</item>
        
        
        <item name="colorError">#F2B8B5</item>
        <item name="colorOnError">#601410</item>
        <item name="colorErrorContainer">#8C1D18</item>
        <item name="colorOnErrorContainer">#F9DEDC</item>
        
        
        <item name="android:statusBarColor">@android:color/transparent</item>
        <item name="android:windowLightStatusBar">false</item>
    </style><style name="DarkDialogTheme" parent="Theme.Material3.DayNight.Dialog">
        <item name="android:colorBackground">#23273A</item>
        <item name="android:textColorPrimary">#FFFFFF</item>
        <item name="android:textColorSecondary">#99FFFFFF</item>
        <item name="colorPrimary">#A68EFF</item>
        <item name="colorAccent">#A68EFF</item>
        <item name="android:windowBackground">#23273A</item>
        <item name="colorSurface">#23273A</item>
        <item name="colorOnSurface">#FFFFFF</item>
        <item name="colorOutline">#938F99</item>
    </style></file><file name="backup_rules" path="C:\Users\Rossiny\Desktop\2-GestaoBilhares\app\src\main\res\xml\backup_rules.xml" qualifiers="" type="xml"/><file name="data_extraction_rules" path="C:\Users\Rossiny\Desktop\2-GestaoBilhares\app\src\main\res\xml\data_extraction_rules.xml" qualifiers="" type="xml"/></source></dataSet><dataSet aapt-namespace="http://schemas.android.com/apk/res-auto" config="debug$Generated" generated="true" ignore_pattern="!.svn:!.git:!.ds_store:!*.scc:.*:&lt;dir>_*:!CVS:!thumbs.db:!picasa.ini:!*~"><source path="C:\Users\Rossiny\Desktop\2-GestaoBilhares\app\src\debug\res"/></dataSet><dataSet aapt-namespace="http://schemas.android.com/apk/res-auto" config="debug" generated-set="debug$Generated" ignore_pattern="!.svn:!.git:!.ds_store:!*.scc:.*:&lt;dir>_*:!CVS:!thumbs.db:!picasa.ini:!*~"><source path="C:\Users\Rossiny\Desktop\2-GestaoBilhares\app\src\debug\res"/></dataSet><dataSet aapt-namespace="http://schemas.android.com/apk/res-auto" config="generated$Generated" generated="true" ignore_pattern="!.svn:!.git:!.ds_store:!*.scc:.*:&lt;dir>_*:!CVS:!thumbs.db:!picasa.ini:!*~"><source path="C:\Users\Rossiny\Desktop\2-GestaoBilhares\app\build\generated\res\resValues\debug"/><source path="C:\Users\Rossiny\Desktop\2-GestaoBilhares\app\build\generated\res\processDebugGoogleServices"/></dataSet><dataSet aapt-namespace="http://schemas.android.com/apk/res-auto" config="generated" generated-set="generated$Generated" ignore_pattern="!.svn:!.git:!.ds_store:!*.scc:.*:&lt;dir>_*:!CVS:!thumbs.db:!picasa.ini:!*~"><source path="C:\Users\Rossiny\Desktop\2-GestaoBilhares\app\build\generated\res\resValues\debug"/><source path="C:\Users\Rossiny\Desktop\2-GestaoBilhares\app\build\generated\res\processDebugGoogleServices"><file path="C:\Users\Rossiny\Desktop\2-GestaoBilhares\app\build\generated\res\processDebugGoogleServices\values\values.xml" qualifiers=""><string name="default_web_client_id" translatable="false">1089459035145-d55o1h307gaedp4v03cuchr6s6nn2lhg.apps.googleusercontent.com</string><string name="gcm_defaultSenderId" translatable="false">1089459035145</string><string name="google_api_key" translatable="false">AIzaSyDb2s1PsqfZMQCswQMj2tmcV_e6DMSv0i4</string><string name="google_app_id" translatable="false">1:1089459035145:android:2d3b94222b1506a844acd8</string><string name="google_crash_reporting_api_key" translatable="false">AIzaSyDb2s1PsqfZMQCswQMj2tmcV_e6DMSv0i4</string><string name="google_storage_bucket" translatable="false">gestaobilhares.firebasestorage.app</string><string name="project_id" translatable="false">gestaobilhares</string></file></source></dataSet><dataSet aapt-namespace="http://schemas.android.com/apk/res-auto" config="res-processDebugGoogleServices$Generated" generated="true" ignore_pattern="!.svn:!.git:!.ds_store:!*.scc:.*:&lt;dir>_*:!CVS:!thumbs.db:!picasa.ini:!*~"/><dataSet aapt-namespace="http://schemas.android.com/apk/res-auto" config="res-processDebugGoogleServices" generated-set="res-processDebugGoogleServices$Generated" ignore_pattern="!.svn:!.git:!.ds_store:!*.scc:.*:&lt;dir>_*:!CVS:!thumbs.db:!picasa.ini:!*~"/><mergedItems/></merger>