{
    "logs": [
        {
            "outputFile": "com.example.gestaobilhares.app-mergeDebugResources-54:/values-mn/values-mn.xml",
            "map": [
                {
                    "source": "C:\\Users\\Rossiny\\.gradle\\caches\\8.11.1\\transforms\\53fd8897bc60734811156c448f1132c3\\transformed\\play-services-base-18.0.1\\res\\values-mn\\values.xml",
                    "from": {
                        "startLines": "4,5,6,7,8,9,10,11,12,13,14,15,16,17,18,19,20",
                        "startColumns": "0,0,0,0,0,0,0,0,0,0,0,0,0,0,0,0,0",
                        "startOffsets": "193,299,452,580,683,816,938,1063,1169,1309,1412,1576,1701,1838,2002,2059,2117",
                        "endColumns": "105,152,127,102,132,121,124,105,139,102,163,124,136,163,56,57,72",
                        "endOffsets": "298,451,579,682,815,937,1062,1168,1308,1411,1575,1700,1837,2001,2058,2116,2189"
                    },
                    "to": {
                        "startLines": "48,49,50,51,52,53,54,55,57,58,59,60,61,62,63,64,65",
                        "startColumns": "4,4,4,4,4,4,4,4,4,4,4,4,4,4,4,4,4",
                        "startOffsets": "4451,4561,4718,4850,4957,5094,5220,5349,5609,5753,5860,6028,6157,6298,6466,6527,6589",
                        "endColumns": "109,156,131,106,136,125,128,109,143,106,167,128,140,167,60,61,76",
                        "endOffsets": "4556,4713,4845,4952,5089,5215,5344,5454,5748,5855,6023,6152,6293,6461,6522,6584,6661"
                    }
                },
                {
                    "source": "C:\\Users\\Rossiny\\.gradle\\caches\\8.11.1\\transforms\\867aaaf1f78e7a3227d23380526b5f5a\\transformed\\core-1.12.0\\res\\values-mn\\values-mn.xml",
                    "from": {
                        "startLines": "2,3,4,5,6,7,8,9",
                        "startColumns": "4,4,4,4,4,4,4,4",
                        "startOffsets": "55,153,255,356,454,559,671,790",
                        "endColumns": "97,101,100,97,104,111,118,100",
                        "endOffsets": "148,250,351,449,554,666,785,886"
                    },
                    "to": {
                        "startLines": "38,39,40,41,42,43,44,133",
                        "startColumns": "4,4,4,4,4,4,4,4",
                        "startOffsets": "3414,3512,3614,3715,3813,3918,4030,12169",
                        "endColumns": "97,101,100,97,104,111,118,100",
                        "endOffsets": "3507,3609,3710,3808,3913,4025,4144,12265"
                    }
                },
                {
                    "source": "C:\\Users\\Rossiny\\.gradle\\caches\\8.11.1\\transforms\\2a8d5256ce170b432872fd22c2ddcad4\\transformed\\browser-1.4.0\\res\\values-mn\\values-mn.xml",
                    "from": {
                        "startLines": "2,3,4,5",
                        "startColumns": "4,4,4,4",
                        "startOffsets": "55,160,264,369",
                        "endColumns": "104,103,104,107",
                        "endOffsets": "155,259,364,472"
                    },
                    "to": {
                        "startLines": "66,69,70,71",
                        "startColumns": "4,4,4,4",
                        "startOffsets": "6666,6934,7038,7143",
                        "endColumns": "104,103,104,107",
                        "endOffsets": "6766,7033,7138,7246"
                    }
                },
                {
                    "source": "C:\\Users\\Rossiny\\.gradle\\caches\\8.11.1\\transforms\\24cf04f1c368f48d45221aeab28b1507\\transformed\\appcompat-1.6.1\\res\\values-mn\\values-mn.xml",
                    "from": {
                        "startLines": "2,3,4,5,6,7,8,9,10,11,12,13,14,15,16,17,18,19,20,21,22,23,24,25,26,27,28,29",
                        "startColumns": "4,4,4,4,4,4,4,4,4,4,4,4,4,4,4,4,4,4,4,4,4,4,4,4,4,4,4,4",
                        "startOffsets": "105,219,319,428,514,620,734,817,898,989,1082,1177,1273,1370,1463,1557,1649,1740,1830,1910,2017,2120,2217,2324,2426,2539,2698,2797",
                        "endColumns": "113,99,108,85,105,113,82,80,90,92,94,95,96,92,93,91,90,89,79,106,102,96,106,101,112,158,98,80",
                        "endOffsets": "214,314,423,509,615,729,812,893,984,1077,1172,1268,1365,1458,1552,1644,1735,1825,1905,2012,2115,2212,2319,2421,2534,2693,2792,2873"
                    },
                    "to": {
                        "startLines": "6,7,8,9,10,11,12,13,14,15,16,17,18,19,20,21,22,23,24,25,26,27,28,29,30,31,32,132",
                        "startColumns": "4,4,4,4,4,4,4,4,4,4,4,4,4,4,4,4,4,4,4,4,4,4,4,4,4,4,4,4",
                        "startOffsets": "315,429,529,638,724,830,944,1027,1108,1199,1292,1387,1483,1580,1673,1767,1859,1950,2040,2120,2227,2330,2427,2534,2636,2749,2908,12088",
                        "endColumns": "113,99,108,85,105,113,82,80,90,92,94,95,96,92,93,91,90,89,79,106,102,96,106,101,112,158,98,80",
                        "endOffsets": "424,524,633,719,825,939,1022,1103,1194,1287,1382,1478,1575,1668,1762,1854,1945,2035,2115,2222,2325,2422,2529,2631,2744,2903,3002,12164"
                    }
                },
                {
                    "source": "C:\\Users\\Rossiny\\.gradle\\caches\\8.11.1\\transforms\\32c23f03b9bc5089aa0411e4a74fc937\\transformed\\play-services-basement-18.1.0\\res\\values-mn\\values.xml",
                    "from": {
                        "startLines": "4",
                        "startColumns": "0",
                        "startOffsets": "195",
                        "endColumns": "145",
                        "endOffsets": "340"
                    },
                    "to": {
                        "startLines": "56",
                        "startColumns": "4",
                        "startOffsets": "5459",
                        "endColumns": "149",
                        "endOffsets": "5604"
                    }
                },
                {
                    "source": "C:\\Users\\Rossiny\\.gradle\\caches\\8.11.1\\transforms\\172021296054a48350991195601bb89c\\transformed\\navigation-ui-2.7.7\\res\\values-mn\\values-mn.xml",
                    "from": {
                        "startLines": "2,3",
                        "startColumns": "4,4",
                        "startOffsets": "55,161",
                        "endColumns": "105,120",
                        "endOffsets": "156,277"
                    },
                    "to": {
                        "startLines": "129,130",
                        "startColumns": "4,4",
                        "startOffsets": "11777,11883",
                        "endColumns": "105,120",
                        "endOffsets": "11878,11999"
                    }
                },
                {
                    "source": "C:\\Users\\Rossiny\\.gradle\\caches\\8.11.1\\transforms\\268fa8e90592b8e67e6e81b04c1efb6d\\transformed\\material-1.11.0\\res\\values-mn\\values-mn.xml",
                    "from": {
                        "startLines": "2,6,7,8,9,10,11,12,13,14,15,16,17,18,19,20,21,22,23,24,25,26,27,28,29,30,31,32,33,34,35,36,37,38,39,40,41,42,43,44,45,46,47,48,49,50,51,52,53,54,55,56,57,58,59,60,61,62,63,64,65,66,67,68,69,70,71,72,73",
                        "startColumns": "4,4,4,4,4,4,4,4,4,4,4,4,4,4,4,4,4,4,4,4,4,4,4,4,4,4,4,4,4,4,4,4,4,4,4,4,4,4,4,4,4,4,4,4,4,4,4,4,4,4,4,4,4,4,4,4,4,4,4,4,4,4,4,4,4,4,4,4,4",
                        "startOffsets": "100,265,344,421,500,587,672,770,889,974,1039,1137,1218,1277,1370,1432,1495,1553,1624,1686,1740,1861,1918,1979,2033,2104,2237,2321,2404,2537,2619,2697,2829,2919,2999,3053,3104,3170,3241,3319,3405,3484,3559,3637,3717,3800,3905,3993,4072,4162,4255,4329,4399,4490,4544,4624,4691,4775,4860,4922,4986,5049,5120,5224,5339,5436,5550,5608,5663",
                        "endLines": "5,6,7,8,9,10,11,12,13,14,15,16,17,18,19,20,21,22,23,24,25,26,27,28,29,30,31,32,33,34,35,36,37,38,39,40,41,42,43,44,45,46,47,48,49,50,51,52,53,54,55,56,57,58,59,60,61,62,63,64,65,66,67,68,69,70,71,72,73",
                        "endColumns": "12,78,76,78,86,84,97,118,84,64,97,80,58,92,61,62,57,70,61,53,120,56,60,53,70,132,83,82,132,81,77,131,89,79,53,50,65,70,77,85,78,74,77,79,82,104,87,78,89,92,73,69,90,53,79,66,83,84,61,63,62,70,103,114,96,113,57,54,83",
                        "endOffsets": "260,339,416,495,582,667,765,884,969,1034,1132,1213,1272,1365,1427,1490,1548,1619,1681,1735,1856,1913,1974,2028,2099,2232,2316,2399,2532,2614,2692,2824,2914,2994,3048,3099,3165,3236,3314,3400,3479,3554,3632,3712,3795,3900,3988,4067,4157,4250,4324,4394,4485,4539,4619,4686,4770,4855,4917,4981,5044,5115,5219,5334,5431,5545,5603,5658,5742"
                    },
                    "to": {
                        "startLines": "2,33,34,35,36,37,45,46,47,67,68,72,73,74,75,76,77,78,79,80,81,82,83,84,85,86,87,88,89,90,91,92,93,94,95,96,97,98,99,100,101,102,103,104,105,106,107,108,109,110,111,112,113,114,115,116,117,118,119,120,121,122,123,124,125,126,127,128,131",
                        "startColumns": "4,4,4,4,4,4,4,4,4,4,4,4,4,4,4,4,4,4,4,4,4,4,4,4,4,4,4,4,4,4,4,4,4,4,4,4,4,4,4,4,4,4,4,4,4,4,4,4,4,4,4,4,4,4,4,4,4,4,4,4,4,4,4,4,4,4,4,4,4",
                        "startOffsets": "150,3007,3086,3163,3242,3329,4149,4247,4366,6771,6836,7251,7332,7391,7484,7546,7609,7667,7738,7800,7854,7975,8032,8093,8147,8218,8351,8435,8518,8651,8733,8811,8943,9033,9113,9167,9218,9284,9355,9433,9519,9598,9673,9751,9831,9914,10019,10107,10186,10276,10369,10443,10513,10604,10658,10738,10805,10889,10974,11036,11100,11163,11234,11338,11453,11550,11664,11722,12004",
                        "endLines": "5,33,34,35,36,37,45,46,47,67,68,72,73,74,75,76,77,78,79,80,81,82,83,84,85,86,87,88,89,90,91,92,93,94,95,96,97,98,99,100,101,102,103,104,105,106,107,108,109,110,111,112,113,114,115,116,117,118,119,120,121,122,123,124,125,126,127,128,131",
                        "endColumns": "12,78,76,78,86,84,97,118,84,64,97,80,58,92,61,62,57,70,61,53,120,56,60,53,70,132,83,82,132,81,77,131,89,79,53,50,65,70,77,85,78,74,77,79,82,104,87,78,89,92,73,69,90,53,79,66,83,84,61,63,62,70,103,114,96,113,57,54,83",
                        "endOffsets": "310,3081,3158,3237,3324,3409,4242,4361,4446,6831,6929,7327,7386,7479,7541,7604,7662,7733,7795,7849,7970,8027,8088,8142,8213,8346,8430,8513,8646,8728,8806,8938,9028,9108,9162,9213,9279,9350,9428,9514,9593,9668,9746,9826,9909,10014,10102,10181,10271,10364,10438,10508,10599,10653,10733,10800,10884,10969,11031,11095,11158,11229,11333,11448,11545,11659,11717,11772,12083"
                    }
                }
            ]
        }
    ]
}