<?xml version="1.0" encoding="utf-8"?>
<resources xmlns:ns1="urn:oasis:names:tc:xliff:document:1.2" xmlns:ns2="http://schemas.android.com/tools">
    <plurals name="mtrl_badge_content_description">
    <item quantity="one">%d new notification</item>
    <item quantity="other">%d new notifications</item>
  </plurals>
    <string msgid="5976598919945601918" name="abc_action_bar_home_description">"ହୋମ୍ ପେଜ୍‌କୁ ନେଭିଗେଟ୍ କରନ୍ତୁ"</string>
    <string msgid="8388173803310557296" name="abc_action_bar_up_description">"ଉପରକୁ ନେଭିଗେଟ୍ କରନ୍ତୁ"</string>
    <string msgid="3937310113216875497" name="abc_action_menu_overflow_description">"ଅଧିକ ବିକଳ୍ପ"</string>
    <string msgid="4692188335987374352" name="abc_action_mode_done">"ହୋଇଗଲା"</string>
    <string msgid="1189761859438369441" name="abc_activity_chooser_view_see_all">"ସବୁ ଦେଖନ୍ତୁ"</string>
    <string msgid="2165779757652331008" name="abc_activitychooserview_choose_application">"ଗୋଟିଏ ଆପ୍‍ ବାଛନ୍ତୁ"</string>
    <string msgid="4215997306490295099" name="abc_capital_off">"ବନ୍ଦ"</string>
    <string msgid="884982626291842264" name="abc_capital_on">"ଚାଲୁ ଅଛି"</string>
    <string msgid="8833365367933412986" name="abc_menu_alt_shortcut_label">"Alt+"</string>
    <string msgid="2223301931652355242" name="abc_menu_ctrl_shortcut_label">"Ctrl+"</string>
    <string msgid="838001238306846836" name="abc_menu_delete_shortcut_label">"ଡିଲିଟ୍‌ କରନ୍ତୁ"</string>
    <string msgid="7986526966204849475" name="abc_menu_enter_shortcut_label">"ଏଣ୍ଟର୍"</string>
    <string msgid="375214403600139847" name="abc_menu_function_shortcut_label">"Function+"</string>
    <string msgid="4192209724446364286" name="abc_menu_meta_shortcut_label">"Meta+"</string>
    <string msgid="4741552369836443843" name="abc_menu_shift_shortcut_label">"Shift+"</string>
    <string msgid="5473865519181928982" name="abc_menu_space_shortcut_label">"ସ୍ପେସ୍‍"</string>
    <string msgid="6180552449598693998" name="abc_menu_sym_shortcut_label">"Sym+"</string>
    <string msgid="5520303668377388990" name="abc_prepend_shortcut_label">"ମେନୁ"</string>
    <string msgid="7208076849092622260" name="abc_search_hint">"ସର୍ଚ୍ଚ କରନ୍ତୁ…"</string>
    <string msgid="3741173234950517107" name="abc_searchview_description_clear">"କ୍ୱେରୀ ଖାଲି କରନ୍ତୁ"</string>
    <string msgid="693312494995508443" name="abc_searchview_description_query">"ସର୍ଚ୍ଚ କ୍ୱେରୀ"</string>
    <string msgid="3417662926640357176" name="abc_searchview_description_search">"ସନ୍ଧାନ କରନ୍ତୁ"</string>
    <string msgid="1486535517437947103" name="abc_searchview_description_submit">"କ୍ୱେରୀ ଦାଖଲ କରନ୍ତୁ"</string>
    <string msgid="2293578557972875415" name="abc_searchview_description_voice">"ଭଏସ୍‌ ସର୍ଚ୍ଚ"</string>
    <string msgid="8875138169939072951" name="abc_shareactionprovider_share_with">"ଏହାଙ୍କ ସହ ସେୟାର୍‌ କରନ୍ତୁ"</string>
    <string msgid="9055268688411532828" name="abc_shareactionprovider_share_with_application">"<ns1:g id="APPLICATION_NAME">%s</ns1:g> ସହ ସେୟାର୍‍ କରନ୍ତୁ"</string>
    <string msgid="1656852541809559762" name="abc_toolbar_collapse_description">"ସଂକୁଚିତ କରନ୍ତୁ"</string>
    <string name="bottomsheet_action_collapse">Collapse the bottom sheet</string>
    <string name="bottomsheet_action_expand">Expand the bottom sheet</string>
    <string name="bottomsheet_action_expand_halfway">Expand halfway</string>
    <string name="bottomsheet_drag_handle_clicked">Drag handle double-tapped</string>
    <string name="bottomsheet_drag_handle_content_description">Drag handle</string>
    <string msgid="881409763997275156" name="call_notification_answer_action">"ଉତ୍ତର ଦିଅନ୍ତୁ"</string>
    <string msgid="8793775615905189152" name="call_notification_answer_video_action">"ଭିଡିଓ"</string>
    <string msgid="3229508546291798546" name="call_notification_decline_action">"ଅଗ୍ରାହ୍ୟ କର"</string>
    <string msgid="2659457946726154263" name="call_notification_hang_up_action">"ସମାପ୍ତ କରନ୍ତୁ"</string>
    <string msgid="6107532579223922871" name="call_notification_incoming_text">"ଇନକମିଂ କଲ୍"</string>
    <string msgid="8623827134497363134" name="call_notification_ongoing_text">"ଚାଲିଥିବା କଲ୍"</string>
    <string msgid="59049573811482460" name="call_notification_screening_text">"ଏକ ଇନକମିଂ କଲକୁ ସ୍କ୍ରିନ୍ କରୁଛି"</string>
    <string name="character_counter_content_description">%2$d ର %1$d ଅକ୍ଷର ଲେଖିଛନ୍ତି</string>
    <string name="character_counter_overflowed_content_description">%2$d ର %1$d ଅକ୍ଷର ଲେଖିଛନ୍ତି</string>
    <string name="clear_text_end_icon_content_description">Clear text</string>
    <string msgid="2523291102206661146" name="common_google_play_services_enable_button">ସକ୍ଷମ କରନ୍ତୁ</string>
    <string msgid="227660514972886228" name="common_google_play_services_enable_text">ଆପଣ Google Play ସେବା ସକ୍ଷମ ନ କରିବା ପର୍ଯ୍ୟନ୍ତ %1$s କାମ କରିବ ନାହିଁ।</string>
    <string msgid="5122002158466380389" name="common_google_play_services_enable_title">Google Play ସେବାଗୁଡ଼ିକ ସକ୍ଷମ କରନ୍ତୁ</string>
    <string msgid="7153882981874058840" name="common_google_play_services_install_button">ଇନ୍‍ଷ୍ଟଲ୍‍ କରନ୍ତୁ</string>
    <string name="common_google_play_services_install_text">%1$s ଏହି Google Play ସେବାଗୁଡ଼ିକ ବିନା ଚାଲେ ନାହିଁ, ଏବଂ ସେଗୁଡ଼ିକ ଆପଣଙ୍କ ଡିଭାଇସ୍‌ରେ ନାହିଁ।</string>
    <string msgid="7215213145546190223" name="common_google_play_services_install_title">Google Play ସେବାଗୁଡ଼ିକ ପ୍ରାପ୍ତ କରନ୍ତୁ</string>
    <string name="common_google_play_services_notification_channel_name">Google Play ସେବାଗୁଡ଼ିକର ଉପଲବ୍ଧତା</string>
    <string name="common_google_play_services_notification_ticker">Google Play ସେବା ସମ୍ପର୍କିତ ସମସ୍ୟା</string>
    <string name="common_google_play_services_unknown_issue">%1$sର Google Play ସେବା ସହ ଏକ ସମସ୍ୟା ରହିଛି। ଦୟାକରି ପୁଣି ଚେଷ୍ଟା କରନ୍ତୁ।</string>
    <string name="common_google_play_services_unsupported_text">%1$s ଏହି Google Play ସେବାଗୁଡ଼ିକ ବିନା ଚାଲେ ନାହିଁ, ଏବଂ ସେଗୁଡ଼ିକ ଆପଣଙ୍କ ଡିଭାଇସ୍‌ରେ କାମ କରେ ନାହିଁ।</string>
    <string msgid="6556509956452265614" name="common_google_play_services_update_button">ଅପଡେଟ୍‍ କରନ୍ତୁ</string>
    <string msgid="9053896323427875356" name="common_google_play_services_update_text">ଆପଣ Google Play ସେବା ଅପଡେଟ୍‌ ନ କରିବା ପର୍ଯ୍ୟନ୍ତ %1$s ଚାଲିବ ନାହିଁ।</string>
    <string msgid="6006316683626838685" name="common_google_play_services_update_title">Google Play ସେବାଗୁଡ଼ିକ ଅପଡେଟ୍ କରନ୍ତୁ</string>
    <string name="common_google_play_services_updating_text">Google Play ସେବାଗୁଡ଼ିକ ବିନା %1$s ଚାଲିବ ନାହିଁ, ଯେଉଁଗୁଡ଼ିକ ବର୍ତ୍ତମାନ ଅପଡେଟ୍‌ ହେଉଛି।</string>
    <string name="common_google_play_services_wear_update_text">Google Play ସେବାଗୁଡ଼ିକର ନୂତନ ଭର୍ସନ୍‌ ଆବଶ୍ୟକ। ଏହା ନିଜକୁ କିଛି ସମୟ ମଧ୍ୟରେ ଅପଡେଟ୍‌ କରିବ।</string>
    <string name="common_open_on_phone">ଫୋନ୍‌ରେ ଖୋଲନ୍ତୁ</string>
    <string name="common_signin_button_text">ସାଇନ୍‌-ଇନ୍ କରନ୍ତୁ</string>
    <string name="common_signin_button_text_long">Google ସହ ସାଇନ୍‌-ଇନ୍ କରନ୍ତୁ</string>
    <string msgid="3260749812566568062" name="copy_toast_msg">"ଲିଙ୍କକୁ କ୍ଲିପ୍‍‍ବୋର୍ଡରେ କପି କରାଯାଇଛି"</string>
    <string name="error_icon_content_description">Error</string>
    <string name="exposed_dropdown_menu_content_description">Show dropdown menu</string>
    <string msgid="4566929209979330987" name="fallback_menu_item_copy_link">"ଲିଙ୍କ୍ କପି କରନ୍ତୁ"</string>
    <string msgid="3413186855122069269" name="fallback_menu_item_open_in_browser">"ବ୍ରାଉଜର୍‌ରେ ଖୋଲନ୍ତୁ"</string>
    <string msgid="7145444925855055364" name="fallback_menu_item_share_link">"ଲିଙ୍କ୍ ସେୟାର୍ କରନ୍ତୁ"</string>
    <string name="icon_content_description">Dialog Icon</string>
    <string name="item_view_role_description">Tab</string>
    <string name="material_clock_toggle_content_description">Select AM or PM</string>
    <string name="material_hour_24h_suffix">%1$s hours</string>
    <string name="material_hour_selection">Select hour</string>
    <string name="material_hour_suffix">%1$s o\'clock</string>
    <string name="material_minute_selection">ମିନିଟ୍‍ ଚୟନ କରନ୍ତୁ</string>
    <string name="material_minute_suffix">%1$s minutes</string>
    <string name="material_timepicker_am">AM</string>
    <string name="material_timepicker_clock_mode_description">ସମୟ ଇନପୁଟ୍‍ ପାଇଁ ଘଣ୍ଟା ମୋଡ୍‌କୁ ବଦଳାନ୍ତୁ।</string>
    <string name="material_timepicker_hour">Hour</string>
    <string name="material_timepicker_minute">Minute</string>
    <string name="material_timepicker_pm">PM</string>
    <string name="material_timepicker_select_time">Select time</string>
    <string name="material_timepicker_text_input_mode_description">ସମୟ ଇନପୁଟ୍‍ ପାଇଁ ଟେକ୍ସଟ୍‍ ଇନପୁଟ୍‌କୁ ବଦଳାନ୍ତୁ।</string>
    <string name="mtrl_badge_numberless_content_description">New notification</string>
    <string name="mtrl_chip_close_icon_content_description">%1$s କାଢ଼ିଦିଅନ୍ତୁ</string>
    <string name="mtrl_exceed_max_badge_number_content_description" ns2:ignore="PluralsCandidate">More than %1$d new notifications</string>
    <string name="mtrl_picker_a11y_next_month">Change to next month</string>
    <string name="mtrl_picker_a11y_prev_month">Change to previous month</string>
    <string name="mtrl_picker_announce_current_range_selection">Start date selection: %1$s – End date selection: %2$s</string>
    <string name="mtrl_picker_announce_current_selection">Current selection: %1$s</string>
    <string name="mtrl_picker_announce_current_selection_none">none</string>
    <string name="mtrl_picker_cancel">Cancel</string>
    <string name="mtrl_picker_confirm">OK</string>
    <string name="mtrl_picker_date_header_selected">%1$s</string>
    <string name="mtrl_picker_date_header_title">Select Date</string>
    <string name="mtrl_picker_date_header_unselected">Selected date</string>
    <string name="mtrl_picker_day_of_week_column_header">Column of days: %1$s</string>
    <string name="mtrl_picker_end_date_description">End date %1$s</string>
    <string name="mtrl_picker_invalid_format">Invalid format.</string>
    <string name="mtrl_picker_invalid_format_example">Example: %1$s</string>
    <string name="mtrl_picker_invalid_format_use">Use: %1$s</string>
    <string name="mtrl_picker_invalid_range">Invalid range.</string>
    <string name="mtrl_picker_navigate_to_current_year_description">Navigate to current year %1$d</string>
    <string name="mtrl_picker_navigate_to_year_description">Navigate to year %1$d</string>
    <string name="mtrl_picker_out_of_range">Out of range: %1$s</string>
    <string name="mtrl_picker_range_header_only_end_selected">Start date – %1$s</string>
    <string name="mtrl_picker_range_header_only_start_selected">%1$s – End date</string>
    <string name="mtrl_picker_range_header_selected">%1$s – %2$s</string>
    <string name="mtrl_picker_range_header_title">Select Range</string>
    <string name="mtrl_picker_range_header_unselected">Start date – End date</string>
    <string name="mtrl_picker_save">Save</string>
    <string name="mtrl_picker_start_date_description">Start date %1$s</string>
    <string name="mtrl_picker_text_input_date_hint">Date</string>
    <string name="mtrl_picker_text_input_date_range_end_hint">End date</string>
    <string name="mtrl_picker_text_input_date_range_start_hint">Start date</string>
    <string name="mtrl_picker_text_input_day_abbr">d</string>
    <string name="mtrl_picker_text_input_month_abbr">m</string>
    <string name="mtrl_picker_text_input_year_abbr">y</string>
    <string name="mtrl_picker_today_description">Today %1$s</string>
    <string name="mtrl_picker_toggle_to_calendar_input_mode">Switch to calendar input mode</string>
    <string name="mtrl_picker_toggle_to_day_selection">Tap to switch to Calendar view</string>
    <string name="mtrl_picker_toggle_to_text_input_mode">Switch to text input mode</string>
    <string name="mtrl_picker_toggle_to_year_selection">Tap to switch to year view</string>
    <string name="mtrl_timepicker_cancel">Cancel</string>
    <string name="mtrl_timepicker_confirm">OK</string>
    <string msgid="6301633601645100427" name="nav_app_bar_navigate_up_description">"ଉପରକୁ ନାଭିଗେଟ୍‍ କରନ୍ତୁ"</string>
    <string msgid="7456070600745802113" name="nav_app_bar_open_drawer_description">"ନାଭିଗେସନ୍‍ ଡ୍ରୟର୍‍ ଖୋଲନ୍ତୁ"</string>
    <string name="password_toggle_content_description">ପାସ୍‍ୱାର୍ଡ ଦେଖାନ୍ତୁ</string>
    <string msgid="6264217191555673260" name="search_menu_title">"ସନ୍ଧାନ କରନ୍ତୁ"</string>
    <string msgid="6277540029070332960" name="status_bar_notification_info_overflow">"999+"</string>
</resources>