{
    "logs": [
        {
            "outputFile": "com.example.gestaobilhares.app-mergeDebugResources-54:/values-cs/values-cs.xml",
            "map": [
                {
                    "source": "C:\\Users\\Rossiny\\.gradle\\caches\\8.11.1\\transforms\\53fd8897bc60734811156c448f1132c3\\transformed\\play-services-base-18.0.1\\res\\values-cs\\values.xml",
                    "from": {
                        "startLines": "4,5,6,7,8,9,10,11,12,13,14,15,16,17,18,19,20",
                        "startColumns": "0,0,0,0,0,0,0,0,0,0,0,0,0,0,0,0,0",
                        "startOffsets": "193,295,451,572,678,827,950,1058,1155,1326,1433,1593,1717,1874,2025,2089,2152",
                        "endColumns": "101,155,120,105,148,122,107,96,170,106,159,123,156,150,63,62,81",
                        "endOffsets": "294,450,571,677,826,949,1057,1154,1325,1432,1592,1716,1873,2024,2088,2151,2233"
                    },
                    "to": {
                        "startLines": "50,51,52,53,54,55,56,57,59,60,61,62,63,64,65,66,67",
                        "startColumns": "4,4,4,4,4,4,4,4,4,4,4,4,4,4,4,4,4",
                        "startOffsets": "4570,4676,4836,4961,5071,5224,5351,5463,5707,5882,5993,6157,6285,6446,6601,6669,6736",
                        "endColumns": "105,159,124,109,152,126,111,100,174,110,163,127,160,154,67,66,85",
                        "endOffsets": "4671,4831,4956,5066,5219,5346,5458,5559,5877,5988,6152,6280,6441,6596,6664,6731,6817"
                    }
                },
                {
                    "source": "C:\\Users\\Rossiny\\.gradle\\caches\\8.11.1\\transforms\\32c23f03b9bc5089aa0411e4a74fc937\\transformed\\play-services-basement-18.1.0\\res\\values-cs\\values.xml",
                    "from": {
                        "startLines": "4",
                        "startColumns": "0",
                        "startOffsets": "195",
                        "endColumns": "138",
                        "endOffsets": "333"
                    },
                    "to": {
                        "startLines": "58",
                        "startColumns": "4",
                        "startOffsets": "5564",
                        "endColumns": "142",
                        "endOffsets": "5702"
                    }
                },
                {
                    "source": "C:\\Users\\Rossiny\\.gradle\\caches\\8.11.1\\transforms\\2a8d5256ce170b432872fd22c2ddcad4\\transformed\\browser-1.4.0\\res\\values-cs\\values-cs.xml",
                    "from": {
                        "startLines": "2,3,4,5",
                        "startColumns": "4,4,4,4",
                        "startOffsets": "55,157,260,374",
                        "endColumns": "101,102,113,100",
                        "endOffsets": "152,255,369,470"
                    },
                    "to": {
                        "startLines": "68,71,72,73",
                        "startColumns": "4,4,4,4",
                        "startOffsets": "6822,7088,7191,7305",
                        "endColumns": "101,102,113,100",
                        "endOffsets": "6919,7186,7300,7401"
                    }
                },
                {
                    "source": "C:\\Users\\Rossiny\\.gradle\\caches\\8.11.1\\transforms\\172021296054a48350991195601bb89c\\transformed\\navigation-ui-2.7.7\\res\\values-cs\\values-cs.xml",
                    "from": {
                        "startLines": "2,3",
                        "startColumns": "4,4",
                        "startOffsets": "55,163",
                        "endColumns": "107,126",
                        "endOffsets": "158,285"
                    },
                    "to": {
                        "startLines": "131,132",
                        "startColumns": "4,4",
                        "startOffsets": "11904,12012",
                        "endColumns": "107,126",
                        "endOffsets": "12007,12134"
                    }
                },
                {
                    "source": "C:\\Users\\Rossiny\\.gradle\\caches\\8.11.1\\transforms\\867aaaf1f78e7a3227d23380526b5f5a\\transformed\\core-1.12.0\\res\\values-cs\\values-cs.xml",
                    "from": {
                        "startLines": "2,3,4,5,6,7,8,9",
                        "startColumns": "4,4,4,4,4,4,4,4",
                        "startOffsets": "55,153,255,356,455,560,667,786",
                        "endColumns": "97,101,100,98,104,106,118,100",
                        "endOffsets": "148,250,351,450,555,662,781,882"
                    },
                    "to": {
                        "startLines": "40,41,42,43,44,45,46,135",
                        "startColumns": "4,4,4,4,4,4,4,4",
                        "startOffsets": "3540,3638,3740,3841,3940,4045,4152,12301",
                        "endColumns": "97,101,100,98,104,106,118,100",
                        "endOffsets": "3633,3735,3836,3935,4040,4147,4266,12397"
                    }
                },
                {
                    "source": "C:\\Users\\Rossiny\\.gradle\\caches\\8.11.1\\transforms\\268fa8e90592b8e67e6e81b04c1efb6d\\transformed\\material-1.11.0\\res\\values-cs\\values-cs.xml",
                    "from": {
                        "startLines": "2,8,9,10,11,12,13,14,15,16,17,18,19,20,21,22,23,24,25,26,27,28,29,30,31,32,33,34,35,36,37,38,39,40,41,42,43,44,45,46,47,48,49,50,51,52,53,54,55,56,57,58,59,60,61,62,63,64,65,66,67,68,69,70,71,72,73,74,75",
                        "startColumns": "4,4,4,4,4,4,4,4,4,4,4,4,4,4,4,4,4,4,4,4,4,4,4,4,4,4,4,4,4,4,4,4,4,4,4,4,4,4,4,4,4,4,4,4,4,4,4,4,4,4,4,4,4,4,4,4,4,4,4,4,4,4,4,4,4,4,4,4,4",
                        "startOffsets": "100,368,446,524,601,704,796,888,1014,1095,1160,1259,1335,1396,1485,1549,1616,1670,1738,1798,1852,1969,2029,2091,2145,2217,2339,2423,2515,2652,2730,2812,2939,3027,3107,3161,3212,3278,3350,3427,3511,3592,3664,3741,3815,3886,3991,4079,4150,4243,4338,4412,4486,4582,4634,4717,4784,4870,4958,5020,5084,5147,5215,5325,5431,5530,5644,5702,5757",
                        "endLines": "7,8,9,10,11,12,13,14,15,16,17,18,19,20,21,22,23,24,25,26,27,28,29,30,31,32,33,34,35,36,37,38,39,40,41,42,43,44,45,46,47,48,49,50,51,52,53,54,55,56,57,58,59,60,61,62,63,64,65,66,67,68,69,70,71,72,73,74,75",
                        "endColumns": "12,77,77,76,102,91,91,125,80,64,98,75,60,88,63,66,53,67,59,53,116,59,61,53,71,121,83,91,136,77,81,126,87,79,53,50,65,71,76,83,80,71,76,73,70,104,87,70,92,94,73,73,95,51,82,66,85,87,61,63,62,67,109,105,98,113,57,54,78",
                        "endOffsets": "363,441,519,596,699,791,883,1009,1090,1155,1254,1330,1391,1480,1544,1611,1665,1733,1793,1847,1964,2024,2086,2140,2212,2334,2418,2510,2647,2725,2807,2934,3022,3102,3156,3207,3273,3345,3422,3506,3587,3659,3736,3810,3881,3986,4074,4145,4238,4333,4407,4481,4577,4629,4712,4779,4865,4953,5015,5079,5142,5210,5320,5426,5525,5639,5697,5752,5831"
                    },
                    "to": {
                        "startLines": "2,35,36,37,38,39,47,48,49,69,70,74,75,76,77,78,79,80,81,82,83,84,85,86,87,88,89,90,91,92,93,94,95,96,97,98,99,100,101,102,103,104,105,106,107,108,109,110,111,112,113,114,115,116,117,118,119,120,121,122,123,124,125,126,127,128,129,130,133",
                        "startColumns": "4,4,4,4,4,4,4,4,4,4,4,4,4,4,4,4,4,4,4,4,4,4,4,4,4,4,4,4,4,4,4,4,4,4,4,4,4,4,4,4,4,4,4,4,4,4,4,4,4,4,4,4,4,4,4,4,4,4,4,4,4,4,4,4,4,4,4,4,4",
                        "startOffsets": "150,3112,3190,3268,3345,3448,4271,4363,4489,6924,6989,7406,7482,7543,7632,7696,7763,7817,7885,7945,7999,8116,8176,8238,8292,8364,8486,8570,8662,8799,8877,8959,9086,9174,9254,9308,9359,9425,9497,9574,9658,9739,9811,9888,9962,10033,10138,10226,10297,10390,10485,10559,10633,10729,10781,10864,10931,11017,11105,11167,11231,11294,11362,11472,11578,11677,11791,11849,12139",
                        "endLines": "7,35,36,37,38,39,47,48,49,69,70,74,75,76,77,78,79,80,81,82,83,84,85,86,87,88,89,90,91,92,93,94,95,96,97,98,99,100,101,102,103,104,105,106,107,108,109,110,111,112,113,114,115,116,117,118,119,120,121,122,123,124,125,126,127,128,129,130,133",
                        "endColumns": "12,77,77,76,102,91,91,125,80,64,98,75,60,88,63,66,53,67,59,53,116,59,61,53,71,121,83,91,136,77,81,126,87,79,53,50,65,71,76,83,80,71,76,73,70,104,87,70,92,94,73,73,95,51,82,66,85,87,61,63,62,67,109,105,98,113,57,54,78",
                        "endOffsets": "413,3185,3263,3340,3443,3535,4358,4484,4565,6984,7083,7477,7538,7627,7691,7758,7812,7880,7940,7994,8111,8171,8233,8287,8359,8481,8565,8657,8794,8872,8954,9081,9169,9249,9303,9354,9420,9492,9569,9653,9734,9806,9883,9957,10028,10133,10221,10292,10385,10480,10554,10628,10724,10776,10859,10926,11012,11100,11162,11226,11289,11357,11467,11573,11672,11786,11844,11899,12213"
                    }
                },
                {
                    "source": "C:\\Users\\Rossiny\\.gradle\\caches\\8.11.1\\transforms\\24cf04f1c368f48d45221aeab28b1507\\transformed\\appcompat-1.6.1\\res\\values-cs\\values-cs.xml",
                    "from": {
                        "startLines": "2,3,4,5,6,7,8,9,10,11,12,13,14,15,16,17,18,19,20,21,22,23,24,25,26,27,28,29",
                        "startColumns": "4,4,4,4,4,4,4,4,4,4,4,4,4,4,4,4,4,4,4,4,4,4,4,4,4,4,4,4",
                        "startOffsets": "105,212,314,424,510,615,732,810,886,977,1070,1165,1259,1353,1446,1541,1638,1729,1820,1904,2008,2120,2219,2325,2436,2538,2701,2799",
                        "endColumns": "106,101,109,85,104,116,77,75,90,92,94,93,93,92,94,96,90,90,83,103,111,98,105,110,101,162,97,82",
                        "endOffsets": "207,309,419,505,610,727,805,881,972,1065,1160,1254,1348,1441,1536,1633,1724,1815,1899,2003,2115,2214,2320,2431,2533,2696,2794,2877"
                    },
                    "to": {
                        "startLines": "8,9,10,11,12,13,14,15,16,17,18,19,20,21,22,23,24,25,26,27,28,29,30,31,32,33,34,134",
                        "startColumns": "4,4,4,4,4,4,4,4,4,4,4,4,4,4,4,4,4,4,4,4,4,4,4,4,4,4,4,4",
                        "startOffsets": "418,525,627,737,823,928,1045,1123,1199,1290,1383,1478,1572,1666,1759,1854,1951,2042,2133,2217,2321,2433,2532,2638,2749,2851,3014,12218",
                        "endColumns": "106,101,109,85,104,116,77,75,90,92,94,93,93,92,94,96,90,90,83,103,111,98,105,110,101,162,97,82",
                        "endOffsets": "520,622,732,818,923,1040,1118,1194,1285,1378,1473,1567,1661,1754,1849,1946,2037,2128,2212,2316,2428,2527,2633,2744,2846,3009,3107,12296"
                    }
                }
            ]
        }
    ]
}