{
    "logs": [
        {
            "outputFile": "com.example.gestaobilhares.app-mergeDebugResources-54:/values-mk/values-mk.xml",
            "map": [
                {
                    "source": "C:\\Users\\Rossiny\\.gradle\\caches\\8.11.1\\transforms\\172021296054a48350991195601bb89c\\transformed\\navigation-ui-2.7.7\\res\\values-mk\\values-mk.xml",
                    "from": {
                        "startLines": "2,3",
                        "startColumns": "4,4",
                        "startOffsets": "55,160",
                        "endColumns": "104,127",
                        "endOffsets": "155,283"
                    },
                    "to": {
                        "startLines": "129,130",
                        "startColumns": "4,4",
                        "startOffsets": "11905,12010",
                        "endColumns": "104,127",
                        "endOffsets": "12005,12133"
                    }
                },
                {
                    "source": "C:\\Users\\Rossiny\\.gradle\\caches\\8.11.1\\transforms\\2a8d5256ce170b432872fd22c2ddcad4\\transformed\\browser-1.4.0\\res\\values-mk\\values-mk.xml",
                    "from": {
                        "startLines": "2,3,4,5",
                        "startColumns": "4,4,4,4",
                        "startOffsets": "55,168,273,388",
                        "endColumns": "112,104,114,100",
                        "endOffsets": "163,268,383,484"
                    },
                    "to": {
                        "startLines": "66,69,70,71",
                        "startColumns": "4,4,4,4",
                        "startOffsets": "6734,7004,7109,7224",
                        "endColumns": "112,104,114,100",
                        "endOffsets": "6842,7104,7219,7320"
                    }
                },
                {
                    "source": "C:\\Users\\Rossiny\\.gradle\\caches\\8.11.1\\transforms\\53fd8897bc60734811156c448f1132c3\\transformed\\play-services-base-18.0.1\\res\\values-mk\\values.xml",
                    "from": {
                        "startLines": "4,5,6,7,8,9,10,11,12,13,14,15,16,17,18,19,20",
                        "startColumns": "0,0,0,0,0,0,0,0,0,0,0,0,0,0,0,0,0",
                        "startOffsets": "193,296,453,582,688,829,958,1074,1180,1333,1436,1598,1727,1876,2031,2096,2156",
                        "endColumns": "102,156,128,105,140,128,115,105,152,102,161,128,148,154,64,59,74",
                        "endOffsets": "295,452,581,687,828,957,1073,1179,1332,1435,1597,1726,1875,2030,2095,2155,2230"
                    },
                    "to": {
                        "startLines": "48,49,50,51,52,53,54,55,57,58,59,60,61,62,63,64,65",
                        "startColumns": "4,4,4,4,4,4,4,4,4,4,4,4,4,4,4,4,4",
                        "startOffsets": "4491,4598,4759,4892,5002,5147,5280,5400,5647,5804,5911,6077,6210,6363,6522,6591,6655",
                        "endColumns": "106,160,132,109,144,132,119,109,156,106,165,132,152,158,68,63,78",
                        "endOffsets": "4593,4754,4887,4997,5142,5275,5395,5505,5799,5906,6072,6205,6358,6517,6586,6650,6729"
                    }
                },
                {
                    "source": "C:\\Users\\Rossiny\\.gradle\\caches\\8.11.1\\transforms\\867aaaf1f78e7a3227d23380526b5f5a\\transformed\\core-1.12.0\\res\\values-mk\\values-mk.xml",
                    "from": {
                        "startLines": "2,3,4,5,6,7,8,9",
                        "startColumns": "4,4,4,4,4,4,4,4",
                        "startOffsets": "55,153,255,352,450,555,658,774",
                        "endColumns": "97,101,96,97,104,102,115,100",
                        "endOffsets": "148,250,347,445,550,653,769,870"
                    },
                    "to": {
                        "startLines": "38,39,40,41,42,43,44,133",
                        "startColumns": "4,4,4,4,4,4,4,4",
                        "startOffsets": "3465,3563,3665,3762,3860,3965,4068,12308",
                        "endColumns": "97,101,96,97,104,102,115,100",
                        "endOffsets": "3558,3660,3757,3855,3960,4063,4179,12404"
                    }
                },
                {
                    "source": "C:\\Users\\Rossiny\\.gradle\\caches\\8.11.1\\transforms\\24cf04f1c368f48d45221aeab28b1507\\transformed\\appcompat-1.6.1\\res\\values-mk\\values-mk.xml",
                    "from": {
                        "startLines": "2,3,4,5,6,7,8,9,10,11,12,13,14,15,16,17,18,19,20,21,22,23,24,25,26,27,28,29",
                        "startColumns": "4,4,4,4,4,4,4,4,4,4,4,4,4,4,4,4,4,4,4,4,4,4,4,4,4,4,4,4",
                        "startOffsets": "105,213,317,425,511,619,738,822,903,994,1087,1183,1277,1377,1470,1565,1661,1752,1843,1930,2036,2142,2243,2350,2462,2566,2722,2820",
                        "endColumns": "107,103,107,85,107,118,83,80,90,92,95,93,99,92,94,95,90,90,86,105,105,100,106,111,103,155,97,84",
                        "endOffsets": "208,312,420,506,614,733,817,898,989,1082,1178,1272,1372,1465,1560,1656,1747,1838,1925,2031,2137,2238,2345,2457,2561,2717,2815,2900"
                    },
                    "to": {
                        "startLines": "6,7,8,9,10,11,12,13,14,15,16,17,18,19,20,21,22,23,24,25,26,27,28,29,30,31,32,132",
                        "startColumns": "4,4,4,4,4,4,4,4,4,4,4,4,4,4,4,4,4,4,4,4,4,4,4,4,4,4,4,4",
                        "startOffsets": "321,429,533,641,727,835,954,1038,1119,1210,1303,1399,1493,1593,1686,1781,1877,1968,2059,2146,2252,2358,2459,2566,2678,2782,2938,12223",
                        "endColumns": "107,103,107,85,107,118,83,80,90,92,95,93,99,92,94,95,90,90,86,105,105,100,106,111,103,155,97,84",
                        "endOffsets": "424,528,636,722,830,949,1033,1114,1205,1298,1394,1488,1588,1681,1776,1872,1963,2054,2141,2247,2353,2454,2561,2673,2777,2933,3031,12303"
                    }
                },
                {
                    "source": "C:\\Users\\Rossiny\\.gradle\\caches\\8.11.1\\transforms\\32c23f03b9bc5089aa0411e4a74fc937\\transformed\\play-services-basement-18.1.0\\res\\values-mk\\values.xml",
                    "from": {
                        "startLines": "4",
                        "startColumns": "0",
                        "startOffsets": "195",
                        "endColumns": "132",
                        "endOffsets": "327"
                    },
                    "to": {
                        "startLines": "56",
                        "startColumns": "4",
                        "startOffsets": "5510",
                        "endColumns": "136",
                        "endOffsets": "5642"
                    }
                },
                {
                    "source": "C:\\Users\\Rossiny\\.gradle\\caches\\8.11.1\\transforms\\268fa8e90592b8e67e6e81b04c1efb6d\\transformed\\material-1.11.0\\res\\values-mk\\values-mk.xml",
                    "from": {
                        "startLines": "2,6,7,8,9,10,11,12,13,14,15,16,17,18,19,20,21,22,23,24,25,26,27,28,29,30,31,32,33,34,35,36,37,38,39,40,41,42,43,44,45,46,47,48,49,50,51,52,53,54,55,56,57,58,59,60,61,62,63,64,65,66,67,68,69,70,71,72,73",
                        "startColumns": "4,4,4,4,4,4,4,4,4,4,4,4,4,4,4,4,4,4,4,4,4,4,4,4,4,4,4,4,4,4,4,4,4,4,4,4,4,4,4,4,4,4,4,4,4,4,4,4,4,4,4,4,4,4,4,4,4,4,4,4,4,4,4,4,4,4,4,4,4",
                        "startOffsets": "100,271,352,432,514,611,700,796,920,1007,1073,1164,1234,1298,1401,1464,1529,1589,1657,1720,1775,1903,1960,2022,2077,2152,2292,2379,2462,2595,2677,2762,2908,2995,3072,3126,3181,3247,3320,3396,3485,3563,3636,3712,3787,3857,3966,4054,4129,4221,4313,4387,4461,4553,4606,4688,4755,4838,4925,4987,5051,5114,5184,5298,5413,5515,5627,5685,5744",
                        "endLines": "5,6,7,8,9,10,11,12,13,14,15,16,17,18,19,20,21,22,23,24,25,26,27,28,29,30,31,32,33,34,35,36,37,38,39,40,41,42,43,44,45,46,47,48,49,50,51,52,53,54,55,56,57,58,59,60,61,62,63,64,65,66,67,68,69,70,71,72,73",
                        "endColumns": "12,80,79,81,96,88,95,123,86,65,90,69,63,102,62,64,59,67,62,54,127,56,61,54,74,139,86,82,132,81,84,145,86,76,53,54,65,72,75,88,77,72,75,74,69,108,87,74,91,91,73,73,91,52,81,66,82,86,61,63,62,69,113,114,101,111,57,58,84",
                        "endOffsets": "266,347,427,509,606,695,791,915,1002,1068,1159,1229,1293,1396,1459,1524,1584,1652,1715,1770,1898,1955,2017,2072,2147,2287,2374,2457,2590,2672,2757,2903,2990,3067,3121,3176,3242,3315,3391,3480,3558,3631,3707,3782,3852,3961,4049,4124,4216,4308,4382,4456,4548,4601,4683,4750,4833,4920,4982,5046,5109,5179,5293,5408,5510,5622,5680,5739,5824"
                    },
                    "to": {
                        "startLines": "2,33,34,35,36,37,45,46,47,67,68,72,73,74,75,76,77,78,79,80,81,82,83,84,85,86,87,88,89,90,91,92,93,94,95,96,97,98,99,100,101,102,103,104,105,106,107,108,109,110,111,112,113,114,115,116,117,118,119,120,121,122,123,124,125,126,127,128,131",
                        "startColumns": "4,4,4,4,4,4,4,4,4,4,4,4,4,4,4,4,4,4,4,4,4,4,4,4,4,4,4,4,4,4,4,4,4,4,4,4,4,4,4,4,4,4,4,4,4,4,4,4,4,4,4,4,4,4,4,4,4,4,4,4,4,4,4,4,4,4,4,4,4",
                        "startOffsets": "150,3036,3117,3197,3279,3376,4184,4280,4404,6847,6913,7325,7395,7459,7562,7625,7690,7750,7818,7881,7936,8064,8121,8183,8238,8313,8453,8540,8623,8756,8838,8923,9069,9156,9233,9287,9342,9408,9481,9557,9646,9724,9797,9873,9948,10018,10127,10215,10290,10382,10474,10548,10622,10714,10767,10849,10916,10999,11086,11148,11212,11275,11345,11459,11574,11676,11788,11846,12138",
                        "endLines": "5,33,34,35,36,37,45,46,47,67,68,72,73,74,75,76,77,78,79,80,81,82,83,84,85,86,87,88,89,90,91,92,93,94,95,96,97,98,99,100,101,102,103,104,105,106,107,108,109,110,111,112,113,114,115,116,117,118,119,120,121,122,123,124,125,126,127,128,131",
                        "endColumns": "12,80,79,81,96,88,95,123,86,65,90,69,63,102,62,64,59,67,62,54,127,56,61,54,74,139,86,82,132,81,84,145,86,76,53,54,65,72,75,88,77,72,75,74,69,108,87,74,91,91,73,73,91,52,81,66,82,86,61,63,62,69,113,114,101,111,57,58,84",
                        "endOffsets": "316,3112,3192,3274,3371,3460,4275,4399,4486,6908,6999,7390,7454,7557,7620,7685,7745,7813,7876,7931,8059,8116,8178,8233,8308,8448,8535,8618,8751,8833,8918,9064,9151,9228,9282,9337,9403,9476,9552,9641,9719,9792,9868,9943,10013,10122,10210,10285,10377,10469,10543,10617,10709,10762,10844,10911,10994,11081,11143,11207,11270,11340,11454,11569,11671,11783,11841,11900,12218"
                    }
                }
            ]
        }
    ]
}