<?xml version="1.0" encoding="utf-8"?>
<resources xmlns:ns1="urn:oasis:names:tc:xliff:document:1.2" xmlns:ns2="http://schemas.android.com/tools">
    <plurals name="mtrl_badge_content_description">
    <item quantity="one">%d ny avisering</item>
    <item quantity="other">%d nya aviseringar</item>
  </plurals>
    <string msgid="5976598919945601918" name="abc_action_bar_home_description">"Navigera hem"</string>
    <string msgid="8388173803310557296" name="abc_action_bar_up_description">"Navigera uppåt"</string>
    <string msgid="3937310113216875497" name="abc_action_menu_overflow_description">"Fler alternativ"</string>
    <string msgid="4692188335987374352" name="abc_action_mode_done">"Klar"</string>
    <string msgid="1189761859438369441" name="abc_activity_chooser_view_see_all">"Visa alla"</string>
    <string msgid="2165779757652331008" name="abc_activitychooserview_choose_application">"Välj en app"</string>
    <string msgid="4215997306490295099" name="abc_capital_off">"AV"</string>
    <string msgid="884982626291842264" name="abc_capital_on">"PÅ"</string>
    <string msgid="8833365367933412986" name="abc_menu_alt_shortcut_label">"Alt + "</string>
    <string msgid="2223301931652355242" name="abc_menu_ctrl_shortcut_label">"Ctrl + "</string>
    <string msgid="838001238306846836" name="abc_menu_delete_shortcut_label">"delete"</string>
    <string msgid="7986526966204849475" name="abc_menu_enter_shortcut_label">"retur"</string>
    <string msgid="375214403600139847" name="abc_menu_function_shortcut_label">"Funktion + "</string>
    <string msgid="4192209724446364286" name="abc_menu_meta_shortcut_label">"Meta + "</string>
    <string msgid="4741552369836443843" name="abc_menu_shift_shortcut_label">"Skift + "</string>
    <string msgid="5473865519181928982" name="abc_menu_space_shortcut_label">"blanksteg"</string>
    <string msgid="6180552449598693998" name="abc_menu_sym_shortcut_label">"Symbol + "</string>
    <string msgid="5520303668377388990" name="abc_prepend_shortcut_label">"Meny + "</string>
    <string msgid="7208076849092622260" name="abc_search_hint">"Sök …"</string>
    <string msgid="3741173234950517107" name="abc_searchview_description_clear">"Ta bort frågan"</string>
    <string msgid="693312494995508443" name="abc_searchview_description_query">"Sökfråga"</string>
    <string msgid="3417662926640357176" name="abc_searchview_description_search">"Sök"</string>
    <string msgid="1486535517437947103" name="abc_searchview_description_submit">"Skicka fråga"</string>
    <string msgid="2293578557972875415" name="abc_searchview_description_voice">"Röstsökning"</string>
    <string msgid="8875138169939072951" name="abc_shareactionprovider_share_with">"Dela med"</string>
    <string msgid="9055268688411532828" name="abc_shareactionprovider_share_with_application">"Dela med <ns1:g id="APPLICATION_NAME">%s</ns1:g>"</string>
    <string msgid="1656852541809559762" name="abc_toolbar_collapse_description">"Komprimera"</string>
    <string name="bottomsheet_action_collapse">Komprimera arket på nedre delen av skärmen</string>
    <string name="bottomsheet_action_expand">Utöka arket på nedre delen av skärmen</string>
    <string name="bottomsheet_action_expand_halfway">Utöka till hälften</string>
    <string name="bottomsheet_drag_handle_clicked">Du tryckte snabbt två gånger på handtaget</string>
    <string name="bottomsheet_drag_handle_content_description">Handtag</string>
    <string msgid="881409763997275156" name="call_notification_answer_action">"Svara"</string>
    <string msgid="8793775615905189152" name="call_notification_answer_video_action">"Video"</string>
    <string msgid="3229508546291798546" name="call_notification_decline_action">"Avvisa"</string>
    <string msgid="2659457946726154263" name="call_notification_hang_up_action">"Lägg på"</string>
    <string msgid="6107532579223922871" name="call_notification_incoming_text">"Inkommande samtal"</string>
    <string msgid="8623827134497363134" name="call_notification_ongoing_text">"Pågående samtal"</string>
    <string msgid="59049573811482460" name="call_notification_screening_text">"Ett inkommande samtal filtreras"</string>
    <string name="character_counter_content_description">%1$d av %2$d tecken har angetts</string>
    <string name="character_counter_overflowed_content_description">Teckengränsen har överskridits: %1$d av %2$d</string>
    <string name="clear_text_end_icon_content_description">Rensa text</string>
    <string msgid="2523291102206661146" name="common_google_play_services_enable_button">Aktivera</string>
    <string msgid="227660514972886228" name="common_google_play_services_enable_text">%1$s fungerar inte om du inte aktiverar Google Play-tjänster.</string>
    <string msgid="5122002158466380389" name="common_google_play_services_enable_title">Aktivera Google Play-tjänster</string>
    <string msgid="7153882981874058840" name="common_google_play_services_install_button">Installera</string>
    <string name="common_google_play_services_install_text">%1$s kan inte köras utan Google Play-tjänsterna, som saknas på enheten.</string>
    <string msgid="7215213145546190223" name="common_google_play_services_install_title">Hämta Google Play-tjänster</string>
    <string name="common_google_play_services_notification_channel_name">Tillgänglighet för Google Plays tjänster</string>
    <string name="common_google_play_services_notification_ticker">Fel på Google Play-tjänster</string>
    <string name="common_google_play_services_unknown_issue">Det har uppstått ett fel mellan %1$s och Google Play-tjänsterna. Försök igen.</string>
    <string name="common_google_play_services_unsupported_text">%1$s fungerar inte utan Google Play-tjänsterna, som inte stöds på enheten.</string>
    <string msgid="6556509956452265614" name="common_google_play_services_update_button">Uppdatera</string>
    <string msgid="9053896323427875356" name="common_google_play_services_update_text">%1$s kan inte köras om du inte uppdaterar Google Play-tjänsterna.</string>
    <string msgid="6006316683626838685" name="common_google_play_services_update_title">Uppdatera Google Play-tjänster</string>
    <string name="common_google_play_services_updating_text">%1$s kan inte köras utan Google Play-tjänster, och dessa uppdateras för närvarande.</string>
    <string name="common_google_play_services_wear_update_text">En ny version av Google Play-tjänster krävs. Den uppdateras automatiskt inom kort.</string>
    <string name="common_open_on_phone">Öppna på mobilen</string>
    <string name="common_signin_button_text">Logga in</string>
    <string name="common_signin_button_text_long">Logga in med Google</string>
    <string msgid="3260749812566568062" name="copy_toast_msg">"Länk kopierad till Urklipp"</string>
    <string name="error_icon_content_description">Fel</string>
    <string name="exposed_dropdown_menu_content_description">Visa rullgardinsmenyn</string>
    <string msgid="4566929209979330987" name="fallback_menu_item_copy_link">"Kopiera länk"</string>
    <string msgid="3413186855122069269" name="fallback_menu_item_open_in_browser">"Öppna i webbläsaren"</string>
    <string msgid="7145444925855055364" name="fallback_menu_item_share_link">"Dela länk"</string>
    <string name="icon_content_description">Dialogikon</string>
    <string name="item_view_role_description">Flik</string>
    <string name="material_clock_toggle_content_description">Välj mellan FM och EM</string>
    <string name="material_hour_24h_suffix">%1$s timmar</string>
    <string name="material_hour_selection">Ange timme</string>
    <string name="material_hour_suffix">Klockan %1$s</string>
    <string name="material_minute_selection">Välj minuter</string>
    <string name="material_minute_suffix">%1$s minuter</string>
    <string name="material_timepicker_am">FM</string>
    <string name="material_timepicker_clock_mode_description">Byt till klockläget och ange tid.</string>
    <string name="material_timepicker_hour">Timme</string>
    <string name="material_timepicker_minute">Minut</string>
    <string name="material_timepicker_pm">EM</string>
    <string name="material_timepicker_select_time">Välj tid</string>
    <string name="material_timepicker_text_input_mode_description">Byt till textinmatningsläget och ange tid.</string>
    <string name="mtrl_badge_numberless_content_description">Ny avisering</string>
    <string name="mtrl_chip_close_icon_content_description">Ta bort (%1$s)</string>
    <string name="mtrl_exceed_max_badge_number_content_description" ns2:ignore="PluralsCandidate">Fler än %1$d nya aviseringar</string>
    <string name="mtrl_picker_a11y_next_month">Ändra till nästa månad</string>
    <string name="mtrl_picker_a11y_prev_month">Ändra till föregående månad</string>
    <string name="mtrl_picker_announce_current_range_selection">Val av startdatum: %1$s – val av slutdatum: %2$s</string>
    <string name="mtrl_picker_announce_current_selection">Aktuellt val: %1$s</string>
    <string name="mtrl_picker_announce_current_selection_none">inget</string>
    <string name="mtrl_picker_cancel">Avbryt</string>
    <string name="mtrl_picker_confirm">OK</string>
    <string name="mtrl_picker_date_header_selected">%1$s</string>
    <string name="mtrl_picker_date_header_title">Välj datum</string>
    <string name="mtrl_picker_date_header_unselected">Valt datum</string>
    <string name="mtrl_picker_day_of_week_column_header">Kolumn med dagar: %1$s</string>
    <string name="mtrl_picker_end_date_description">Slutdatum %1$s</string>
    <string name="mtrl_picker_invalid_format">Ogiltigt format.</string>
    <string name="mtrl_picker_invalid_format_example">Exempel: %1$s</string>
    <string name="mtrl_picker_invalid_format_use">Använd %1$s</string>
    <string name="mtrl_picker_invalid_range">Ogiltigt intervall.</string>
    <string name="mtrl_picker_navigate_to_current_year_description">Navigera till innevarande år %1$d</string>
    <string name="mtrl_picker_navigate_to_year_description">Navigera till år %1$d</string>
    <string name="mtrl_picker_out_of_range">Utanför intervallet: %1$s</string>
    <string name="mtrl_picker_range_header_only_end_selected">Startdatum–%1$s</string>
    <string name="mtrl_picker_range_header_only_start_selected">%1$s–slutdatum</string>
    <string name="mtrl_picker_range_header_selected">%1$s–%2$s</string>
    <string name="mtrl_picker_range_header_title">Välj intervall</string>
    <string name="mtrl_picker_range_header_unselected">Startdatum–slutdatum</string>
    <string name="mtrl_picker_save">Spara</string>
    <string name="mtrl_picker_start_date_description">Startdatum %1$s</string>
    <string name="mtrl_picker_text_input_date_hint">Datum</string>
    <string name="mtrl_picker_text_input_date_range_end_hint">Slutdatum</string>
    <string name="mtrl_picker_text_input_date_range_start_hint">Startdatum</string>
    <string name="mtrl_picker_text_input_day_abbr">d</string>
    <string name="mtrl_picker_text_input_month_abbr">m</string>
    <string name="mtrl_picker_text_input_year_abbr">å</string>
    <string name="mtrl_picker_today_description">Idag %1$s</string>
    <string name="mtrl_picker_toggle_to_calendar_input_mode">Byt till kalender som inmatningsläge</string>
    <string name="mtrl_picker_toggle_to_day_selection">Tryck för att byta till kalendervy</string>
    <string name="mtrl_picker_toggle_to_text_input_mode">Byt till text som inmatningsläge</string>
    <string name="mtrl_picker_toggle_to_year_selection">Tryck för att byta till årsvy</string>
    <string name="mtrl_timepicker_cancel">Avbryt</string>
    <string name="mtrl_timepicker_confirm">OK</string>
    <string msgid="6301633601645100427" name="nav_app_bar_navigate_up_description">"Navigera uppåt"</string>
    <string msgid="7456070600745802113" name="nav_app_bar_open_drawer_description">"Öppna navigeringspanelen"</string>
    <string name="password_toggle_content_description">Visa lösenord</string>
    <string msgid="6264217191555673260" name="search_menu_title">"Sök"</string>
    <string msgid="6277540029070332960" name="status_bar_notification_info_overflow">"999+"</string>
</resources>