{
    "logs": [
        {
            "outputFile": "com.example.gestaobilhares.app-mergeDebugResources-54:/values-ko/values-ko.xml",
            "map": [
                {
                    "source": "C:\\Users\\Rossiny\\.gradle\\caches\\8.11.1\\transforms\\24cf04f1c368f48d45221aeab28b1507\\transformed\\appcompat-1.6.1\\res\\values-ko\\values-ko.xml",
                    "from": {
                        "startLines": "2,3,4,5,6,7,8,9,10,11,12,13,14,15,16,17,18,19,20,21,22,23,24,25,26,27,28,29",
                        "startColumns": "4,4,4,4,4,4,4,4,4,4,4,4,4,4,4,4,4,4,4,4,4,4,4,4,4,4,4,4",
                        "startOffsets": "105,202,296,397,479,577,683,763,838,929,1022,1117,1211,1311,1404,1499,1593,1684,1775,1855,1953,2047,2142,2242,2339,2439,2591,2685",
                        "endColumns": "96,93,100,81,97,105,79,74,90,92,94,93,99,92,94,93,90,90,79,97,93,94,99,96,99,151,93,78",
                        "endOffsets": "197,291,392,474,572,678,758,833,924,1017,1112,1206,1306,1399,1494,1588,1679,1770,1850,1948,2042,2137,2237,2334,2434,2586,2680,2759"
                    },
                    "to": {
                        "startLines": "6,7,8,9,10,11,12,13,14,15,16,17,18,19,20,21,22,23,24,25,26,27,28,29,30,31,32,132",
                        "startColumns": "4,4,4,4,4,4,4,4,4,4,4,4,4,4,4,4,4,4,4,4,4,4,4,4,4,4,4,4",
                        "startOffsets": "299,396,490,591,673,771,877,957,1032,1123,1216,1311,1405,1505,1598,1693,1787,1878,1969,2049,2147,2241,2336,2436,2533,2633,2785,10917",
                        "endColumns": "96,93,100,81,97,105,79,74,90,92,94,93,99,92,94,93,90,90,79,97,93,94,99,96,99,151,93,78",
                        "endOffsets": "391,485,586,668,766,872,952,1027,1118,1211,1306,1400,1500,1593,1688,1782,1873,1964,2044,2142,2236,2331,2431,2528,2628,2780,2874,10991"
                    }
                },
                {
                    "source": "C:\\Users\\Rossiny\\.gradle\\caches\\8.11.1\\transforms\\32c23f03b9bc5089aa0411e4a74fc937\\transformed\\play-services-basement-18.1.0\\res\\values-ko\\values.xml",
                    "from": {
                        "startLines": "4",
                        "startColumns": "0",
                        "startOffsets": "195",
                        "endColumns": "116",
                        "endOffsets": "311"
                    },
                    "to": {
                        "startLines": "56",
                        "startColumns": "4",
                        "startOffsets": "5066",
                        "endColumns": "120",
                        "endOffsets": "5182"
                    }
                },
                {
                    "source": "C:\\Users\\Rossiny\\.gradle\\caches\\8.11.1\\transforms\\867aaaf1f78e7a3227d23380526b5f5a\\transformed\\core-1.12.0\\res\\values-ko\\values-ko.xml",
                    "from": {
                        "startLines": "2,3,4,5,6,7,8,9",
                        "startColumns": "4,4,4,4,4,4,4,4",
                        "startOffsets": "55,147,247,341,438,534,632,732",
                        "endColumns": "91,99,93,96,95,97,99,100",
                        "endOffsets": "142,242,336,433,529,627,727,828"
                    },
                    "to": {
                        "startLines": "38,39,40,41,42,43,44,133",
                        "startColumns": "4,4,4,4,4,4,4,4",
                        "startOffsets": "3230,3322,3422,3516,3613,3709,3807,10996",
                        "endColumns": "91,99,93,96,95,97,99,100",
                        "endOffsets": "3317,3417,3511,3608,3704,3802,3902,11092"
                    }
                },
                {
                    "source": "C:\\Users\\Rossiny\\.gradle\\caches\\8.11.1\\transforms\\2a8d5256ce170b432872fd22c2ddcad4\\transformed\\browser-1.4.0\\res\\values-ko\\values-ko.xml",
                    "from": {
                        "startLines": "2,3,4,5",
                        "startColumns": "4,4,4,4",
                        "startOffsets": "55,141,234,337",
                        "endColumns": "85,92,102,93",
                        "endOffsets": "136,229,332,426"
                    },
                    "to": {
                        "startLines": "66,69,70,71",
                        "startColumns": "4,4,4,4",
                        "startOffsets": "6118,6347,6440,6543",
                        "endColumns": "85,92,102,93",
                        "endOffsets": "6199,6435,6538,6632"
                    }
                },
                {
                    "source": "C:\\Users\\Rossiny\\.gradle\\caches\\8.11.1\\transforms\\268fa8e90592b8e67e6e81b04c1efb6d\\transformed\\material-1.11.0\\res\\values-ko\\values-ko.xml",
                    "from": {
                        "startLines": "2,6,7,8,9,10,11,12,13,14,15,16,17,18,19,20,21,22,23,24,25,26,27,28,29,30,31,32,33,34,35,36,37,38,39,40,41,42,43,44,45,46,47,48,49,50,51,52,53,54,55,56,57,58,59,60,61,62,63,64,65,66,67,68,69,70,71,72,73",
                        "startColumns": "4,4,4,4,4,4,4,4,4,4,4,4,4,4,4,4,4,4,4,4,4,4,4,4,4,4,4,4,4,4,4,4,4,4,4,4,4,4,4,4,4,4,4,4,4,4,4,4,4,4,4,4,4,4,4,4,4,4,4,4,4,4,4,4,4,4,4,4,4",
                        "startOffsets": "100,249,314,378,447,521,600,683,789,864,926,1007,1069,1126,1213,1273,1331,1389,1448,1505,1559,1654,1710,1767,1821,1887,1991,2066,2143,2264,2329,2394,2494,2573,2648,2698,2749,2815,2879,2949,3026,3097,3165,3236,3303,3373,3466,3546,3620,3700,3782,3854,3919,3991,4039,4112,4176,4251,4328,4390,4454,4517,4584,4668,4746,4826,4904,4958,5013",
                        "endLines": "5,6,7,8,9,10,11,12,13,14,15,16,17,18,19,20,21,22,23,24,25,26,27,28,29,30,31,32,33,34,35,36,37,38,39,40,41,42,43,44,45,46,47,48,49,50,51,52,53,54,55,56,57,58,59,60,61,62,63,64,65,66,67,68,69,70,71,72,73",
                        "endColumns": "12,64,63,68,73,78,82,105,74,61,80,61,56,86,59,57,57,58,56,53,94,55,56,53,65,103,74,76,120,64,64,99,78,74,49,50,65,63,69,76,70,67,70,66,69,92,79,73,79,81,71,64,71,47,72,63,74,76,61,63,62,66,83,77,79,77,53,54,71",
                        "endOffsets": "244,309,373,442,516,595,678,784,859,921,1002,1064,1121,1208,1268,1326,1384,1443,1500,1554,1649,1705,1762,1816,1882,1986,2061,2138,2259,2324,2389,2489,2568,2643,2693,2744,2810,2874,2944,3021,3092,3160,3231,3298,3368,3461,3541,3615,3695,3777,3849,3914,3986,4034,4107,4171,4246,4323,4385,4449,4512,4579,4663,4741,4821,4899,4953,5008,5080"
                    },
                    "to": {
                        "startLines": "2,33,34,35,36,37,45,46,47,67,68,72,73,74,75,76,77,78,79,80,81,82,83,84,85,86,87,88,89,90,91,92,93,94,95,96,97,98,99,100,101,102,103,104,105,106,107,108,109,110,111,112,113,114,115,116,117,118,119,120,121,122,123,124,125,126,127,128,131",
                        "startColumns": "4,4,4,4,4,4,4,4,4,4,4,4,4,4,4,4,4,4,4,4,4,4,4,4,4,4,4,4,4,4,4,4,4,4,4,4,4,4,4,4,4,4,4,4,4,4,4,4,4,4,4,4,4,4,4,4,4,4,4,4,4,4,4,4,4,4,4,4,4",
                        "startOffsets": "150,2879,2944,3008,3077,3151,3907,3990,4096,6204,6266,6637,6699,6756,6843,6903,6961,7019,7078,7135,7189,7284,7340,7397,7451,7517,7621,7696,7773,7894,7959,8024,8124,8203,8278,8328,8379,8445,8509,8579,8656,8727,8795,8866,8933,9003,9096,9176,9250,9330,9412,9484,9549,9621,9669,9742,9806,9881,9958,10020,10084,10147,10214,10298,10376,10456,10534,10588,10845",
                        "endLines": "5,33,34,35,36,37,45,46,47,67,68,72,73,74,75,76,77,78,79,80,81,82,83,84,85,86,87,88,89,90,91,92,93,94,95,96,97,98,99,100,101,102,103,104,105,106,107,108,109,110,111,112,113,114,115,116,117,118,119,120,121,122,123,124,125,126,127,128,131",
                        "endColumns": "12,64,63,68,73,78,82,105,74,61,80,61,56,86,59,57,57,58,56,53,94,55,56,53,65,103,74,76,120,64,64,99,78,74,49,50,65,63,69,76,70,67,70,66,69,92,79,73,79,81,71,64,71,47,72,63,74,76,61,63,62,66,83,77,79,77,53,54,71",
                        "endOffsets": "294,2939,3003,3072,3146,3225,3985,4091,4166,6261,6342,6694,6751,6838,6898,6956,7014,7073,7130,7184,7279,7335,7392,7446,7512,7616,7691,7768,7889,7954,8019,8119,8198,8273,8323,8374,8440,8504,8574,8651,8722,8790,8861,8928,8998,9091,9171,9245,9325,9407,9479,9544,9616,9664,9737,9801,9876,9953,10015,10079,10142,10209,10293,10371,10451,10529,10583,10638,10912"
                    }
                },
                {
                    "source": "C:\\Users\\Rossiny\\.gradle\\caches\\8.11.1\\transforms\\53fd8897bc60734811156c448f1132c3\\transformed\\play-services-base-18.0.1\\res\\values-ko\\values.xml",
                    "from": {
                        "startLines": "4,5,6,7,8,9,10,11,12,13,14,15,16,17,18,19,20",
                        "startColumns": "0,0,0,0,0,0,0,0,0,0,0,0,0,0,0,0,0",
                        "startOffsets": "193,293,428,540,638,749,862,965,1056,1197,1296,1428,1542,1656,1771,1826,1880",
                        "endColumns": "99,134,111,97,110,112,102,90,140,98,131,113,113,114,54,53,70",
                        "endOffsets": "292,427,539,637,748,861,964,1055,1196,1295,1427,1541,1655,1770,1825,1879,1950"
                    },
                    "to": {
                        "startLines": "48,49,50,51,52,53,54,55,57,58,59,60,61,62,63,64,65",
                        "startColumns": "4,4,4,4,4,4,4,4,4,4,4,4,4,4,4,4,4",
                        "startOffsets": "4171,4275,4414,4530,4632,4747,4864,4971,5187,5332,5435,5571,5689,5807,5926,5985,6043",
                        "endColumns": "103,138,115,101,114,116,106,94,144,102,135,117,117,118,58,57,74",
                        "endOffsets": "4270,4409,4525,4627,4742,4859,4966,5061,5327,5430,5566,5684,5802,5921,5980,6038,6113"
                    }
                },
                {
                    "source": "C:\\Users\\Rossiny\\.gradle\\caches\\8.11.1\\transforms\\172021296054a48350991195601bb89c\\transformed\\navigation-ui-2.7.7\\res\\values-ko\\values-ko.xml",
                    "from": {
                        "startLines": "2,3",
                        "startColumns": "4,4",
                        "startOffsets": "55,155",
                        "endColumns": "99,101",
                        "endOffsets": "150,252"
                    },
                    "to": {
                        "startLines": "129,130",
                        "startColumns": "4,4",
                        "startOffsets": "10643,10743",
                        "endColumns": "99,101",
                        "endOffsets": "10738,10840"
                    }
                }
            ]
        }
    ]
}