{
    "logs": [
        {
            "outputFile": "com.example.gestaobilhares.app-mergeDebugResources-54:/values-ar/values-ar.xml",
            "map": [
                {
                    "source": "C:\\Users\\Rossiny\\.gradle\\caches\\8.11.1\\transforms\\53fd8897bc60734811156c448f1132c3\\transformed\\play-services-base-18.0.1\\res\\values-ar\\values.xml",
                    "from": {
                        "startLines": "4,5,6,7,8,9,10,11,12,13,14,15,16,17,18,19,20",
                        "startColumns": "0,0,0,0,0,0,0,0,0,0,0,0,0,0,0,0,0",
                        "startOffsets": "193,293,433,551,652,786,910,1017,1115,1248,1348,1494,1612,1747,1889,1949,2011",
                        "endColumns": "99,139,117,100,133,123,106,97,132,99,145,117,134,141,59,61,79",
                        "endOffsets": "292,432,550,651,785,909,1016,1114,1247,1347,1493,1611,1746,1888,1948,2010,2090"
                    },
                    "to": {
                        "startLines": "52,53,54,55,56,57,58,59,61,62,63,64,65,66,67,68,69",
                        "startColumns": "4,4,4,4,4,4,4,4,4,4,4,4,4,4,4,4,4",
                        "startOffsets": "4591,4695,4839,4961,5066,5204,5332,5443,5675,5812,5916,6066,6188,6327,6473,6537,6603",
                        "endColumns": "103,143,121,104,137,127,110,101,136,103,149,121,138,145,63,65,83",
                        "endOffsets": "4690,4834,4956,5061,5199,5327,5438,5540,5807,5911,6061,6183,6322,6468,6532,6598,6682"
                    }
                },
                {
                    "source": "C:\\Users\\Rossiny\\.gradle\\caches\\8.11.1\\transforms\\867aaaf1f78e7a3227d23380526b5f5a\\transformed\\core-1.12.0\\res\\values-ar\\values-ar.xml",
                    "from": {
                        "startLines": "2,3,4,5,6,7,8,9",
                        "startColumns": "4,4,4,4,4,4,4,4",
                        "startOffsets": "55,148,250,345,448,551,653,767",
                        "endColumns": "92,101,94,102,102,101,113,100",
                        "endOffsets": "143,245,340,443,546,648,762,863"
                    },
                    "to": {
                        "startLines": "42,43,44,45,46,47,48,137",
                        "startColumns": "4,4,4,4,4,4,4,4",
                        "startOffsets": "3582,3675,3777,3872,3975,4078,4180,12148",
                        "endColumns": "92,101,94,102,102,101,113,100",
                        "endOffsets": "3670,3772,3867,3970,4073,4175,4289,12244"
                    }
                },
                {
                    "source": "C:\\Users\\Rossiny\\.gradle\\caches\\8.11.1\\transforms\\24cf04f1c368f48d45221aeab28b1507\\transformed\\appcompat-1.6.1\\res\\values-ar\\values-ar.xml",
                    "from": {
                        "startLines": "2,3,4,5,6,7,8,9,10,11,12,13,14,15,16,17,18,19,20,21,22,23,24,25,26,27,28,29",
                        "startColumns": "4,4,4,4,4,4,4,4,4,4,4,4,4,4,4,4,4,4,4,4,4,4,4,4,4,4,4,4",
                        "startOffsets": "105,213,317,424,506,607,721,801,880,971,1064,1156,1250,1350,1443,1538,1631,1722,1816,1895,2000,2098,2196,2304,2404,2507,2662,2759",
                        "endColumns": "107,103,106,81,100,113,79,78,90,92,91,93,99,92,94,92,90,93,78,104,97,97,107,99,102,154,96,81",
                        "endOffsets": "208,312,419,501,602,716,796,875,966,1059,1151,1245,1345,1438,1533,1626,1717,1811,1890,1995,2093,2191,2299,2399,2502,2657,2754,2836"
                    },
                    "to": {
                        "startLines": "10,11,12,13,14,15,16,17,18,19,20,21,22,23,24,25,26,27,28,29,30,31,32,33,34,35,36,136",
                        "startColumns": "4,4,4,4,4,4,4,4,4,4,4,4,4,4,4,4,4,4,4,4,4,4,4,4,4,4,4,4",
                        "startOffsets": "515,623,727,834,916,1017,1131,1211,1290,1381,1474,1566,1660,1760,1853,1948,2041,2132,2226,2305,2410,2508,2606,2714,2814,2917,3072,12066",
                        "endColumns": "107,103,106,81,100,113,79,78,90,92,91,93,99,92,94,92,90,93,78,104,97,97,107,99,102,154,96,81",
                        "endOffsets": "618,722,829,911,1012,1126,1206,1285,1376,1469,1561,1655,1755,1848,1943,2036,2127,2221,2300,2405,2503,2601,2709,2809,2912,3067,3164,12143"
                    }
                },
                {
                    "source": "C:\\Users\\Rossiny\\.gradle\\caches\\8.11.1\\transforms\\32c23f03b9bc5089aa0411e4a74fc937\\transformed\\play-services-basement-18.1.0\\res\\values-ar\\values.xml",
                    "from": {
                        "startLines": "4",
                        "startColumns": "0",
                        "startOffsets": "195",
                        "endColumns": "125",
                        "endOffsets": "320"
                    },
                    "to": {
                        "startLines": "60",
                        "startColumns": "4",
                        "startOffsets": "5545",
                        "endColumns": "129",
                        "endOffsets": "5670"
                    }
                },
                {
                    "source": "C:\\Users\\Rossiny\\.gradle\\caches\\8.11.1\\transforms\\172021296054a48350991195601bb89c\\transformed\\navigation-ui-2.7.7\\res\\values-ar\\values-ar.xml",
                    "from": {
                        "startLines": "2,3",
                        "startColumns": "4,4",
                        "startOffsets": "55,165",
                        "endColumns": "109,110",
                        "endOffsets": "160,271"
                    },
                    "to": {
                        "startLines": "133,134",
                        "startColumns": "4,4",
                        "startOffsets": "11765,11875",
                        "endColumns": "109,110",
                        "endOffsets": "11870,11981"
                    }
                },
                {
                    "source": "C:\\Users\\Rossiny\\.gradle\\caches\\8.11.1\\transforms\\268fa8e90592b8e67e6e81b04c1efb6d\\transformed\\material-1.11.0\\res\\values-ar\\values-ar.xml",
                    "from": {
                        "startLines": "2,10,11,12,13,14,15,16,17,18,19,20,21,22,23,24,25,26,27,28,29,30,31,32,33,34,35,36,37,38,39,40,41,42,43,44,45,46,47,48,49,50,51,52,53,54,55,56,57,58,59,60,61,62,63,64,65,66,67,68,69,70,71,72,73,74,75,76,77",
                        "startColumns": "4,4,4,4,4,4,4,4,4,4,4,4,4,4,4,4,4,4,4,4,4,4,4,4,4,4,4,4,4,4,4,4,4,4,4,4,4,4,4,4,4,4,4,4,4,4,4,4,4,4,4,4,4,4,4,4,4,4,4,4,4,4,4,4,4,4,4,4,4",
                        "startOffsets": "100,465,543,619,703,795,878,979,1098,1175,1238,1329,1398,1465,1565,1628,1693,1754,1822,1884,1942,2056,2116,2177,2234,2307,2430,2511,2591,2739,2820,2901,3029,3118,3194,3247,3301,3367,3445,3525,3609,3691,3763,3837,3910,3980,4089,4180,4251,4341,4436,4510,4593,4686,4735,4816,4885,4971,5056,5118,5182,5245,5314,5423,5533,5630,5730,5787,5845",
                        "endLines": "9,10,11,12,13,14,15,16,17,18,19,20,21,22,23,24,25,26,27,28,29,30,31,32,33,34,35,36,37,38,39,40,41,42,43,44,45,46,47,48,49,50,51,52,53,54,55,56,57,58,59,60,61,62,63,64,65,66,67,68,69,70,71,72,73,74,75,76,77",
                        "endColumns": "12,77,75,83,91,82,100,118,76,62,90,68,66,99,62,64,60,67,61,57,113,59,60,56,72,122,80,79,147,80,80,127,88,75,52,53,65,77,79,83,81,71,73,72,69,108,90,70,89,94,73,82,92,48,80,68,85,84,61,63,62,68,108,109,96,99,56,57,79",
                        "endOffsets": "460,538,614,698,790,873,974,1093,1170,1233,1324,1393,1460,1560,1623,1688,1749,1817,1879,1937,2051,2111,2172,2229,2302,2425,2506,2586,2734,2815,2896,3024,3113,3189,3242,3296,3362,3440,3520,3604,3686,3758,3832,3905,3975,4084,4175,4246,4336,4431,4505,4588,4681,4730,4811,4880,4966,5051,5113,5177,5240,5309,5418,5528,5625,5725,5782,5840,5920"
                    },
                    "to": {
                        "startLines": "2,37,38,39,40,41,49,50,51,71,72,76,77,78,79,80,81,82,83,84,85,86,87,88,89,90,91,92,93,94,95,96,97,98,99,100,101,102,103,104,105,106,107,108,109,110,111,112,113,114,115,116,117,118,119,120,121,122,123,124,125,126,127,128,129,130,131,132,135",
                        "startColumns": "4,4,4,4,4,4,4,4,4,4,4,4,4,4,4,4,4,4,4,4,4,4,4,4,4,4,4,4,4,4,4,4,4,4,4,4,4,4,4,4,4,4,4,4,4,4,4,4,4,4,4,4,4,4,4,4,4,4,4,4,4,4,4,4,4,4,4,4,4",
                        "startOffsets": "150,3169,3247,3323,3407,3499,4294,4395,4514,6787,6850,7249,7318,7385,7485,7548,7613,7674,7742,7804,7862,7976,8036,8097,8154,8227,8350,8431,8511,8659,8740,8821,8949,9038,9114,9167,9221,9287,9365,9445,9529,9611,9683,9757,9830,9900,10009,10100,10171,10261,10356,10430,10513,10606,10655,10736,10805,10891,10976,11038,11102,11165,11234,11343,11453,11550,11650,11707,11986",
                        "endLines": "9,37,38,39,40,41,49,50,51,71,72,76,77,78,79,80,81,82,83,84,85,86,87,88,89,90,91,92,93,94,95,96,97,98,99,100,101,102,103,104,105,106,107,108,109,110,111,112,113,114,115,116,117,118,119,120,121,122,123,124,125,126,127,128,129,130,131,132,135",
                        "endColumns": "12,77,75,83,91,82,100,118,76,62,90,68,66,99,62,64,60,67,61,57,113,59,60,56,72,122,80,79,147,80,80,127,88,75,52,53,65,77,79,83,81,71,73,72,69,108,90,70,89,94,73,82,92,48,80,68,85,84,61,63,62,68,108,109,96,99,56,57,79",
                        "endOffsets": "510,3242,3318,3402,3494,3577,4390,4509,4586,6845,6936,7313,7380,7480,7543,7608,7669,7737,7799,7857,7971,8031,8092,8149,8222,8345,8426,8506,8654,8735,8816,8944,9033,9109,9162,9216,9282,9360,9440,9524,9606,9678,9752,9825,9895,10004,10095,10166,10256,10351,10425,10508,10601,10650,10731,10800,10886,10971,11033,11097,11160,11229,11338,11448,11545,11645,11702,11760,12061"
                    }
                },
                {
                    "source": "C:\\Users\\Rossiny\\.gradle\\caches\\8.11.1\\transforms\\2a8d5256ce170b432872fd22c2ddcad4\\transformed\\browser-1.4.0\\res\\values-ar\\values-ar.xml",
                    "from": {
                        "startLines": "2,3,4,5",
                        "startColumns": "4,4,4,4",
                        "startOffsets": "55,155,253,361",
                        "endColumns": "99,97,107,101",
                        "endOffsets": "150,248,356,458"
                    },
                    "to": {
                        "startLines": "70,73,74,75",
                        "startColumns": "4,4,4,4",
                        "startOffsets": "6687,6941,7039,7147",
                        "endColumns": "99,97,107,101",
                        "endOffsets": "6782,7034,7142,7244"
                    }
                }
            ]
        }
    ]
}