{
    "logs": [
        {
            "outputFile": "com.example.gestaobilhares.app-mergeDebugResources-54:/values-af/values-af.xml",
            "map": [
                {
                    "source": "C:\\Users\\Rossiny\\.gradle\\caches\\8.11.1\\transforms\\32c23f03b9bc5089aa0411e4a74fc937\\transformed\\play-services-basement-18.1.0\\res\\values-af\\values.xml",
                    "from": {
                        "startLines": "4",
                        "startColumns": "0",
                        "startOffsets": "195",
                        "endColumns": "138",
                        "endOffsets": "333"
                    },
                    "to": {
                        "startLines": "56",
                        "startColumns": "4",
                        "startOffsets": "5439",
                        "endColumns": "142",
                        "endOffsets": "5577"
                    }
                },
                {
                    "source": "C:\\Users\\Rossiny\\.gradle\\caches\\8.11.1\\transforms\\2a8d5256ce170b432872fd22c2ddcad4\\transformed\\browser-1.4.0\\res\\values-af\\values-af.xml",
                    "from": {
                        "startLines": "2,3,4,5",
                        "startColumns": "4,4,4,4",
                        "startOffsets": "55,160,262,375",
                        "endColumns": "104,101,112,99",
                        "endOffsets": "155,257,370,470"
                    },
                    "to": {
                        "startLines": "66,69,70,71",
                        "startColumns": "4,4,4,4",
                        "startOffsets": "6641,6898,7000,7113",
                        "endColumns": "104,101,112,99",
                        "endOffsets": "6741,6995,7108,7208"
                    }
                },
                {
                    "source": "C:\\Users\\Rossiny\\.gradle\\caches\\8.11.1\\transforms\\867aaaf1f78e7a3227d23380526b5f5a\\transformed\\core-1.12.0\\res\\values-af\\values-af.xml",
                    "from": {
                        "startLines": "2,3,4,5,6,7,8,9",
                        "startColumns": "4,4,4,4,4,4,4,4",
                        "startOffsets": "55,153,255,353,451,558,667,787",
                        "endColumns": "97,101,97,97,106,108,119,100",
                        "endOffsets": "148,250,348,446,553,662,782,883"
                    },
                    "to": {
                        "startLines": "38,39,40,41,42,43,44,133",
                        "startColumns": "4,4,4,4,4,4,4,4",
                        "startOffsets": "3418,3516,3618,3716,3814,3921,4030,12010",
                        "endColumns": "97,101,97,97,106,108,119,100",
                        "endOffsets": "3511,3613,3711,3809,3916,4025,4145,12106"
                    }
                },
                {
                    "source": "C:\\Users\\Rossiny\\.gradle\\caches\\8.11.1\\transforms\\53fd8897bc60734811156c448f1132c3\\transformed\\play-services-base-18.0.1\\res\\values-af\\values.xml",
                    "from": {
                        "startLines": "4,5,6,7,8,9,10,11,12,13,14,15,16,17,18,19,20",
                        "startColumns": "0,0,0,0,0,0,0,0,0,0,0,0,0,0,0,0,0",
                        "startOffsets": "193,296,448,570,676,822,940,1057,1155,1317,1421,1574,1697,1832,1982,2044,2103",
                        "endColumns": "102,151,121,105,145,117,116,97,161,103,152,122,134,149,61,58,74",
                        "endOffsets": "295,447,569,675,821,939,1056,1154,1316,1420,1573,1696,1831,1981,2043,2102,2177"
                    },
                    "to": {
                        "startLines": "48,49,50,51,52,53,54,55,57,58,59,60,61,62,63,64,65",
                        "startColumns": "4,4,4,4,4,4,4,4,4,4,4,4,4,4,4,4,4",
                        "startOffsets": "4445,4552,4708,4834,4944,5094,5216,5337,5582,5748,5856,6013,6140,6279,6433,6499,6562",
                        "endColumns": "106,155,125,109,149,121,120,101,165,107,156,126,138,153,65,62,78",
                        "endOffsets": "4547,4703,4829,4939,5089,5211,5332,5434,5743,5851,6008,6135,6274,6428,6494,6557,6636"
                    }
                },
                {
                    "source": "C:\\Users\\Rossiny\\.gradle\\caches\\8.11.1\\transforms\\24cf04f1c368f48d45221aeab28b1507\\transformed\\appcompat-1.6.1\\res\\values-af\\values-af.xml",
                    "from": {
                        "startLines": "2,3,4,5,6,7,8,9,10,11,12,13,14,15,16,17,18,19,20,21,22,23,24,25,26,27,28,29",
                        "startColumns": "4,4,4,4,4,4,4,4,4,4,4,4,4,4,4,4,4,4,4,4,4,4,4,4,4,4,4,4",
                        "startOffsets": "105,213,309,415,500,603,721,798,874,965,1058,1153,1247,1346,1439,1534,1633,1728,1822,1903,2010,2115,2212,2320,2423,2525,2679,2777",
                        "endColumns": "107,95,105,84,102,117,76,75,90,92,94,93,98,92,94,98,94,93,80,106,104,96,107,102,101,153,97,80",
                        "endOffsets": "208,304,410,495,598,716,793,869,960,1053,1148,1242,1341,1434,1529,1628,1723,1817,1898,2005,2110,2207,2315,2418,2520,2674,2772,2853"
                    },
                    "to": {
                        "startLines": "6,7,8,9,10,11,12,13,14,15,16,17,18,19,20,21,22,23,24,25,26,27,28,29,30,31,32,132",
                        "startColumns": "4,4,4,4,4,4,4,4,4,4,4,4,4,4,4,4,4,4,4,4,4,4,4,4,4,4,4,4",
                        "startOffsets": "324,432,528,634,719,822,940,1017,1093,1184,1277,1372,1466,1565,1658,1753,1852,1947,2041,2122,2229,2334,2431,2539,2642,2744,2898,11929",
                        "endColumns": "107,95,105,84,102,117,76,75,90,92,94,93,98,92,94,98,94,93,80,106,104,96,107,102,101,153,97,80",
                        "endOffsets": "427,523,629,714,817,935,1012,1088,1179,1272,1367,1461,1560,1653,1748,1847,1942,2036,2117,2224,2329,2426,2534,2637,2739,2893,2991,12005"
                    }
                },
                {
                    "source": "C:\\Users\\Rossiny\\.gradle\\caches\\8.11.1\\transforms\\268fa8e90592b8e67e6e81b04c1efb6d\\transformed\\material-1.11.0\\res\\values-af\\values-af.xml",
                    "from": {
                        "startLines": "2,6,7,8,9,10,11,12,13,14,15,16,17,18,19,20,21,22,23,24,25,26,27,28,29,30,31,32,33,34,35,36,37,38,39,40,41,42,43,44,45,46,47,48,49,50,51,52,53,54,55,56,57,58,59,60,61,62,63,64,65,66,67,68,69,70,71,72,73",
                        "startColumns": "4,4,4,4,4,4,4,4,4,4,4,4,4,4,4,4,4,4,4,4,4,4,4,4,4,4,4,4,4,4,4,4,4,4,4,4,4,4,4,4,4,4,4,4,4,4,4,4,4,4,4,4,4,4,4,4,4,4,4,4,4,4,4,4,4,4,4,4,4",
                        "startOffsets": "100,274,355,435,513,608,696,796,910,991,1055,1143,1209,1272,1358,1420,1481,1539,1605,1668,1723,1841,1898,1960,2015,2084,2203,2291,2374,2513,2596,2677,2805,2892,2969,3027,3078,3144,3213,3289,3375,3451,3525,3604,3677,3748,3851,3938,4009,4098,4188,4260,4335,4422,4473,4552,4619,4700,4784,4846,4910,4973,5043,5147,5250,5346,5446,5508,5563",
                        "endLines": "5,6,7,8,9,10,11,12,13,14,15,16,17,18,19,20,21,22,23,24,25,26,27,28,29,30,31,32,33,34,35,36,37,38,39,40,41,42,43,44,45,46,47,48,49,50,51,52,53,54,55,56,57,58,59,60,61,62,63,64,65,66,67,68,69,70,71,72,73",
                        "endColumns": "12,80,79,77,94,87,99,113,80,63,87,65,62,85,61,60,57,65,62,54,117,56,61,54,68,118,87,82,138,82,80,127,86,76,57,50,65,68,75,85,75,73,78,72,70,102,86,70,88,89,71,74,86,50,78,66,80,83,61,63,62,69,103,102,95,99,61,54,76",
                        "endOffsets": "269,350,430,508,603,691,791,905,986,1050,1138,1204,1267,1353,1415,1476,1534,1600,1663,1718,1836,1893,1955,2010,2079,2198,2286,2369,2508,2591,2672,2800,2887,2964,3022,3073,3139,3208,3284,3370,3446,3520,3599,3672,3743,3846,3933,4004,4093,4183,4255,4330,4417,4468,4547,4614,4695,4779,4841,4905,4968,5038,5142,5245,5341,5441,5503,5558,5635"
                    },
                    "to": {
                        "startLines": "2,33,34,35,36,37,45,46,47,67,68,72,73,74,75,76,77,78,79,80,81,82,83,84,85,86,87,88,89,90,91,92,93,94,95,96,97,98,99,100,101,102,103,104,105,106,107,108,109,110,111,112,113,114,115,116,117,118,119,120,121,122,123,124,125,126,127,128,131",
                        "startColumns": "4,4,4,4,4,4,4,4,4,4,4,4,4,4,4,4,4,4,4,4,4,4,4,4,4,4,4,4,4,4,4,4,4,4,4,4,4,4,4,4,4,4,4,4,4,4,4,4,4,4,4,4,4,4,4,4,4,4,4,4,4,4,4,4,4,4,4,4,4",
                        "startOffsets": "150,2996,3077,3157,3235,3330,4150,4250,4364,6746,6810,7213,7279,7342,7428,7490,7551,7609,7675,7738,7793,7911,7968,8030,8085,8154,8273,8361,8444,8583,8666,8747,8875,8962,9039,9097,9148,9214,9283,9359,9445,9521,9595,9674,9747,9818,9921,10008,10079,10168,10258,10330,10405,10492,10543,10622,10689,10770,10854,10916,10980,11043,11113,11217,11320,11416,11516,11578,11852",
                        "endLines": "5,33,34,35,36,37,45,46,47,67,68,72,73,74,75,76,77,78,79,80,81,82,83,84,85,86,87,88,89,90,91,92,93,94,95,96,97,98,99,100,101,102,103,104,105,106,107,108,109,110,111,112,113,114,115,116,117,118,119,120,121,122,123,124,125,126,127,128,131",
                        "endColumns": "12,80,79,77,94,87,99,113,80,63,87,65,62,85,61,60,57,65,62,54,117,56,61,54,68,118,87,82,138,82,80,127,86,76,57,50,65,68,75,85,75,73,78,72,70,102,86,70,88,89,71,74,86,50,78,66,80,83,61,63,62,69,103,102,95,99,61,54,76",
                        "endOffsets": "319,3072,3152,3230,3325,3413,4245,4359,4440,6805,6893,7274,7337,7423,7485,7546,7604,7670,7733,7788,7906,7963,8025,8080,8149,8268,8356,8439,8578,8661,8742,8870,8957,9034,9092,9143,9209,9278,9354,9440,9516,9590,9669,9742,9813,9916,10003,10074,10163,10253,10325,10400,10487,10538,10617,10684,10765,10849,10911,10975,11038,11108,11212,11315,11411,11511,11573,11628,11924"
                    }
                },
                {
                    "source": "C:\\Users\\Rossiny\\.gradle\\caches\\8.11.1\\transforms\\172021296054a48350991195601bb89c\\transformed\\navigation-ui-2.7.7\\res\\values-af\\values-af.xml",
                    "from": {
                        "startLines": "2,3",
                        "startColumns": "4,4",
                        "startOffsets": "55,157",
                        "endColumns": "101,116",
                        "endOffsets": "152,269"
                    },
                    "to": {
                        "startLines": "129,130",
                        "startColumns": "4,4",
                        "startOffsets": "11633,11735",
                        "endColumns": "101,116",
                        "endOffsets": "11730,11847"
                    }
                }
            ]
        }
    ]
}