{
    "logs": [
        {
            "outputFile": "com.example.gestaobilhares.app-mergeDebugResources-54:/values-km/values-km.xml",
            "map": [
                {
                    "source": "C:\\Users\\Rossiny\\.gradle\\caches\\8.11.1\\transforms\\24cf04f1c368f48d45221aeab28b1507\\transformed\\appcompat-1.6.1\\res\\values-km\\values-km.xml",
                    "from": {
                        "startLines": "2,3,4,5,6,7,8,9,10,11,12,13,14,15,16,17,18,19,20,21,22,23,24,25,26,27,28,29",
                        "startColumns": "4,4,4,4,4,4,4,4,4,4,4,4,4,4,4,4,4,4,4,4,4,4,4,4,4,4,4,4",
                        "startOffsets": "105,207,306,416,503,606,727,805,881,972,1065,1157,1251,1351,1444,1539,1633,1724,1815,1898,2002,2106,2206,2315,2424,2533,2695,2793",
                        "endColumns": "101,98,109,86,102,120,77,75,90,92,91,93,99,92,94,93,90,90,82,103,103,99,108,108,108,161,97,83",
                        "endOffsets": "202,301,411,498,601,722,800,876,967,1060,1152,1246,1346,1439,1534,1628,1719,1810,1893,1997,2101,2201,2310,2419,2528,2690,2788,2872"
                    },
                    "to": {
                        "startLines": "6,7,8,9,10,11,12,13,14,15,16,17,18,19,20,21,22,23,24,25,26,27,28,29,30,31,32,132",
                        "startColumns": "4,4,4,4,4,4,4,4,4,4,4,4,4,4,4,4,4,4,4,4,4,4,4,4,4,4,4,4",
                        "startOffsets": "319,421,520,630,717,820,941,1019,1095,1186,1279,1371,1465,1565,1658,1753,1847,1938,2029,2112,2216,2320,2420,2529,2638,2747,2909,12085",
                        "endColumns": "101,98,109,86,102,120,77,75,90,92,91,93,99,92,94,93,90,90,82,103,103,99,108,108,108,161,97,83",
                        "endOffsets": "416,515,625,712,815,936,1014,1090,1181,1274,1366,1460,1560,1653,1748,1842,1933,2024,2107,2211,2315,2415,2524,2633,2742,2904,3002,12164"
                    }
                },
                {
                    "source": "C:\\Users\\Rossiny\\.gradle\\caches\\8.11.1\\transforms\\32c23f03b9bc5089aa0411e4a74fc937\\transformed\\play-services-basement-18.1.0\\res\\values-km\\values.xml",
                    "from": {
                        "startLines": "4",
                        "startColumns": "0",
                        "startOffsets": "195",
                        "endColumns": "144",
                        "endOffsets": "339"
                    },
                    "to": {
                        "startLines": "56",
                        "startColumns": "4",
                        "startOffsets": "5411",
                        "endColumns": "148",
                        "endOffsets": "5555"
                    }
                },
                {
                    "source": "C:\\Users\\Rossiny\\.gradle\\caches\\8.11.1\\transforms\\172021296054a48350991195601bb89c\\transformed\\navigation-ui-2.7.7\\res\\values-km\\values-km.xml",
                    "from": {
                        "startLines": "2,3",
                        "startColumns": "4,4",
                        "startOffsets": "55,160",
                        "endColumns": "104,104",
                        "endOffsets": "155,260"
                    },
                    "to": {
                        "startLines": "129,130",
                        "startColumns": "4,4",
                        "startOffsets": "11792,11897",
                        "endColumns": "104,104",
                        "endOffsets": "11892,11997"
                    }
                },
                {
                    "source": "C:\\Users\\Rossiny\\.gradle\\caches\\8.11.1\\transforms\\53fd8897bc60734811156c448f1132c3\\transformed\\play-services-base-18.0.1\\res\\values-km\\values.xml",
                    "from": {
                        "startLines": "4,5,6,7,8,9,10,11,12,13,14,15,16,17,18,19,20",
                        "startColumns": "0,0,0,0,0,0,0,0,0,0,0,0,0,0,0,0,0",
                        "startOffsets": "193,291,442,559,660,818,938,1055,1160,1314,1427,1594,1715,1856,2010,2070,2124",
                        "endColumns": "97,150,116,100,157,119,116,104,153,112,166,120,140,153,59,53,72",
                        "endOffsets": "290,441,558,659,817,937,1054,1159,1313,1426,1593,1714,1855,2009,2069,2123,2196"
                    },
                    "to": {
                        "startLines": "48,49,50,51,52,53,54,55,57,58,59,60,61,62,63,64,65",
                        "startColumns": "4,4,4,4,4,4,4,4,4,4,4,4,4,4,4,4,4",
                        "startOffsets": "4412,4514,4669,4790,4895,5057,5181,5302,5560,5718,5835,6006,6131,6276,6434,6498,6556",
                        "endColumns": "101,154,120,104,161,123,120,108,157,116,170,124,144,157,63,57,76",
                        "endOffsets": "4509,4664,4785,4890,5052,5176,5297,5406,5713,5830,6001,6126,6271,6429,6493,6551,6628"
                    }
                },
                {
                    "source": "C:\\Users\\Rossiny\\.gradle\\caches\\8.11.1\\transforms\\268fa8e90592b8e67e6e81b04c1efb6d\\transformed\\material-1.11.0\\res\\values-km\\values-km.xml",
                    "from": {
                        "startLines": "2,6,7,8,9,10,11,12,13,14,15,16,17,18,19,20,21,22,23,24,25,26,27,28,29,30,31,32,33,34,35,36,37,38,39,40,41,42,43,44,45,46,47,48,49,50,51,52,53,54,55,56,57,58,59,60,61,62,63,64,65,66,67,68,69,70,71,72,73",
                        "startColumns": "4,4,4,4,4,4,4,4,4,4,4,4,4,4,4,4,4,4,4,4,4,4,4,4,4,4,4,4,4,4,4,4,4,4,4,4,4,4,4,4,4,4,4,4,4,4,4,4,4,4,4,4,4,4,4,4,4,4,4,4,4,4,4,4,4,4,4,4,4",
                        "startOffsets": "100,269,347,423,503,582,661,761,873,953,1018,1112,1182,1244,1331,1394,1459,1518,1583,1644,1701,1820,1878,1939,1996,2067,2197,2283,2361,2499,2574,2645,2795,2892,2970,3025,3081,3147,3227,3317,3403,3488,3567,3644,3714,3789,3901,3989,4062,4162,4261,4335,4411,4518,4572,4662,4735,4826,4922,4984,5048,5111,5182,5281,5379,5471,5567,5625,5685",
                        "endLines": "5,6,7,8,9,10,11,12,13,14,15,16,17,18,19,20,21,22,23,24,25,26,27,28,29,30,31,32,33,34,35,36,37,38,39,40,41,42,43,44,45,46,47,48,49,50,51,52,53,54,55,56,57,58,59,60,61,62,63,64,65,66,67,68,69,70,71,72,73",
                        "endColumns": "12,77,75,79,78,78,99,111,79,64,93,69,61,86,62,64,58,64,60,56,118,57,60,56,70,129,85,77,137,74,70,149,96,77,54,55,65,79,89,85,84,78,76,69,74,111,87,72,99,98,73,75,106,53,89,72,90,95,61,63,62,70,98,97,91,95,57,59,82",
                        "endOffsets": "264,342,418,498,577,656,756,868,948,1013,1107,1177,1239,1326,1389,1454,1513,1578,1639,1696,1815,1873,1934,1991,2062,2192,2278,2356,2494,2569,2640,2790,2887,2965,3020,3076,3142,3222,3312,3398,3483,3562,3639,3709,3784,3896,3984,4057,4157,4256,4330,4406,4513,4567,4657,4730,4821,4917,4979,5043,5106,5177,5276,5374,5466,5562,5620,5680,5763"
                    },
                    "to": {
                        "startLines": "2,33,34,35,36,37,45,46,47,67,68,72,73,74,75,76,77,78,79,80,81,82,83,84,85,86,87,88,89,90,91,92,93,94,95,96,97,98,99,100,101,102,103,104,105,106,107,108,109,110,111,112,113,114,115,116,117,118,119,120,121,122,123,124,125,126,127,128,131",
                        "startColumns": "4,4,4,4,4,4,4,4,4,4,4,4,4,4,4,4,4,4,4,4,4,4,4,4,4,4,4,4,4,4,4,4,4,4,4,4,4,4,4,4,4,4,4,4,4,4,4,4,4,4,4,4,4,4,4,4,4,4,4,4,4,4,4,4,4,4,4,4,4",
                        "startOffsets": "150,3007,3085,3161,3241,3320,4120,4220,4332,6730,6795,7219,7289,7351,7438,7501,7566,7625,7690,7751,7808,7927,7985,8046,8103,8174,8304,8390,8468,8606,8681,8752,8902,8999,9077,9132,9188,9254,9334,9424,9510,9595,9674,9751,9821,9896,10008,10096,10169,10269,10368,10442,10518,10625,10679,10769,10842,10933,11029,11091,11155,11218,11289,11388,11486,11578,11674,11732,12002",
                        "endLines": "5,33,34,35,36,37,45,46,47,67,68,72,73,74,75,76,77,78,79,80,81,82,83,84,85,86,87,88,89,90,91,92,93,94,95,96,97,98,99,100,101,102,103,104,105,106,107,108,109,110,111,112,113,114,115,116,117,118,119,120,121,122,123,124,125,126,127,128,131",
                        "endColumns": "12,77,75,79,78,78,99,111,79,64,93,69,61,86,62,64,58,64,60,56,118,57,60,56,70,129,85,77,137,74,70,149,96,77,54,55,65,79,89,85,84,78,76,69,74,111,87,72,99,98,73,75,106,53,89,72,90,95,61,63,62,70,98,97,91,95,57,59,82",
                        "endOffsets": "314,3080,3156,3236,3315,3394,4215,4327,4407,6790,6884,7284,7346,7433,7496,7561,7620,7685,7746,7803,7922,7980,8041,8098,8169,8299,8385,8463,8601,8676,8747,8897,8994,9072,9127,9183,9249,9329,9419,9505,9590,9669,9746,9816,9891,10003,10091,10164,10264,10363,10437,10513,10620,10674,10764,10837,10928,11024,11086,11150,11213,11284,11383,11481,11573,11669,11727,11787,12080"
                    }
                },
                {
                    "source": "C:\\Users\\Rossiny\\.gradle\\caches\\8.11.1\\transforms\\2a8d5256ce170b432872fd22c2ddcad4\\transformed\\browser-1.4.0\\res\\values-km\\values-km.xml",
                    "from": {
                        "startLines": "2,3,4,5",
                        "startColumns": "4,4,4,4",
                        "startOffsets": "55,152,249,382",
                        "endColumns": "96,96,132,99",
                        "endOffsets": "147,244,377,477"
                    },
                    "to": {
                        "startLines": "66,69,70,71",
                        "startColumns": "4,4,4,4",
                        "startOffsets": "6633,6889,6986,7119",
                        "endColumns": "96,96,132,99",
                        "endOffsets": "6725,6981,7114,7214"
                    }
                },
                {
                    "source": "C:\\Users\\Rossiny\\.gradle\\caches\\8.11.1\\transforms\\867aaaf1f78e7a3227d23380526b5f5a\\transformed\\core-1.12.0\\res\\values-km\\values-km.xml",
                    "from": {
                        "startLines": "2,3,4,5,6,7,8,9",
                        "startColumns": "4,4,4,4,4,4,4,4",
                        "startOffsets": "55,150,253,351,451,552,664,776",
                        "endColumns": "94,102,97,99,100,111,111,100",
                        "endOffsets": "145,248,346,446,547,659,771,872"
                    },
                    "to": {
                        "startLines": "38,39,40,41,42,43,44,133",
                        "startColumns": "4,4,4,4,4,4,4,4",
                        "startOffsets": "3399,3494,3597,3695,3795,3896,4008,12169",
                        "endColumns": "94,102,97,99,100,111,111,100",
                        "endOffsets": "3489,3592,3690,3790,3891,4003,4115,12265"
                    }
                }
            ]
        }
    ]
}