{
    "logs": [
        {
            "outputFile": "com.example.gestaobilhares.app-mergeDebugResources-54:/values-ldrtl-v17/values-ldrtl-v17.xml",
            "map": [
                {
                    "source": "C:\\Users\\Rossiny\\.gradle\\caches\\8.11.1\\transforms\\268fa8e90592b8e67e6e81b04c1efb6d\\transformed\\material-1.11.0\\res\\values-ldrtl-v17\\values-ldrtl-v17.xml",
                    "from": {
                        "startLines": "2,3",
                        "startColumns": "4,4",
                        "startOffsets": "55,191",
                        "endColumns": "135,140",
                        "endOffsets": "186,327"
                    }
                }
            ]
        }
    ]
}