<?xml version="1.0" encoding="utf-8"?>
<resources xmlns:ns1="urn:oasis:names:tc:xliff:document:1.2" xmlns:ns2="http://schemas.android.com/tools">
    <plurals name="mtrl_badge_content_description">
    <item quantity="one">%d ಹೊಸ ಅಧಿಸೂಚನೆಗಳು</item>
    <item quantity="other">%d ಹೊಸ ಅಧಿಸೂಚನೆಗಳು</item>
  </plurals>
    <string msgid="5976598919945601918" name="abc_action_bar_home_description">"ಹೋಮ್‌ಗೆ ನ್ಯಾವಿಗೇಟ್ ಮಾಡಿ"</string>
    <string msgid="8388173803310557296" name="abc_action_bar_up_description">"ಮೇಲಕ್ಕೆ ನ್ಯಾವಿಗೇಟ್ ಮಾಡಿ"</string>
    <string msgid="3937310113216875497" name="abc_action_menu_overflow_description">"ಇನ್ನಷ್ಟು ಆಯ್ಕೆಗಳು"</string>
    <string msgid="4692188335987374352" name="abc_action_mode_done">"ಮುಗಿದಿದೆ"</string>
    <string msgid="1189761859438369441" name="abc_activity_chooser_view_see_all">"ಎಲ್ಲವನ್ನೂ ನೋಡಿ"</string>
    <string msgid="2165779757652331008" name="abc_activitychooserview_choose_application">"ಆ್ಯಪ್‌ವೊಂದನ್ನು ಆಯ್ಕೆಮಾಡಿ"</string>
    <string msgid="4215997306490295099" name="abc_capital_off">"ಆಫ್"</string>
    <string msgid="884982626291842264" name="abc_capital_on">"ಆನ್"</string>
    <string msgid="8833365367933412986" name="abc_menu_alt_shortcut_label">"Alt+"</string>
    <string msgid="2223301931652355242" name="abc_menu_ctrl_shortcut_label">"Ctrl+"</string>
    <string msgid="838001238306846836" name="abc_menu_delete_shortcut_label">"delete"</string>
    <string msgid="7986526966204849475" name="abc_menu_enter_shortcut_label">"enter"</string>
    <string msgid="375214403600139847" name="abc_menu_function_shortcut_label">"Function+"</string>
    <string msgid="4192209724446364286" name="abc_menu_meta_shortcut_label">"Meta+"</string>
    <string msgid="4741552369836443843" name="abc_menu_shift_shortcut_label">"Shift+"</string>
    <string msgid="5473865519181928982" name="abc_menu_space_shortcut_label">"space"</string>
    <string msgid="6180552449598693998" name="abc_menu_sym_shortcut_label">"Sym+"</string>
    <string msgid="5520303668377388990" name="abc_prepend_shortcut_label">"Menu+"</string>
    <string msgid="7208076849092622260" name="abc_search_hint">"ಹುಡುಕಿ…"</string>
    <string msgid="3741173234950517107" name="abc_searchview_description_clear">"ಪ್ರಶ್ನೆಯನ್ನು ತೆರವುಗೊಳಿಸಿ"</string>
    <string msgid="693312494995508443" name="abc_searchview_description_query">"ಪ್ರಶ್ನೆಯನ್ನು ಹುಡುಕಿ"</string>
    <string msgid="3417662926640357176" name="abc_searchview_description_search">"ಹುಡುಕಿ"</string>
    <string msgid="1486535517437947103" name="abc_searchview_description_submit">"ಪ್ರಶ್ನೆಯನ್ನು ಸಲ್ಲಿಸಿ"</string>
    <string msgid="2293578557972875415" name="abc_searchview_description_voice">"ಧ್ವನಿ ಹುಡುಕಾಟ"</string>
    <string msgid="8875138169939072951" name="abc_shareactionprovider_share_with">"ಇವರೊಂದಿಗೆ ಹಂಚಿಕೊಳ್ಳಿ"</string>
    <string msgid="9055268688411532828" name="abc_shareactionprovider_share_with_application">"<ns1:g id="APPLICATION_NAME">%s</ns1:g> ನೊಂದಿಗೆ ಹಂಚಿಕೊಳ್ಳಿ"</string>
    <string msgid="1656852541809559762" name="abc_toolbar_collapse_description">"ಕುಗ್ಗಿಸಿ"</string>
    <string name="bottomsheet_action_collapse">ಕೆಳಭಾಗದ ಶೀಟ್ ಅನ್ನು ಕುಗ್ಗಿಸಿ</string>
    <string name="bottomsheet_action_expand">ಕೆಳಭಾಗದ ಶೀಟ್ ಅನ್ನು ವಿಸ್ತರಿಸಿ</string>
    <string name="bottomsheet_action_expand_halfway">ಅರ್ಧದಷ್ಟು ವಿಸ್ತರಿಸಿ</string>
    <string name="bottomsheet_drag_handle_clicked">ಹ್ಯಾಂಡಲ್ ಡ್ರ್ಯಾಗ್ ಮಾಡಿ ಎಂಬುದನ್ನು ಡಬಲ್-ಟ್ಯಾಪ್ ಮಾಡಲಾಗಿದೆ</string>
    <string name="bottomsheet_drag_handle_content_description">ಹ್ಯಾಂಡಲ್ ಡ್ರ್ಯಾಗ್ ಮಾಡಿ</string>
    <string msgid="881409763997275156" name="call_notification_answer_action">"ಉತ್ತರಿಸಿ"</string>
    <string msgid="8793775615905189152" name="call_notification_answer_video_action">"ವೀಡಿಯೊ"</string>
    <string msgid="3229508546291798546" name="call_notification_decline_action">"ನಿರಾಕರಿಸಿ"</string>
    <string msgid="2659457946726154263" name="call_notification_hang_up_action">"ಕರೆ ಕೊನೆಗೊಳಿಸಿ"</string>
    <string msgid="6107532579223922871" name="call_notification_incoming_text">"ಒಳಬರುವ ಕರೆ"</string>
    <string msgid="8623827134497363134" name="call_notification_ongoing_text">"ಚಾಲ್ತಿಯಲ್ಲಿರುವ ಕರೆ"</string>
    <string msgid="59049573811482460" name="call_notification_screening_text">"ಒಳಬರುವ ಕರೆಯನ್ನು ಸ್ಕ್ರೀನ್ ಮಾಡಲಾಗುತ್ತಿದೆ"</string>
    <string name="character_counter_content_description">%2$d ರಲ್ಲಿ %1$d ಅಕ್ಷರಗಳನ್ನು ನಮೂದಿಸಲಾಗಿದೆ</string>
    <string name="character_counter_overflowed_content_description">ಅಕ್ಷರ ಮಿತಿಯು %2$d ರಲ್ಲಿ %1$d ಮೀರಿದೆ</string>
    <string name="clear_text_end_icon_content_description">ಪಠ್ಯ ತೆರವುಗೊಳಿಸಿ</string>
    <string msgid="2523291102206661146" name="common_google_play_services_enable_button">ಸಕ್ರಿಯಗೊಳಿಸು</string>
    <string msgid="227660514972886228" name="common_google_play_services_enable_text">Google Play ಸೇವೆಗಳನ್ನು ನೀವು ಸಕ್ರಿಯಗೊಳಿಸದ ಹೊರತು %1$s ಕಾರ್ಯನಿರ್ವಹಿಸುವುದಿಲ್ಲ.</string>
    <string msgid="5122002158466380389" name="common_google_play_services_enable_title">Google Play ಸೇವೆಗಳನ್ನು ಸಕ್ರಿಯಗೊಳಿಸಿ</string>
    <string msgid="7153882981874058840" name="common_google_play_services_install_button">ಇನ್‌ಸ್ಟಾಲ್ ಮಾಡಿ</string>
    <string name="common_google_play_services_install_text">ನಿಮ್ಮ ಸಾಧನದಿಂದ ಕಾಣೆಯಾಗಿರುವ %1$s, Google Play ಸೇವೆಗಳಿಲ್ಲದೆ ರನ್ ಆಗುವುದಿಲ್ಲ.</string>
    <string msgid="7215213145546190223" name="common_google_play_services_install_title">Google Play ಸೇವೆಗಳನ್ನು ಪಡೆಯಿರಿ</string>
    <string name="common_google_play_services_notification_channel_name">Google Play ಸೇವೆಗಳ ಲಭ್ಯತೆ</string>
    <string name="common_google_play_services_notification_ticker">Google Play ಸೇವೆಗಳ ದೋಷ</string>
    <string name="common_google_play_services_unknown_issue">Google Play ಸೇವೆಗಳಲ್ಲಿ %1$s ಸಮಸ್ಯೆಯನ್ನು ಹೊಂದಿದೆ. ದಯವಿಟ್ಟು ಮತ್ತೆ ಪ್ರಯತ್ನಿಸಿ.</string>
    <string name="common_google_play_services_unsupported_text">ನಿಮ್ಮ ಸಾಧನದ ಮೂಲಕ ಬೆಂಬಲಿಸದಿರುವ Google Play ಸೇವೆಗಳಿಲ್ಲದೆ %1$s ರನ್‌ ಆಗುವುದಿಲ್ಲ.</string>
    <string msgid="6556509956452265614" name="common_google_play_services_update_button">ಅಪ್‌ಡೇಟ್‌ ಮಾಡಿ</string>
    <string msgid="9053896323427875356" name="common_google_play_services_update_text">ನೀವು Google Play ಸೇವೆಗಳನ್ನು ಅಪ್‍ಡೇಟ್ ಮಾಡದ ಹೊರತು %1$s ರನ್ ಆಗುವುದಿಲ್ಲ.</string>
    <string msgid="6006316683626838685" name="common_google_play_services_update_title">Google ಪ್ಲೇ ಸೇವೆಗಳನ್ನು ಅಪ್‌ಡೇಟ್‌ ಮಾಡಿ</string>
    <string name="common_google_play_services_updating_text">Google Play ಸೇವೆಗಳಿಲ್ಲದೆ ಪ್ರಸ್ತುತ ಅಪ್‌ಡೇಟ್ ಆಗುತ್ತಿರುವ %1$s ರನ್ ಆಗುವುದಿಲ್ಲ.</string>
    <string name="common_google_play_services_wear_update_text">Google Play ಸೇವೆಗಳ ಹೊಸ ಆವೃತ್ತಿ ಅಗತ್ಯವಿದೆ. ಸದ್ಯದಲ್ಲೇ ಅದು ತಾನಾಗಿಯೇ ಅಪ್‌ಡೇಟ್ ಆಗುತ್ತದೆ.</string>
    <string name="common_open_on_phone">ಫೋನ್‌ನಲ್ಲಿ ತೆರೆಯಿರಿ</string>
    <string name="common_signin_button_text">ಸೈನ್ ಇನ್</string>
    <string name="common_signin_button_text_long">Google ಮೂಲಕ ಸೈನ್ ಇನ್ ಮಾಡಿ</string>
    <string msgid="3260749812566568062" name="copy_toast_msg">"ಕ್ಲಿಪ್‌ಬೋರ್ಡ್‌ಗೆ ಲಿಂಕ್ ಅನ್ನು ನಕಲಿಸಲಾಗಿದೆ"</string>
    <string name="error_icon_content_description">ದೋಷ</string>
    <string name="exposed_dropdown_menu_content_description">ಡ್ರಾಪ್‌ಡೌನ್ ಮೆನು ತೋರಿಸಿ</string>
    <string msgid="4566929209979330987" name="fallback_menu_item_copy_link">"ಲಿಂಕ್ ನಕಲಿಸಿ"</string>
    <string msgid="3413186855122069269" name="fallback_menu_item_open_in_browser">"ಬ್ರೌಸರ್‌ನಲ್ಲಿ ತೆರೆಯಿರಿ"</string>
    <string msgid="7145444925855055364" name="fallback_menu_item_share_link">"ಲಿಂಕ್ ಹಂಚಿರಿ"</string>
    <string name="icon_content_description">ಡೈಲಾಗ್ ಐಕಾನ್</string>
    <string name="item_view_role_description">ಟ್ಯಾಬ್</string>
    <string name="material_clock_toggle_content_description">ಬೆಳಿಗ್ಗೆ ಅಥವಾ ಮಧ್ಯಾಹ್ನ ಆಯ್ಕೆಮಾಡಿ</string>
    <string name="material_hour_24h_suffix">%1$s ಗಂಟೆಗಳು</string>
    <string name="material_hour_selection">ಸಮಯವನ್ನು ಆಯ್ಕೆಮಾಡಿ</string>
    <string name="material_hour_suffix">%1$s ಗಂಟೆ</string>
    <string name="material_minute_selection">ನಿಮಿಷಗಳನ್ನು ಆಯ್ಕೆಮಾಡಿ</string>
    <string name="material_minute_suffix">%1$s ನಿಮಿಷಗಳು</string>
    <string name="material_timepicker_am">AM</string>
    <string name="material_timepicker_clock_mode_description">ಸಮಯವನ್ನು ನಮೂದಿಸಲು ಗಡಿಯಾರದ ನಮೂನೆಗೆ ಬದಲಿಸಿ.</string>
    <string name="material_timepicker_hour">ಗಂಟೆ</string>
    <string name="material_timepicker_minute">ನಿಮಿಷ</string>
    <string name="material_timepicker_pm">PM</string>
    <string name="material_timepicker_select_time">ಸಮಯವನ್ನು ಆಯ್ಕೆಮಾಡಿ</string>
    <string name="material_timepicker_text_input_mode_description">ಸಮಯವನ್ನು ನಮೂದಿಸಲು ಪಠ್ಯದ ನಮೂನೆಗೆ ಬದಲಿಸಿ.</string>
    <string name="mtrl_badge_numberless_content_description">ಹೊಸ ಅಧಿಸೂಚನೆ</string>
    <string name="mtrl_chip_close_icon_content_description">%1$s ಅನ್ನು ತೆಗೆದುಹಾಕಿ</string>
    <string name="mtrl_exceed_max_badge_number_content_description" ns2:ignore="PluralsCandidate">%1$d ಕ್ಕಿಂತ ಹೆಚ್ಚು ಹೊಸ ಅಧಿಸೂಚನೆಗಳು</string>
    <string name="mtrl_picker_a11y_next_month">ಮುಂದಿನ ತಿಂಗಳಿಗೆ ಬದಲಿಸಿ</string>
    <string name="mtrl_picker_a11y_prev_month">ಹಿಂದಿನ ತಿಂಗಳಿಗೆ ಬದಲಿಸಿ</string>
    <string name="mtrl_picker_announce_current_range_selection">ಪ್ರಾರಂಭ ದಿನಾಂಕದ ಆಯ್ಕೆ: %1$s – ಅಂತಿಮ ದಿನಾಂಕದ ಆಯ್ಕೆ: %2$s</string>
    <string name="mtrl_picker_announce_current_selection">ಪ್ರಸ್ತುತ ಆಯ್ಕೆ: %1$s</string>
    <string name="mtrl_picker_announce_current_selection_none">ಯಾವುದೂ ಇಲ್ಲ</string>
    <string name="mtrl_picker_cancel">ರದ್ದುಮಾಡಿ</string>
    <string name="mtrl_picker_confirm">ಸರಿ</string>
    <string name="mtrl_picker_date_header_selected">%1$s</string>
    <string name="mtrl_picker_date_header_title">ದಿನಾಂಕವನ್ನು ಆಯ್ಕೆಮಾಡಿ</string>
    <string name="mtrl_picker_date_header_unselected">ದಿನಾಂಕವನ್ನು ಆಯ್ಕೆಮಾಡಲಾಗಿದೆ</string>
    <string name="mtrl_picker_day_of_week_column_header">ದಿನಗಳ ಕಾಲಮ್: %1$s</string>
    <string name="mtrl_picker_end_date_description">ಕೊನೆಯ ದಿನಾಂಕ %1$s</string>
    <string name="mtrl_picker_invalid_format">ಅಮಾನ್ಯವಾದ ಫಾರ್ಮ್ಯಾಟ್.</string>
    <string name="mtrl_picker_invalid_format_example">ಉದಾಹರಣೆ: %1$s</string>
    <string name="mtrl_picker_invalid_format_use">ಇದನ್ನು ಬಳಸಿ: %1$s</string>
    <string name="mtrl_picker_invalid_range">ಅಮಾನ್ಯ ಶ್ರೇಣಿ.</string>
    <string name="mtrl_picker_navigate_to_current_year_description">ಪ್ರಸ್ತುತ ವರ್ಷ %1$d ಕ್ಕೆ ನ್ಯಾವಿಗೇಟ್ ಮಾಡಿ</string>
    <string name="mtrl_picker_navigate_to_year_description">%1$d ವರ್ಷಕ್ಕೆ ನ್ಯಾವಿಗೇಟ್ ಮಾಡಿ</string>
    <string name="mtrl_picker_out_of_range">ವ್ಯಾಪ್ತಿಯ ಹೊರಗಿದೆ: %1$s</string>
    <string name="mtrl_picker_range_header_only_end_selected">ಪ್ರಾರಂಭ ದಿನಾಂಕ – %1$s</string>
    <string name="mtrl_picker_range_header_only_start_selected">%1$s – ಮುಕ್ತಾಯ ದಿನಾಂಕ</string>
    <string name="mtrl_picker_range_header_selected">%1$s – %2$s</string>
    <string name="mtrl_picker_range_header_title">ಶ್ರೇಣಿಯನ್ನು ಆಯ್ಕೆಮಾಡಿ</string>
    <string name="mtrl_picker_range_header_unselected">ಪ್ರಾರಂಭ ದಿನಾಂಕ – ಮುಕ್ತಾಯ ದಿನಾಂಕ</string>
    <string name="mtrl_picker_save">ಉಳಿಸಿ</string>
    <string name="mtrl_picker_start_date_description">ಪ್ರಾರಂಭದ ದಿನಾಂಕ %1$s</string>
    <string name="mtrl_picker_text_input_date_hint">ದಿನಾಂಕ</string>
    <string name="mtrl_picker_text_input_date_range_end_hint">ಮುಕ್ತಾಯ ದಿನಾಂಕ</string>
    <string name="mtrl_picker_text_input_date_range_start_hint">ಪ್ರಾರಂಭ ದಿನಾಂಕ</string>
    <string name="mtrl_picker_text_input_day_abbr">ದಿ</string>
    <string name="mtrl_picker_text_input_month_abbr">ತಿ</string>
    <string name="mtrl_picker_text_input_year_abbr">ವ</string>
    <string name="mtrl_picker_today_description">ಇಂದು %1$s</string>
    <string name="mtrl_picker_toggle_to_calendar_input_mode">ಕ್ಯಾಲೆಂಡರ್ ಇನ್‌ಪುಟ್ ಮೋಡ್‌ಗೆ ಬದಲಿಸಿ</string>
    <string name="mtrl_picker_toggle_to_day_selection">Calendar ವೀಕ್ಷಣೆಗೆ ಬದಲಾಯಿಸಲು ಟ್ಯಾಪ್ ಮಾಡಿ</string>
    <string name="mtrl_picker_toggle_to_text_input_mode">ಪಠ್ಯ ಇನ್‌ಪುಟ್ ಮೋಡ್‌ಗೆ ಬದಲಿಸಿ</string>
    <string name="mtrl_picker_toggle_to_year_selection">ವರ್ಷದ ವೀಕ್ಷಣೆಗೆ ಬದಲಾಯಿಸಲು ಟ್ಯಾಪ್ ಮಾಡಿ</string>
    <string name="mtrl_timepicker_cancel">ರದ್ದುಮಾಡಿ</string>
    <string name="mtrl_timepicker_confirm">ಸರಿ</string>
    <string msgid="6301633601645100427" name="nav_app_bar_navigate_up_description">"ಮೇಲಕ್ಕೆ ನ್ಯಾವಿಗೇಟ್ ಮಾಡಿ"</string>
    <string msgid="7456070600745802113" name="nav_app_bar_open_drawer_description">"ನ್ಯಾವಿಗೇಶನ್ ಡ್ರಾವರ್ ಅನ್ನು ತೆರೆಯಿರಿ"</string>
    <string name="password_toggle_content_description">ಪಾಸ್‌ವರ್ಡ್ ತೋರಿಸಿ</string>
    <string msgid="6264217191555673260" name="search_menu_title">"ಹುಡುಕಿ"</string>
    <string msgid="6277540029070332960" name="status_bar_notification_info_overflow">"999+"</string>
</resources>