<?xml version="1.0" encoding="utf-8" standalone="yes"?><Layout layout="dialog_metodos_pagamento" modulePackage="com.example.gestaobilhares" filePath="app\src\main\res\layout\dialog_metodos_pagamento.xml" directory="layout" isMerge="false" isBindingData="false" rootNodeType="android.widget.ScrollView"><Targets><Target tag="layout/dialog_metodos_pagamento_0" view="ScrollView"><Expressions/><location startLine="1" startOffset="0" endLine="12" endOffset="12"/></Target><Target id="@+id/containerMetodos" view="LinearLayout"><Expressions/><location startLine="6" startOffset="4" endLine="10" endOffset="40"/></Target></Targets></Layout>