<?xml version="1.0" encoding="utf-8" standalone="yes"?><Layout layout="fragment_routes" modulePackage="com.example.gestaobilhares" filePath="app\src\main\res\layout\fragment_routes.xml" directory="layout" isMerge="false" isBindingData="false" rootNodeType="androidx.coordinatorlayout.widget.CoordinatorLayout"><Targets><Target tag="layout/fragment_routes_0" view="androidx.coordinatorlayout.widget.CoordinatorLayout"><Expressions/><location startLine="1" startOffset="0" endLine="434" endOffset="53"/></Target><Target id="@+id/manageButton" view="ImageView"><Expressions/><location startLine="38" startOffset="16" endLine="45" endOffset="53"/></Target><Target id="@+id/searchButton" view="ImageView"><Expressions/><location startLine="47" startOffset="16" endLine="54" endOffset="53"/></Target><Target id="@+id/filterButton" view="ImageView"><Expressions/><location startLine="56" startOffset="16" endLine="62" endOffset="53"/></Target><Target id="@+id/clientesAtivosCount" view="TextView"><Expressions/><location startLine="116" startOffset="24" endLine="124" endOffset="54"/></Target><Target id="@+id/valorAcertadoAmount" view="TextView"><Expressions/><location startLine="172" startOffset="24" endLine="183" endOffset="63"/></Target><Target id="@+id/pendenciasCount" view="TextView"><Expressions/><location startLine="231" startOffset="24" endLine="239" endOffset="54"/></Target><Target id="@+id/rotaDestaqueCard" view="androidx.cardview.widget.CardView"><Expressions/><location startLine="258" startOffset="12" endLine="338" endOffset="47"/></Target><Target id="@+id/rotaDestaqueImage" view="ImageView"><Expressions/><location startLine="272" startOffset="20" endLine="278" endOffset="45"/></Target><Target id="@+id/rotaDestaqueTitulo" view="TextView"><Expressions/><location startLine="292" startOffset="24" endLine="299" endOffset="54"/></Target><Target id="@+id/rotaDestaqueInfo" view="TextView"><Expressions/><location startLine="301" startOffset="24" endLine="308" endOffset="53"/></Target><Target id="@+id/rotaPreviousButton" view="ImageView"><Expressions/><location startLine="313" startOffset="20" endLine="322" endOffset="57"/></Target><Target id="@+id/rotaNextButton" view="ImageView"><Expressions/><location startLine="324" startOffset="20" endLine="334" endOffset="57"/></Target><Target id="@+id/verTodasButton" view="TextView"><Expressions/><location startLine="358" startOffset="16" endLine="364" endOffset="45"/></Target><Target id="@+id/rotasRecyclerView" view="androidx.recyclerview.widget.RecyclerView"><Expressions/><location startLine="369" startOffset="12" endLine="375" endOffset="52"/></Target><Target id="@+id/addRouteFab" view="com.google.android.material.floatingactionbutton.FloatingActionButton"><Expressions/><location startLine="382" startOffset="4" endLine="392" endOffset="41"/></Target><Target id="@+id/expenseHistoryFab" view="com.google.android.material.floatingactionbutton.FloatingActionButton"><Expressions/><location startLine="395" startOffset="4" endLine="407" endOffset="28"/></Target><Target id="@+id/reportFab" view="com.google.android.material.floatingactionbutton.FloatingActionButton"><Expressions/><location startLine="410" startOffset="4" endLine="421" endOffset="28"/></Target><Target id="@+id/bottomNavigation" view="com.google.android.material.bottomnavigation.BottomNavigationView"><Expressions/><location startLine="424" startOffset="4" endLine="432" endOffset="49"/></Target></Targets></Layout>