<?xml version="1.0" encoding="utf-8" standalone="yes"?><Layout layout="fragment_main" modulePackage="com.example.gestaobilhares" filePath="app\src\main\res\layout\fragment_main.xml" directory="layout" isMerge="false" isBindingData="false" rootNodeType="android.widget.FrameLayout"><Targets><Target tag="layout/fragment_main_0" view="FrameLayout"><Expressions/><location startLine="1" startOffset="0" endLine="13" endOffset="13"/></Target><Target id="@+id/textViewMain" view="TextView"><Expressions/><location startLine="6" startOffset="4" endLine="11" endOffset="33"/></Target></Targets></Layout>