<?xml version="1.0" encoding="utf-8" standalone="yes"?><Layout layout="fragment_cadastro_mesa" modulePackage="com.example.gestaobilhares" filePath="app\src\main\res\layout\fragment_cadastro_mesa.xml" directory="layout" isMerge="false" isBindingData="false" rootNodeType="android.widget.ScrollView"><Targets><Target tag="layout/fragment_cadastro_mesa_0" view="ScrollView"><Expressions/><location startLine="1" startOffset="0" endLine="137" endOffset="12"/></Target><Target id="@+id/etNumeroMesa" view="com.google.android.material.textfield.TextInputEditText"><Expressions/><location startLine="30" startOffset="12" endLine="35" endOffset="38"/></Target><Target id="@+id/spTipoMesa" view="Spinner"><Expressions/><location startLine="45" startOffset="8" endLine="49" endOffset="48"/></Target><Target id="@+id/spTamanhoMesa" view="Spinner"><Expressions/><location startLine="58" startOffset="8" endLine="62" endOffset="48"/></Target><Target id="@+id/spEstadoConservacao" view="Spinner"><Expressions/><location startLine="71" startOffset="8" endLine="75" endOffset="48"/></Target><Target id="@+id/tilRelogio" view="com.google.android.material.textfield.TextInputLayout"><Expressions/><location startLine="77" startOffset="8" endLine="91" endOffset="63"/></Target><Target id="@+id/etRelogio" view="com.google.android.material.textfield.TextInputEditText"><Expressions/><location startLine="85" startOffset="12" endLine="90" endOffset="38"/></Target><Target id="@+id/etObservacoes" view="com.google.android.material.textfield.TextInputEditText"><Expressions/><location startLine="100" startOffset="12" endLine="105" endOffset="38"/></Target><Target id="@+id/btnCancelar" view="com.google.android.material.button.MaterialButton"><Expressions/><location startLine="121" startOffset="12" endLine="127" endOffset="48"/></Target><Target id="@+id/btnSalvarMesa" view="com.google.android.material.button.MaterialButton"><Expressions/><location startLine="128" startOffset="12" endLine="132" endOffset="44"/></Target></Targets></Layout>