<?xml version="1.0" encoding="utf-8" standalone="yes"?><Layout layout="fragment_mesas_deposito" modulePackage="com.example.gestaobilhares" filePath="app\src\main\res\layout\fragment_mesas_deposito.xml" directory="layout" isMerge="false" isBindingData="false" rootNodeType="android.widget.ScrollView"><Targets><Target tag="layout/fragment_mesas_deposito_0" view="ScrollView"><Expressions/><location startLine="1" startOffset="0" endLine="340" endOffset="12"/></Target><Target id="@+id/btnBack" view="ImageButton"><Expressions/><location startLine="29" startOffset="16" endLine="36" endOffset="53"/></Target><Target id="@+id/btnCadastrarMesa" view="com.google.android.material.button.MaterialButton"><Expressions/><location startLine="48" startOffset="16" endLine="55" endOffset="45"/></Target><Target id="@+id/tvTotalMesas" view="TextView"><Expressions/><location startLine="92" startOffset="20" endLine="99" endOffset="50"/></Target><Target id="@+id/tvTotalSinuca" view="TextView"><Expressions/><location startLine="134" startOffset="24" endLine="142" endOffset="60"/></Target><Target id="@+id/tvTotalMaquinaMusica" view="TextView"><Expressions/><location startLine="177" startOffset="24" endLine="185" endOffset="60"/></Target><Target id="@+id/tvTotalPequenas" view="TextView"><Expressions/><location startLine="223" startOffset="24" endLine="230" endOffset="54"/></Target><Target id="@+id/tvTotalGrandes" view="TextView"><Expressions/><location startLine="259" startOffset="24" endLine="266" endOffset="54"/></Target><Target id="@+id/rvMesasDeposito" view="androidx.recyclerview.widget.RecyclerView"><Expressions/><location startLine="294" startOffset="8" endLine="300" endOffset="56"/></Target><Target id="@+id/emptyStateLayout" view="LinearLayout"><Expressions/><location startLine="303" startOffset="8" endLine="336" endOffset="22"/></Target><Target id="@+id/tvEmptyState" view="TextView"><Expressions/><location startLine="319" startOffset="12" endLine="326" endOffset="49"/></Target></Targets></Layout>