<?xml version="1.0" encoding="utf-8" standalone="yes"?><Layout layout="fragment_client_detail" modulePackage="com.example.gestaobilhares" filePath="app\src\main\res\layout\fragment_client_detail.xml" directory="layout" isMerge="false" isBindingData="false" rootNodeType="android.widget.ScrollView"><Targets><Target tag="layout/fragment_client_detail_0" view="ScrollView"><Expressions/><location startLine="1" startOffset="0" endLine="469" endOffset="12"/></Target><Target id="@+id/btnBack" view="ImageButton"><Expressions/><location startLine="28" startOffset="12" endLine="35" endOffset="49"/></Target><Target id="@+id/fabWhatsApp" view="com.google.android.material.floatingactionbutton.FloatingActionButton"><Expressions/><location startLine="42" startOffset="16" endLine="50" endOffset="45"/></Target><Target id="@+id/fabPhone" view="com.google.android.material.floatingactionbutton.FloatingActionButton"><Expressions/><location startLine="52" startOffset="16" endLine="59" endOffset="45"/></Target><Target id="@+id/fabEdit" view="com.google.android.material.floatingactionbutton.FloatingActionButton"><Expressions/><location startLine="61" startOffset="16" endLine="69" endOffset="45"/></Target><Target id="@+id/ivClientBackground" view="ImageView"><Expressions/><location startLine="80" startOffset="12" endLine="85" endOffset="64"/></Target><Target id="@+id/tvClientName" view="TextView"><Expressions/><location startLine="100" startOffset="16" endLine="108" endOffset="46"/></Target><Target id="@+id/tvClientAddress" view="TextView"><Expressions/><location startLine="124" startOffset="20" endLine="131" endOffset="67"/></Target><Target id="@+id/tvActiveTables" view="TextView"><Expressions/><location startLine="157" startOffset="24" endLine="164" endOffset="48"/></Target><Target id="@+id/tvLastVisit" view="TextView"><Expressions/><location startLine="193" startOffset="28" endLine="200" endOffset="57"/></Target><Target id="@+id/tvClientCurrentDebt" view="TextView"><Expressions/><location startLine="230" startOffset="28" endLine="237" endOffset="56"/></Target><Target id="@+id/btnNewSettlement" view="com.google.android.material.button.MaterialButton"><Expressions/><location startLine="257" startOffset="8" endLine="270" endOffset="33"/></Target><Target id="@+id/etObservations" view="EditText"><Expressions/><location startLine="298" startOffset="16" endLine="310" endOffset="44"/></Target><Target id="@+id/tvObservations" view="TextView"><Expressions/><location startLine="312" startOffset="16" endLine="323" endOffset="81"/></Target><Target id="@+id/btnAdicionarMesa" view="com.google.android.material.button.MaterialButton"><Expressions/><location startLine="362" startOffset="12" endLine="370" endOffset="79"/></Target><Target id="@+id/rvMesasCliente" view="androidx.recyclerview.widget.RecyclerView"><Expressions/><location startLine="374" startOffset="8" endLine="381" endOffset="56"/></Target><Target id="@+id/btnHistoryPrevious" view="ImageButton"><Expressions/><location startLine="422" startOffset="16" endLine="429" endOffset="60"/></Target><Target id="@+id/btnHistoryNext" view="ImageButton"><Expressions/><location startLine="431" startOffset="16" endLine="437" endOffset="60"/></Target><Target id="@+id/rvSettlementHistory" view="androidx.recyclerview.widget.RecyclerView"><Expressions/><location startLine="442" startOffset="12" endLine="452" endOffset="41"/></Target><Target id="@+id/bottomNavigation" view="com.google.android.material.bottomnavigation.BottomNavigationView"><Expressions/><location startLine="459" startOffset="8" endLine="465" endOffset="53"/></Target></Targets></Layout>