<?xml version="1.0" encoding="utf-8" standalone="yes"?><Layout layout="fragment_client_register" modulePackage="com.example.gestaobilhares" filePath="app\src\main\res\layout\fragment_client_register.xml" directory="layout" isMerge="false" isBindingData="false" rootNodeType="androidx.constraintlayout.widget.ConstraintLayout"><Targets><Target tag="layout/fragment_client_register_0" view="androidx.constraintlayout.widget.ConstraintLayout"><Expressions/><location startLine="1" startOffset="0" endLine="315" endOffset="51"/></Target><Target id="@+id/headerLayout" view="LinearLayout"><Expressions/><location startLine="9" startOffset="4" endLine="50" endOffset="18"/></Target><Target id="@+id/btnBack" view="ImageButton"><Expressions/><location startLine="28" startOffset="12" endLine="35" endOffset="49"/></Target><Target id="@+id/etClientName" view="com.google.android.material.textfield.TextInputEditText"><Expressions/><location startLine="103" startOffset="24" endLine="108" endOffset="50"/></Target><Target id="@+id/etAddress" view="com.google.android.material.textfield.TextInputEditText"><Expressions/><location startLine="121" startOffset="24" endLine="126" endOffset="50"/></Target><Target id="@+id/etPhone" view="com.google.android.material.textfield.TextInputEditText"><Expressions/><location startLine="140" startOffset="24" endLine="145" endOffset="50"/></Target><Target id="@+id/etEmail" view="com.google.android.material.textfield.TextInputEditText"><Expressions/><location startLine="158" startOffset="24" endLine="163" endOffset="50"/></Target><Target id="@+id/etValorFicha" view="com.google.android.material.textfield.TextInputEditText"><Expressions/><location startLine="177" startOffset="24" endLine="182" endOffset="50"/></Target><Target id="@+id/etComissaoFicha" view="com.google.android.material.textfield.TextInputEditText"><Expressions/><location startLine="196" startOffset="24" endLine="201" endOffset="50"/></Target><Target id="@+id/etDebitoAtual" view="com.google.android.material.textfield.TextInputEditText"><Expressions/><location startLine="217" startOffset="24" endLine="225" endOffset="77"/></Target><Target id="@+id/etNumeroContrato" view="com.google.android.material.textfield.TextInputEditText"><Expressions/><location startLine="238" startOffset="24" endLine="243" endOffset="50"/></Target><Target id="@+id/etObservations" view="com.google.android.material.textfield.TextInputEditText"><Expressions/><location startLine="256" startOffset="24" endLine="262" endOffset="50"/></Target><Target id="@+id/btnCancel" view="com.google.android.material.button.MaterialButton"><Expressions/><location startLine="272" startOffset="24" endLine="279" endOffset="53"/></Target><Target id="@+id/btnSave" view="com.google.android.material.button.MaterialButton"><Expressions/><location startLine="281" startOffset="24" endLine="287" endOffset="59"/></Target><Target id="@+id/progressBar" view="ProgressBar"><Expressions/><location startLine="305" startOffset="4" endLine="313" endOffset="51"/></Target></Targets></Layout>