<?xml version="1.0" encoding="utf-8" standalone="yes"?><Layout layout="fragment_settlement" modulePackage="com.example.gestaobilhares" filePath="app\src\main\res\layout\fragment_settlement.xml" directory="layout" isMerge="false" isBindingData="false" rootNodeType="androidx.constraintlayout.widget.ConstraintLayout"><Targets><Target tag="layout/fragment_settlement_0" view="androidx.constraintlayout.widget.ConstraintLayout"><Expressions/><location startLine="1" startOffset="0" endLine="431" endOffset="51"/></Target><Target id="@+id/headerLayout" view="LinearLayout"><Expressions/><location startLine="9" startOffset="4" endLine="42" endOffset="18"/></Target><Target id="@+id/btnBack" view="ImageButton"><Expressions/><location startLine="22" startOffset="8" endLine="29" endOffset="45"/></Target><Target id="@+id/tvClientName" view="TextView"><Expressions/><location startLine="102" startOffset="20" endLine="110" endOffset="52"/></Target><Target id="@+id/tvClientAddress" view="TextView"><Expressions/><location startLine="113" startOffset="20" endLine="120" endOffset="67"/></Target><Target id="@+id/tvPreviousDebt" view="TextView"><Expressions/><location startLine="131" startOffset="20" endLine="141" endOffset="46"/></Target><Target id="@+id/rvMesasAcerto" view="androidx.recyclerview.widget.RecyclerView"><Expressions/><location startLine="148" startOffset="12" endLine="154" endOffset="59"/></Target><Target id="@+id/tvTableTotal" view="TextView"><Expressions/><location startLine="206" startOffset="20" endLine="217" endOffset="46"/></Target><Target id="@+id/tvTotalWithDebt" view="TextView"><Expressions/><location startLine="228" startOffset="20" endLine="239" endOffset="46"/></Target><Target id="@+id/etDesconto" view="com.google.android.material.textfield.TextInputEditText"><Expressions/><location startLine="251" startOffset="24" endLine="256" endOffset="50"/></Target><Target id="@+id/actvPaymentMethod" view="AutoCompleteTextView"><Expressions/><location startLine="268" startOffset="20" endLine="274" endOffset="60"/></Target><Target id="@+id/etAmountReceived" view="com.google.android.material.textfield.TextInputEditText"><Expressions/><location startLine="286" startOffset="24" endLine="291" endOffset="50"/></Target><Target id="@+id/tvCurrentDebt" view="TextView"><Expressions/><location startLine="304" startOffset="20" endLine="315" endOffset="46"/></Target><Target id="@+id/tvRepresentanteLabel" view="TextView"><Expressions/><location startLine="337" startOffset="20" endLine="343" endOffset="49"/></Target><Target id="@+id/tvRepresentante" view="TextView"><Expressions/><location startLine="344" startOffset="20" endLine="353" endOffset="59"/></Target><Target id="@+id/cbPanoTrocado" view="CheckBox"><Expressions/><location startLine="356" startOffset="20" endLine="361" endOffset="59"/></Target><Target id="@+id/etNumeroPano" view="EditText"><Expressions/><location startLine="362" startOffset="20" endLine="369" endOffset="59"/></Target><Target id="@+id/spTipoAcerto" view="Spinner"><Expressions/><location startLine="378" startOffset="20" endLine="383" endOffset="59"/></Target><Target id="@+id/etObservacao" view="EditText"><Expressions/><location startLine="392" startOffset="20" endLine="401" endOffset="59"/></Target><Target id="@+id/btnSaveSettlement" view="com.google.android.material.button.MaterialButton"><Expressions/><location startLine="406" startOffset="12" endLine="414" endOffset="41"/></Target><Target id="@+id/progressBar" view="ProgressBar"><Expressions/><location startLine="421" startOffset="4" endLine="429" endOffset="51"/></Target></Targets></Layout>