<?xml version="1.0" encoding="utf-8" standalone="yes"?><Layout layout="item_client" modulePackage="com.example.gestaobilhares" filePath="app\src\main\res\layout\item_client.xml" directory="layout" isMerge="false" isBindingData="false" rootNodeType="com.google.android.material.card.MaterialCardView"><Targets><Target tag="layout/item_client_0" view="com.google.android.material.card.MaterialCardView"><Expressions/><location startLine="1" startOffset="0" endLine="204" endOffset="51"/></Target><Target id="@+id/statusBar" view="View"><Expressions/><location startLine="19" startOffset="8" endLine="24" endOffset="51"/></Target><Target id="@+id/tvClientName" view="TextView"><Expressions/><location startLine="34" startOffset="12" endLine="41" endOffset="42"/></Target><Target id="@+id/tvBusinessName" view="TextView"><Expressions/><location startLine="44" startOffset="12" endLine="52" endOffset="49"/></Target><Target id="@+id/tvAddress" view="TextView"><Expressions/><location startLine="55" startOffset="12" endLine="64" endOffset="62"/></Target><Target id="@+id/tvTableCount" view="TextView"><Expressions/><location startLine="81" startOffset="16" endLine="88" endOffset="42"/></Target><Target id="@+id/tvLastSettlement" view="TextView"><Expressions/><location startLine="104" startOffset="16" endLine="111" endOffset="44"/></Target><Target id="@+id/tvSpecialTag" view="TextView"><Expressions/><location startLine="125" startOffset="12" endLine="137" endOffset="42"/></Target><Target id="@+id/tvStatusTag" view="TextView"><Expressions/><location startLine="140" startOffset="12" endLine="151" endOffset="37"/></Target><Target id="@+id/layoutDebtInfo" view="LinearLayout"><Expressions/><location startLine="154" startOffset="12" endLine="198" endOffset="26"/></Target><Target id="@+id/ivDebtIcon" view="ImageView"><Expressions/><location startLine="179" startOffset="20" endLine="185" endOffset="55"/></Target><Target id="@+id/tvCurrentDebt" view="TextView"><Expressions/><location startLine="187" startOffset="20" endLine="194" endOffset="47"/></Target></Targets></Layout>