<?xml version="1.0" encoding="utf-8" standalone="yes"?><Layout layout="item_rota" modulePackage="com.example.gestaobilhares" filePath="app\src\main\res\layout\item_rota.xml" directory="layout" isMerge="false" isBindingData="false" rootNodeType="androidx.cardview.widget.CardView"><Targets><Target tag="layout/item_rota_0" view="androidx.cardview.widget.CardView"><Expressions/><location startLine="1" startOffset="0" endLine="134" endOffset="35"/></Target><Target id="@+id/rotaNome" view="TextView"><Expressions/><location startLine="25" startOffset="12" endLine="34" endOffset="39"/></Target><Target id="@+id/rotaStatus" view="TextView"><Expressions/><location startLine="36" startOffset="12" endLine="46" endOffset="43"/></Target><Target id="@+id/rotaInfo" view="TextView"><Expressions/><location startLine="51" startOffset="8" endLine="59" endOffset="55"/></Target><Target id="@+id/rotaTempo" view="TextView"><Expressions/><location startLine="83" startOffset="16" endLine="91" endOffset="43"/></Target><Target id="@+id/rotaPendencias" view="TextView"><Expressions/><location startLine="108" startOffset="16" endLine="116" endOffset="47"/></Target><Target id="@+id/rotaActionButton" view="ImageView"><Expressions/><location startLine="121" startOffset="12" endLine="128" endOffset="50"/></Target></Targets></Layout>