<?xml version="1.0" encoding="utf-8" standalone="yes"?><Layout layout="item_route_management" modulePackage="com.example.gestaobilhares" filePath="app\src\main\res\layout\item_route_management.xml" directory="layout" isMerge="false" isBindingData="false" rootNodeType="androidx.cardview.widget.CardView"><Targets><Target tag="layout/item_route_management_0" view="androidx.cardview.widget.CardView"><Expressions/><location startLine="1" startOffset="0" endLine="108" endOffset="35"/></Target><Target id="@+id/routeNameText" view="TextView"><Expressions/><location startLine="17" startOffset="8" endLine="27" endOffset="65"/></Target><Target id="@+id/collaboratorText" view="TextView"><Expressions/><location startLine="30" startOffset="8" endLine="40" endOffset="65"/></Target><Target id="@+id/citiesText" view="TextView"><Expressions/><location startLine="43" startOffset="8" endLine="53" endOffset="65"/></Target><Target id="@+id/createdDateText" view="TextView"><Expressions/><location startLine="56" startOffset="8" endLine="66" endOffset="65"/></Target><Target id="@+id/lastUpdatedText" view="TextView"><Expressions/><location startLine="69" startOffset="8" endLine="79" endOffset="65"/></Target><Target id="@+id/editButton" view="ImageButton"><Expressions/><location startLine="82" startOffset="8" endLine="92" endOffset="44"/></Target><Target id="@+id/deleteButton" view="ImageButton"><Expressions/><location startLine="95" startOffset="8" endLine="104" endOffset="55"/></Target></Targets></Layout>