<?xml version="1.0" encoding="utf-8" standalone="yes"?><Layout layout="item_mesa_cliente" modulePackage="com.example.gestaobilhares" filePath="app\src\main\res\layout\item_mesa_cliente.xml" directory="layout" isMerge="false" isBindingData="false" rootNodeType="com.google.android.material.card.MaterialCardView"><Targets><Target tag="layout/item_mesa_cliente_0" view="com.google.android.material.card.MaterialCardView"><Expressions/><location startLine="1" startOffset="0" endLine="63" endOffset="51"/></Target><Target id="@+id/btnRetirarMesa" view="ImageButton"><Expressions/><location startLine="19" startOffset="8" endLine="29" endOffset="39"/></Target><Target id="@+id/tvMesaLabel" view="TextView"><Expressions/><location startLine="32" startOffset="8" endLine="43" endOffset="50"/></Target><Target id="@+id/tvNumeroMesa" view="TextView"><Expressions/><location startLine="46" startOffset="8" endLine="59" endOffset="37"/></Target></Targets></Layout>