<?xml version="1.0" encoding="utf-8" standalone="yes"?><Layout layout="item_acerto_mesa_detail" modulePackage="com.example.gestaobilhares" filePath="app\src\main\res\layout\item_acerto_mesa_detail.xml" directory="layout" isMerge="false" isBindingData="false" rootNodeType="android.widget.LinearLayout"><Targets><Target tag="layout/item_acerto_mesa_detail_0" view="LinearLayout"><Expressions/><location startLine="1" startOffset="0" endLine="162" endOffset="14"/></Target><Target id="@+id/tvMesaNumero" view="TextView"><Expressions/><location startLine="15" startOffset="8" endLine="22" endOffset="37"/></Target><Target id="@+id/tvTipoMesa" view="TextView"><Expressions/><location startLine="24" startOffset="8" endLine="31" endOffset="46"/></Target><Target id="@+id/tvRelogioInicial" view="TextView"><Expressions/><location startLine="46" startOffset="8" endLine="51" endOffset="38"/></Target><Target id="@+id/tvRelogioFinal" view="TextView"><Expressions/><location startLine="64" startOffset="8" endLine="69" endOffset="38"/></Target><Target id="@+id/tvFichasJogadas" view="TextView"><Expressions/><location startLine="82" startOffset="8" endLine="87" endOffset="38"/></Target><Target id="@+id/tvValorFixo" view="TextView"><Expressions/><location startLine="100" startOffset="8" endLine="105" endOffset="38"/></Target><Target id="@+id/tvSubtotal" view="TextView"><Expressions/><location startLine="118" startOffset="8" endLine="123" endOffset="38"/></Target><Target id="@+id/tvTipoAcerto" view="TextView"><Expressions/><location startLine="136" startOffset="8" endLine="141" endOffset="38"/></Target><Target id="@+id/tvPanoTrocado" view="TextView"><Expressions/><location startLine="154" startOffset="8" endLine="159" endOffset="38"/></Target></Targets></Layout>