[
    {
        "merged": "C:\\Users\\Rossiny\\.gradle\\daemon\\8.11.1\\com.example.gestaobilhares.app-mergeDebugResources-55:\\layout\\item_expense.xml",
        "source": "C:\\Users\\Rossiny\\.gradle\\daemon\\8.11.1\\com.example.gestaobilhares.app-main-58:\\layout\\item_expense.xml"
    },
    {
        "merged": "com.example.gestaobilhares.app-mergeDebugResources-55:/layout/fragment_settlement.xml",
        "source": "com.example.gestaobilhares.app-main-58:/layout/fragment_settlement.xml"
    },
    {
        "merged": "C:\\Users\\Rossiny\\.gradle\\daemon\\8.11.1\\com.example.gestaobilhares.app-mergeDebugResources-55:\\layout\\fragment_expense_history.xml",
        "source": "C:\\Users\\Rossiny\\.gradle\\daemon\\8.11.1\\com.example.gestaobilhares.app-main-58:\\layout\\fragment_expense_history.xml"
    },
    {
        "merged": "C:\\Users\\Rossiny\\.gradle\\daemon\\8.11.1\\com.example.gestaobilhares.app-mergeDebugResources-55:\\layout\\item_mesa_acerto.xml",
        "source": "C:\\Users\\Rossiny\\.gradle\\daemon\\8.11.1\\com.example.gestaobilhares.app-main-58:\\layout\\item_mesa_acerto.xml"
    },
    {
        "merged": "C:\\Users\\Rossiny\\.gradle\\daemon\\8.11.1\\com.example.gestaobilhares.app-mergeDebugResources-55:\\layout\\item_client.xml",
        "source": "C:\\Users\\Rossiny\\.gradle\\daemon\\8.11.1\\com.example.gestaobilhares.app-main-58:\\layout\\item_client.xml"
    },
    {
        "merged": "C:\\Users\\Rossiny\\.gradle\\daemon\\8.11.1\\com.example.gestaobilhares.app-mergeDebugResources-55:\\layout\\fragment_cadastro_mesa.xml",
        "source": "C:\\Users\\Rossiny\\.gradle\\daemon\\8.11.1\\com.example.gestaobilhares.app-main-58:\\layout\\fragment_cadastro_mesa.xml"
    },
    {
        "merged": "C:\\Users\\Rossiny\\.gradle\\daemon\\8.11.1\\com.example.gestaobilhares.app-mergeDebugResources-55:\\layout\\item_rota.xml",
        "source": "C:\\Users\\Rossiny\\.gradle\\daemon\\8.11.1\\com.example.gestaobilhares.app-main-58:\\layout\\item_rota.xml"
    },
    {
        "merged": "C:\\Users\\Rossiny\\.gradle\\daemon\\8.11.1\\com.example.gestaobilhares.app-mergeDebugResources-55:\\layout\\fragment_settlement_detail.xml",
        "source": "C:\\Users\\Rossiny\\.gradle\\daemon\\8.11.1\\com.example.gestaobilhares.app-main-58:\\layout\\fragment_settlement_detail.xml"
    },
    {
        "merged": "C:\\Users\\Rossiny\\.gradle\\daemon\\8.11.1\\com.example.gestaobilhares.app-mergeDebugResources-55:\\layout\\item_mesa_cliente.xml",
        "source": "C:\\Users\\Rossiny\\.gradle\\daemon\\8.11.1\\com.example.gestaobilhares.app-main-58:\\layout\\item_mesa_cliente.xml"
    },
    {
        "merged": "C:\\Users\\Rossiny\\.gradle\\daemon\\8.11.1\\com.example.gestaobilhares.app-mergeDebugResources-55:\\layout\\activity_main.xml",
        "source": "C:\\Users\\Rossiny\\.gradle\\daemon\\8.11.1\\com.example.gestaobilhares.app-main-58:\\layout\\activity_main.xml"
    },
    {
        "merged": "C:\\Users\\Rossiny\\.gradle\\daemon\\8.11.1\\com.example.gestaobilhares.app-mergeDebugResources-55:\\layout\\fragment_login.xml",
        "source": "C:\\Users\\Rossiny\\.gradle\\daemon\\8.11.1\\com.example.gestaobilhares.app-main-58:\\layout\\fragment_login.xml"
    },
    {
        "merged": "C:\\Users\\Rossiny\\.gradle\\daemon\\8.11.1\\com.example.gestaobilhares.app-mergeDebugResources-55:\\layout\\item_acerto_mesa_detail.xml",
        "source": "C:\\Users\\Rossiny\\.gradle\\daemon\\8.11.1\\com.example.gestaobilhares.app-main-58:\\layout\\item_acerto_mesa_detail.xml"
    },
    {
        "merged": "C:\\Users\\Rossiny\\.gradle\\daemon\\8.11.1\\com.example.gestaobilhares.app-mergeDebugResources-55:\\layout\\fragment_client_register.xml",
        "source": "C:\\Users\\Rossiny\\.gradle\\daemon\\8.11.1\\com.example.gestaobilhares.app-main-58:\\layout\\fragment_client_register.xml"
    },
    {
        "merged": "C:\\Users\\Rossiny\\.gradle\\daemon\\8.11.1\\com.example.gestaobilhares.app-mergeDebugResources-55:\\layout\\fragment_route_management.xml",
        "source": "C:\\Users\\Rossiny\\.gradle\\daemon\\8.11.1\\com.example.gestaobilhares.app-main-58:\\layout\\fragment_route_management.xml"
    },
    {
        "merged": "C:\\Users\\Rossiny\\.gradle\\daemon\\8.11.1\\com.example.gestaobilhares.app-mergeDebugResources-55:\\layout\\fragment_main.xml",
        "source": "C:\\Users\\Rossiny\\.gradle\\daemon\\8.11.1\\com.example.gestaobilhares.app-main-58:\\layout\\fragment_main.xml"
    },
    {
        "merged": "C:\\Users\\Rossiny\\.gradle\\daemon\\8.11.1\\com.example.gestaobilhares.app-mergeDebugResources-55:\\layout\\fragment_settlement.xml",
        "source": "C:\\Users\\Rossiny\\.gradle\\daemon\\8.11.1\\com.example.gestaobilhares.app-main-58:\\layout\\fragment_settlement.xml"
    },
    {
        "merged": "C:\\Users\\Rossiny\\.gradle\\daemon\\8.11.1\\com.example.gestaobilhares.app-mergeDebugResources-55:\\layout\\dialog_add_edit_route.xml",
        "source": "C:\\Users\\Rossiny\\.gradle\\daemon\\8.11.1\\com.example.gestaobilhares.app-main-58:\\layout\\dialog_add_edit_route.xml"
    },
    {
        "merged": "C:\\Users\\Rossiny\\.gradle\\daemon\\8.11.1\\com.example.gestaobilhares.app-mergeDebugResources-55:\\layout\\dialog_settlement_summary.xml",
        "source": "C:\\Users\\Rossiny\\.gradle\\daemon\\8.11.1\\com.example.gestaobilhares.app-main-58:\\layout\\dialog_settlement_summary.xml"
    },
    {
        "merged": "C:\\Users\\Rossiny\\.gradle\\daemon\\8.11.1\\com.example.gestaobilhares.app-mergeDebugResources-55:\\layout\\dialog_metodos_pagamento.xml",
        "source": "C:\\Users\\Rossiny\\.gradle\\daemon\\8.11.1\\com.example.gestaobilhares.app-main-58:\\layout\\dialog_metodos_pagamento.xml"
    },
    {
        "merged": "C:\\Users\\Rossiny\\.gradle\\daemon\\8.11.1\\com.example.gestaobilhares.app-mergeDebugResources-55:\\layout\\fragment_client_list.xml",
        "source": "C:\\Users\\Rossiny\\.gradle\\daemon\\8.11.1\\com.example.gestaobilhares.app-main-58:\\layout\\fragment_client_list.xml"
    },
    {
        "merged": "C:\\Users\\Rossiny\\.gradle\\daemon\\8.11.1\\com.example.gestaobilhares.app-mergeDebugResources-55:\\layout\\fragment_routes.xml",
        "source": "C:\\Users\\Rossiny\\.gradle\\daemon\\8.11.1\\com.example.gestaobilhares.app-main-58:\\layout\\fragment_routes.xml"
    },
    {
        "merged": "C:\\Users\\Rossiny\\.gradle\\daemon\\8.11.1\\com.example.gestaobilhares.app-mergeDebugResources-55:\\layout\\fragment_client_detail.xml",
        "source": "C:\\Users\\Rossiny\\.gradle\\daemon\\8.11.1\\com.example.gestaobilhares.app-main-58:\\layout\\fragment_client_detail.xml"
    },
    {
        "merged": "C:\\Users\\Rossiny\\.gradle\\daemon\\8.11.1\\com.example.gestaobilhares.app-mergeDebugResources-55:\\layout\\item_settlement_history.xml",
        "source": "C:\\Users\\Rossiny\\.gradle\\daemon\\8.11.1\\com.example.gestaobilhares.app-main-58:\\layout\\item_settlement_history.xml"
    },
    {
        "merged": "C:\\Users\\Rossiny\\.gradle\\daemon\\8.11.1\\com.example.gestaobilhares.app-mergeDebugResources-55:\\layout\\item_route_management.xml",
        "source": "C:\\Users\\Rossiny\\.gradle\\daemon\\8.11.1\\com.example.gestaobilhares.app-main-58:\\layout\\item_route_management.xml"
    },
    {
        "merged": "C:\\Users\\Rossiny\\.gradle\\daemon\\8.11.1\\com.example.gestaobilhares.app-mergeDebugResources-55:\\layout\\fragment_mesas_deposito.xml",
        "source": "C:\\Users\\Rossiny\\.gradle\\daemon\\8.11.1\\com.example.gestaobilhares.app-main-58:\\layout\\fragment_mesas_deposito.xml"
    }
]