[
    {
        "merged": "C:\\Users\\Rossiny\\.gradle\\daemon\\8.11.1\\com.example.gestaobilhares.app-debug-56:\\mipmap-xxxhdpi_ic_launcher_round.webp.flat",
        "source": "C:\\Users\\Rossiny\\.gradle\\daemon\\8.11.1\\com.example.gestaobilhares.app-main-58:\\mipmap-xxxhdpi\\ic_launcher_round.webp"
    },
    {
        "merged": "C:\\Users\\Rossiny\\.gradle\\daemon\\8.11.1\\com.example.gestaobilhares.app-debug-56:\\layout_fragment_client_detail.xml.flat",
        "source": "C:\\Users\\Rossiny\\.gradle\\daemon\\8.11.1\\com.example.gestaobilhares.app-main-58:\\layout\\fragment_client_detail.xml"
    },
    {
        "merged": "C:\\Users\\Rossiny\\.gradle\\daemon\\8.11.1\\com.example.gestaobilhares.app-debug-56:\\drawable_ic_whatsapp.xml.flat",
        "source": "C:\\Users\\Rossiny\\.gradle\\daemon\\8.11.1\\com.example.gestaobilhares.app-main-58:\\drawable\\ic_whatsapp.xml"
    },
    {
        "merged": "C:\\Users\\Rossiny\\.gradle\\daemon\\8.11.1\\com.example.gestaobilhares.app-debug-56:\\drawable_ic_receipt.xml.flat",
        "source": "C:\\Users\\Rossiny\\.gradle\\daemon\\8.11.1\\com.example.gestaobilhares.app-main-58:\\drawable\\ic_receipt.xml"
    },
    {
        "merged": "C:\\Users\\Rossiny\\.gradle\\daemon\\8.11.1\\com.example.gestaobilhares.app-debug-56:\\layout_fragment_settlement.xml.flat",
        "source": "C:\\Users\\Rossiny\\.gradle\\daemon\\8.11.1\\com.example.gestaobilhares.app-main-58:\\layout\\fragment_settlement.xml"
    },
    {
        "merged": "C:\\Users\\Rossiny\\.gradle\\daemon\\8.11.1\\com.example.gestaobilhares.app-debug-56:\\drawable_ic_photo_camera.xml.flat",
        "source": "C:\\Users\\Rossiny\\.gradle\\daemon\\8.11.1\\com.example.gestaobilhares.app-main-58:\\drawable\\ic_photo_camera.xml"
    },
    {
        "merged": "C:\\Users\\Rossiny\\.gradle\\daemon\\8.11.1\\com.example.gestaobilhares.app-debug-56:\\drawable_ic_launcher_background.xml.flat",
        "source": "C:\\Users\\Rossiny\\.gradle\\daemon\\8.11.1\\com.example.gestaobilhares.app-main-58:\\drawable\\ic_launcher_background.xml"
    },
    {
        "merged": "C:\\Users\\Rossiny\\.gradle\\daemon\\8.11.1\\com.example.gestaobilhares.app-debug-56:\\drawable_ic_camera.xml.flat",
        "source": "C:\\Users\\Rossiny\\.gradle\\daemon\\8.11.1\\com.example.gestaobilhares.app-main-58:\\drawable\\ic_camera.xml"
    },
    {
        "merged": "C:\\Users\\Rossiny\\.gradle\\daemon\\8.11.1\\com.example.gestaobilhares.app-debug-56:\\drawable_rounded_tag_gray.xml.flat",
        "source": "C:\\Users\\Rossiny\\.gradle\\daemon\\8.11.1\\com.example.gestaobilhares.app-main-58:\\drawable\\rounded_tag_gray.xml"
    },
    {
        "merged": "C:\\Users\\Rossiny\\.gradle\\daemon\\8.11.1\\com.example.gestaobilhares.app-debug-56:\\menu_bottom_nav_menu.xml.flat",
        "source": "C:\\Users\\Rossiny\\.gradle\\daemon\\8.11.1\\com.example.gestaobilhares.app-main-58:\\menu\\bottom_nav_menu.xml"
    },
    {
        "merged": "C:\\Users\\Rossiny\\.gradle\\daemon\\8.11.1\\com.example.gestaobilhares.app-debug-56:\\drawable_rounded_tag_orange.xml.flat",
        "source": "C:\\Users\\Rossiny\\.gradle\\daemon\\8.11.1\\com.example.gestaobilhares.app-main-58:\\drawable\\rounded_tag_orange.xml"
    },
    {
        "merged": "C:\\Users\\Rossiny\\.gradle\\daemon\\8.11.1\\com.example.gestaobilhares.app-debug-56:\\drawable_ic_music_note.xml.flat",
        "source": "C:\\Users\\Rossiny\\.gradle\\daemon\\8.11.1\\com.example.gestaobilhares.app-main-58:\\drawable\\ic_music_note.xml"
    },
    {
        "merged": "C:\\Users\\Rossiny\\.gradle\\daemon\\8.11.1\\com.example.gestaobilhares.app-debug-56:\\color_bottom_nav_item_color.xml.flat",
        "source": "C:\\Users\\Rossiny\\.gradle\\daemon\\8.11.1\\com.example.gestaobilhares.app-main-58:\\color\\bottom_nav_item_color.xml"
    },
    {
        "merged": "C:\\Users\\Rossiny\\.gradle\\daemon\\8.11.1\\com.example.gestaobilhares.app-debug-56:\\drawable_ic_warning_high.xml.flat",
        "source": "C:\\Users\\Rossiny\\.gradle\\daemon\\8.11.1\\com.example.gestaobilhares.app-main-58:\\drawable\\ic_warning_high.xml"
    },
    {
        "merged": "C:\\Users\\Rossiny\\.gradle\\daemon\\8.11.1\\com.example.gestaobilhares.app-debug-56:\\drawable_ic_directions_bus.xml.flat",
        "source": "C:\\Users\\Rossiny\\.gradle\\daemon\\8.11.1\\com.example.gestaobilhares.app-main-58:\\drawable\\ic_directions_bus.xml"
    },
    {
        "merged": "C:\\Users\\Rossiny\\.gradle\\daemon\\8.11.1\\com.example.gestaobilhares.app-debug-56:\\layout_fragment_mesas_deposito.xml.flat",
        "source": "C:\\Users\\Rossiny\\.gradle\\daemon\\8.11.1\\com.example.gestaobilhares.app-main-58:\\layout\\fragment_mesas_deposito.xml"
    },
    {
        "merged": "C:\\Users\\Rossiny\\.gradle\\daemon\\8.11.1\\com.example.gestaobilhares.app-debug-56:\\drawable_ic_delete.xml.flat",
        "source": "C:\\Users\\Rossiny\\.gradle\\daemon\\8.11.1\\com.example.gestaobilhares.app-main-58:\\drawable\\ic_delete.xml"
    },
    {
        "merged": "C:\\Users\\Rossiny\\.gradle\\daemon\\8.11.1\\com.example.gestaobilhares.app-debug-56:\\layout_item_settlement_history.xml.flat",
        "source": "C:\\Users\\Rossiny\\.gradle\\daemon\\8.11.1\\com.example.gestaobilhares.app-main-58:\\layout\\item_settlement_history.xml"
    },
    {
        "merged": "C:\\Users\\Rossiny\\.gradle\\daemon\\8.11.1\\com.example.gestaobilhares.app-debug-56:\\drawable_ic_filter.xml.flat",
        "source": "C:\\Users\\Rossiny\\.gradle\\daemon\\8.11.1\\com.example.gestaobilhares.app-main-58:\\drawable\\ic_filter.xml"
    },
    {
        "merged": "C:\\Users\\Rossiny\\.gradle\\daemon\\8.11.1\\com.example.gestaobilhares.app-debug-56:\\layout_fragment_routes.xml.flat",
        "source": "C:\\Users\\Rossiny\\.gradle\\daemon\\8.11.1\\com.example.gestaobilhares.app-main-58:\\layout\\fragment_routes.xml"
    },
    {
        "merged": "C:\\Users\\Rossiny\\.gradle\\daemon\\8.11.1\\com.example.gestaobilhares.app-debug-56:\\layout_dialog_add_edit_route.xml.flat",
        "source": "C:\\Users\\Rossiny\\.gradle\\daemon\\8.11.1\\com.example.gestaobilhares.app-main-58:\\layout\\dialog_add_edit_route.xml"
    },
    {
        "merged": "C:\\Users\\Rossiny\\.gradle\\daemon\\8.11.1\\com.example.gestaobilhares.app-debug-56:\\drawable_ic_warning.xml.flat",
        "source": "C:\\Users\\Rossiny\\.gradle\\daemon\\8.11.1\\com.example.gestaobilhares.app-main-58:\\drawable\\ic_warning.xml"
    },
    {
        "merged": "C:\\Users\\Rossiny\\.gradle\\daemon\\8.11.1\\com.example.gestaobilhares.app-debug-56:\\drawable_ic_add.xml.flat",
        "source": "C:\\Users\\Rossiny\\.gradle\\daemon\\8.11.1\\com.example.gestaobilhares.app-main-58:\\drawable\\ic_add.xml"
    },
    {
        "merged": "C:\\Users\\Rossiny\\.gradle\\daemon\\8.11.1\\com.example.gestaobilhares.app-debug-56:\\layout_activity_main.xml.flat",
        "source": "C:\\Users\\Rossiny\\.gradle\\daemon\\8.11.1\\com.example.gestaobilhares.app-main-58:\\layout\\activity_main.xml"
    },
    {
        "merged": "C:\\Users\\Rossiny\\.gradle\\daemon\\8.11.1\\com.example.gestaobilhares.app-debug-56:\\drawable_ic_arrow_back.xml.flat",
        "source": "C:\\Users\\Rossiny\\.gradle\\daemon\\8.11.1\\com.example.gestaobilhares.app-main-58:\\drawable\\ic_arrow_back.xml"
    },
    {
        "merged": "C:\\Users\\Rossiny\\.gradle\\daemon\\8.11.1\\com.example.gestaobilhares.app-debug-56:\\drawable_ic_people.xml.flat",
        "source": "C:\\Users\\Rossiny\\.gradle\\daemon\\8.11.1\\com.example.gestaobilhares.app-main-58:\\drawable\\ic_people.xml"
    },
    {
        "merged": "C:\\Users\\Rossiny\\.gradle\\daemon\\8.11.1\\com.example.gestaobilhares.app-debug-56:\\drawable_ic_local_gas_station.xml.flat",
        "source": "C:\\Users\\Rossiny\\.gradle\\daemon\\8.11.1\\com.example.gestaobilhares.app-main-58:\\drawable\\ic_local_gas_station.xml"
    },
    {
        "merged": "C:\\Users\\Rossiny\\.gradle\\daemon\\8.11.1\\com.example.gestaobilhares.app-debug-56:\\layout_fragment_cadastro_mesa.xml.flat",
        "source": "C:\\Users\\Rossiny\\.gradle\\daemon\\8.11.1\\com.example.gestaobilhares.app-main-58:\\layout\\fragment_cadastro_mesa.xml"
    },
    {
        "merged": "C:\\Users\\Rossiny\\.gradle\\daemon\\8.11.1\\com.example.gestaobilhares.app-debug-56:\\drawable_rounded_tag_background.xml.flat",
        "source": "C:\\Users\\Rossiny\\.gradle\\daemon\\8.11.1\\com.example.gestaobilhares.app-main-58:\\drawable\\rounded_tag_background.xml"
    },
    {
        "merged": "C:\\Users\\Rossiny\\.gradle\\daemon\\8.11.1\\com.example.gestaobilhares.app-debug-56:\\drawable_ic_background_round.xml.flat",
        "source": "C:\\Users\\Rossiny\\.gradle\\daemon\\8.11.1\\com.example.gestaobilhares.app-main-58:\\drawable\\ic_background_round.xml"
    },
    {
        "merged": "C:\\Users\\Rossiny\\.gradle\\daemon\\8.11.1\\com.example.gestaobilhares.app-debug-56:\\mipmap-xhdpi_ic_launcher_round.webp.flat",
        "source": "C:\\Users\\Rossiny\\.gradle\\daemon\\8.11.1\\com.example.gestaobilhares.app-main-58:\\mipmap-xhdpi\\ic_launcher_round.webp"
    },
    {
        "merged": "C:\\Users\\Rossiny\\.gradle\\daemon\\8.11.1\\com.example.gestaobilhares.app-debug-56:\\mipmap-mdpi_ic_launcher_round.webp.flat",
        "source": "C:\\Users\\Rossiny\\.gradle\\daemon\\8.11.1\\com.example.gestaobilhares.app-main-58:\\mipmap-mdpi\\ic_launcher_round.webp"
    },
    {
        "merged": "C:\\Users\\Rossiny\\.gradle\\daemon\\8.11.1\\com.example.gestaobilhares.app-debug-56:\\drawable_ic_settings.xml.flat",
        "source": "C:\\Users\\Rossiny\\.gradle\\daemon\\8.11.1\\com.example.gestaobilhares.app-main-58:\\drawable\\ic_settings.xml"
    },
    {
        "merged": "C:\\Users\\Rossiny\\.gradle\\daemon\\8.11.1\\com.example.gestaobilhares.app-debug-56:\\drawable_billiard_background.xml.flat",
        "source": "C:\\Users\\Rossiny\\.gradle\\daemon\\8.11.1\\com.example.gestaobilhares.app-main-58:\\drawable\\billiard_background.xml"
    },
    {
        "merged": "C:\\Users\\Rossiny\\.gradle\\daemon\\8.11.1\\com.example.gestaobilhares.app-debug-56:\\drawable_rounded_tag_green.xml.flat",
        "source": "C:\\Users\\Rossiny\\.gradle\\daemon\\8.11.1\\com.example.gestaobilhares.app-main-58:\\drawable\\rounded_tag_green.xml"
    },
    {
        "merged": "C:\\Users\\Rossiny\\.gradle\\daemon\\8.11.1\\com.example.gestaobilhares.app-debug-56:\\drawable_ic_search.xml.flat",
        "source": "C:\\Users\\Rossiny\\.gradle\\daemon\\8.11.1\\com.example.gestaobilhares.app-main-58:\\drawable\\ic_search.xml"
    },
    {
        "merged": "C:\\Users\\Rossiny\\.gradle\\daemon\\8.11.1\\com.example.gestaobilhares.app-debug-56:\\layout_dialog_metodos_pagamento.xml.flat",
        "source": "C:\\Users\\Rossiny\\.gradle\\daemon\\8.11.1\\com.example.gestaobilhares.app-main-58:\\layout\\dialog_metodos_pagamento.xml"
    },
    {
        "merged": "C:\\Users\\Rossiny\\.gradle\\daemon\\8.11.1\\com.example.gestaobilhares.app-debug-56:\\mipmap-hdpi_ic_launcher.webp.flat",
        "source": "C:\\Users\\Rossiny\\.gradle\\daemon\\8.11.1\\com.example.gestaobilhares.app-main-58:\\mipmap-hdpi\\ic_launcher.webp"
    },
    {
        "merged": "C:\\Users\\Rossiny\\.gradle\\daemon\\8.11.1\\com.example.gestaobilhares.app-debug-56:\\drawable_ic_chevron_right.xml.flat",
        "source": "C:\\Users\\Rossiny\\.gradle\\daemon\\8.11.1\\com.example.gestaobilhares.app-main-58:\\drawable\\ic_chevron_right.xml"
    },
    {
        "merged": "C:\\Users\\Rossiny\\.gradle\\daemon\\8.11.1\\com.example.gestaobilhares.app-debug-56:\\drawable_ic_user.xml.flat",
        "source": "C:\\Users\\Rossiny\\.gradle\\daemon\\8.11.1\\com.example.gestaobilhares.app-main-58:\\drawable\\ic_user.xml"
    },
    {
        "merged": "C:\\Users\\Rossiny\\.gradle\\daemon\\8.11.1\\com.example.gestaobilhares.app-debug-56:\\drawable_ic_money.xml.flat",
        "source": "C:\\Users\\Rossiny\\.gradle\\daemon\\8.11.1\\com.example.gestaobilhares.app-main-58:\\drawable\\ic_money.xml"
    },
    {
        "merged": "C:\\Users\\Rossiny\\.gradle\\daemon\\8.11.1\\com.example.gestaobilhares.app-debug-56:\\xml_data_extraction_rules.xml.flat",
        "source": "C:\\Users\\Rossiny\\.gradle\\daemon\\8.11.1\\com.example.gestaobilhares.app-main-58:\\xml\\data_extraction_rules.xml"
    },
    {
        "merged": "C:\\Users\\Rossiny\\.gradle\\daemon\\8.11.1\\com.example.gestaobilhares.app-debug-56:\\drawable_ic_percent.xml.flat",
        "source": "C:\\Users\\Rossiny\\.gradle\\daemon\\8.11.1\\com.example.gestaobilhares.app-main-58:\\drawable\\ic_percent.xml"
    },
    {
        "merged": "C:\\Users\\Rossiny\\.gradle\\daemon\\8.11.1\\com.example.gestaobilhares.app-debug-56:\\drawable_rounded_tag_red.xml.flat",
        "source": "C:\\Users\\Rossiny\\.gradle\\daemon\\8.11.1\\com.example.gestaobilhares.app-main-58:\\drawable\\rounded_tag_red.xml"
    },
    {
        "merged": "C:\\Users\\Rossiny\\.gradle\\daemon\\8.11.1\\com.example.gestaobilhares.app-debug-56:\\layout_item_rota.xml.flat",
        "source": "C:\\Users\\Rossiny\\.gradle\\daemon\\8.11.1\\com.example.gestaobilhares.app-main-58:\\layout\\item_rota.xml"
    },
    {
        "merged": "C:\\Users\\Rossiny\\.gradle\\daemon\\8.11.1\\com.example.gestaobilhares.app-debug-56:\\layout_fragment_client_register.xml.flat",
        "source": "C:\\Users\\Rossiny\\.gradle\\daemon\\8.11.1\\com.example.gestaobilhares.app-main-58:\\layout\\fragment_client_register.xml"
    },
    {
        "merged": "C:\\Users\\Rossiny\\.gradle\\daemon\\8.11.1\\com.example.gestaobilhares.app-debug-56:\\drawable_ic_info.xml.flat",
        "source": "C:\\Users\\Rossiny\\.gradle\\daemon\\8.11.1\\com.example.gestaobilhares.app-main-58:\\drawable\\ic_info.xml"
    },
    {
        "merged": "C:\\Users\\Rossiny\\.gradle\\daemon\\8.11.1\\com.example.gestaobilhares.app-debug-56:\\drawable_ic_chevron_left.xml.flat",
        "source": "C:\\Users\\Rossiny\\.gradle\\daemon\\8.11.1\\com.example.gestaobilhares.app-main-58:\\drawable\\ic_chevron_left.xml"
    },
    {
        "merged": "C:\\Users\\Rossiny\\.gradle\\daemon\\8.11.1\\com.example.gestaobilhares.app-debug-56:\\drawable_card_background.xml.flat",
        "source": "C:\\Users\\Rossiny\\.gradle\\daemon\\8.11.1\\com.example.gestaobilhares.app-main-58:\\drawable\\card_background.xml"
    },
    {
        "merged": "C:\\Users\\Rossiny\\.gradle\\daemon\\8.11.1\\com.example.gestaobilhares.app-debug-56:\\drawable_circle_button_background.xml.flat",
        "source": "C:\\Users\\Rossiny\\.gradle\\daemon\\8.11.1\\com.example.gestaobilhares.app-main-58:\\drawable\\circle_button_background.xml"
    },
    {
        "merged": "C:\\Users\\Rossiny\\.gradle\\daemon\\8.11.1\\com.example.gestaobilhares.app-debug-56:\\drawable_ic_pending.xml.flat",
        "source": "C:\\Users\\Rossiny\\.gradle\\daemon\\8.11.1\\com.example.gestaobilhares.app-main-58:\\drawable\\ic_pending.xml"
    },
    {
        "merged": "C:\\Users\\Rossiny\\.gradle\\daemon\\8.11.1\\com.example.gestaobilhares.app-debug-56:\\mipmap-xhdpi_ic_launcher.webp.flat",
        "source": "C:\\Users\\Rossiny\\.gradle\\daemon\\8.11.1\\com.example.gestaobilhares.app-main-58:\\mipmap-xhdpi\\ic_launcher.webp"
    },
    {
        "merged": "C:\\Users\\Rossiny\\.gradle\\daemon\\8.11.1\\com.example.gestaobilhares.app-debug-56:\\layout_item_client.xml.flat",
        "source": "C:\\Users\\Rossiny\\.gradle\\daemon\\8.11.1\\com.example.gestaobilhares.app-main-58:\\layout\\item_client.xml"
    },
    {
        "merged": "C:\\Users\\Rossiny\\.gradle\\daemon\\8.11.1\\com.example.gestaobilhares.app-debug-56:\\mipmap-xxxhdpi_ic_launcher.webp.flat",
        "source": "C:\\Users\\Rossiny\\.gradle\\daemon\\8.11.1\\com.example.gestaobilhares.app-main-58:\\mipmap-xxxhdpi\\ic_launcher.webp"
    },
    {
        "merged": "C:\\Users\\Rossiny\\.gradle\\daemon\\8.11.1\\com.example.gestaobilhares.app-debug-56:\\drawable_ic_reports.xml.flat",
        "source": "C:\\Users\\Rossiny\\.gradle\\daemon\\8.11.1\\com.example.gestaobilhares.app-main-58:\\drawable\\ic_reports.xml"
    },
    {
        "merged": "C:\\Users\\Rossiny\\.gradle\\daemon\\8.11.1\\com.example.gestaobilhares.app-debug-56:\\layout_fragment_expense_history.xml.flat",
        "source": "C:\\Users\\Rossiny\\.gradle\\daemon\\8.11.1\\com.example.gestaobilhares.app-main-58:\\layout\\fragment_expense_history.xml"
    },
    {
        "merged": "C:\\Users\\Rossiny\\.gradle\\daemon\\8.11.1\\com.example.gestaobilhares.app-debug-56:\\layout_fragment_client_list.xml.flat",
        "source": "C:\\Users\\Rossiny\\.gradle\\daemon\\8.11.1\\com.example.gestaobilhares.app-main-58:\\layout\\fragment_client_list.xml"
    },
    {
        "merged": "C:\\Users\\Rossiny\\.gradle\\daemon\\8.11.1\\com.example.gestaobilhares.app-debug-56:\\drawable_rounded_background.xml.flat",
        "source": "C:\\Users\\Rossiny\\.gradle\\daemon\\8.11.1\\com.example.gestaobilhares.app-main-58:\\drawable\\rounded_background.xml"
    },
    {
        "merged": "C:\\Users\\Rossiny\\.gradle\\daemon\\8.11.1\\com.example.gestaobilhares.app-debug-56:\\layout_fragment_settlement_detail.xml.flat",
        "source": "C:\\Users\\Rossiny\\.gradle\\daemon\\8.11.1\\com.example.gestaobilhares.app-main-58:\\layout\\fragment_settlement_detail.xml"
    },
    {
        "merged": "C:\\Users\\Rossiny\\.gradle\\daemon\\8.11.1\\com.example.gestaobilhares.app-debug-56:\\navigation_nav_graph.xml.flat",
        "source": "C:\\Users\\Rossiny\\.gradle\\daemon\\8.11.1\\com.example.gestaobilhares.app-main-58:\\navigation\\nav_graph.xml"
    },
    {
        "merged": "C:\\Users\\Rossiny\\.gradle\\daemon\\8.11.1\\com.example.gestaobilhares.app-debug-56:\\drawable_ic_bar_chart.xml.flat",
        "source": "C:\\Users\\Rossiny\\.gradle\\daemon\\8.11.1\\com.example.gestaobilhares.app-main-58:\\drawable\\ic_bar_chart.xml"
    },
    {
        "merged": "C:\\Users\\Rossiny\\.gradle\\daemon\\8.11.1\\com.example.gestaobilhares.app-debug-56:\\drawable_ic_person.xml.flat",
        "source": "C:\\Users\\Rossiny\\.gradle\\daemon\\8.11.1\\com.example.gestaobilhares.app-main-58:\\drawable\\ic_person.xml"
    },
    {
        "merged": "C:\\Users\\Rossiny\\.gradle\\daemon\\8.11.1\\com.example.gestaobilhares.app-debug-56:\\mipmap-mdpi_ic_launcher.webp.flat",
        "source": "C:\\Users\\Rossiny\\.gradle\\daemon\\8.11.1\\com.example.gestaobilhares.app-main-58:\\mipmap-mdpi\\ic_launcher.webp"
    },
    {
        "merged": "C:\\Users\\Rossiny\\.gradle\\daemon\\8.11.1\\com.example.gestaobilhares.app-debug-56:\\drawable_ic_location.xml.flat",
        "source": "C:\\Users\\Rossiny\\.gradle\\daemon\\8.11.1\\com.example.gestaobilhares.app-main-58:\\drawable\\ic_location.xml"
    },
    {
        "merged": "C:\\Users\\Rossiny\\.gradle\\daemon\\8.11.1\\com.example.gestaobilhares.app-debug-56:\\drawable_ic_attach_money.xml.flat",
        "source": "C:\\Users\\Rossiny\\.gradle\\daemon\\8.11.1\\com.example.gestaobilhares.app-main-58:\\drawable\\ic_attach_money.xml"
    },
    {
        "merged": "C:\\Users\\Rossiny\\.gradle\\daemon\\8.11.1\\com.example.gestaobilhares.app-debug-56:\\menu_bottom_navigation_menu.xml.flat",
        "source": "C:\\Users\\Rossiny\\.gradle\\daemon\\8.11.1\\com.example.gestaobilhares.app-main-58:\\menu\\bottom_navigation_menu.xml"
    },
    {
        "merged": "C:\\Users\\Rossiny\\.gradle\\daemon\\8.11.1\\com.example.gestaobilhares.app-debug-56:\\drawable_circle_shape.xml.flat",
        "source": "C:\\Users\\Rossiny\\.gradle\\daemon\\8.11.1\\com.example.gestaobilhares.app-main-58:\\drawable\\circle_shape.xml"
    },
    {
        "merged": "C:\\Users\\Rossiny\\.gradle\\daemon\\8.11.1\\com.example.gestaobilhares.app-debug-56:\\drawable_status_background.xml.flat",
        "source": "C:\\Users\\Rossiny\\.gradle\\daemon\\8.11.1\\com.example.gestaobilhares.app-main-58:\\drawable\\status_background.xml"
    },
    {
        "merged": "C:\\Users\\Rossiny\\.gradle\\daemon\\8.11.1\\com.example.gestaobilhares.app-debug-56:\\drawable_ic_calculator.xml.flat",
        "source": "C:\\Users\\Rossiny\\.gradle\\daemon\\8.11.1\\com.example.gestaobilhares.app-main-58:\\drawable\\ic_calculator.xml"
    },
    {
        "merged": "C:\\Users\\Rossiny\\.gradle\\daemon\\8.11.1\\com.example.gestaobilhares.app-debug-56:\\drawable_ic_route.xml.flat",
        "source": "C:\\Users\\Rossiny\\.gradle\\daemon\\8.11.1\\com.example.gestaobilhares.app-main-58:\\drawable\\ic_route.xml"
    },
    {
        "merged": "C:\\Users\\Rossiny\\.gradle\\daemon\\8.11.1\\com.example.gestaobilhares.app-debug-56:\\layout_fragment_login.xml.flat",
        "source": "C:\\Users\\Rossiny\\.gradle\\daemon\\8.11.1\\com.example.gestaobilhares.app-main-58:\\layout\\fragment_login.xml"
    },
    {
        "merged": "C:\\Users\\Rossiny\\.gradle\\daemon\\8.11.1\\com.example.gestaobilhares.app-debug-56:\\drawable_ic_arrow_right.xml.flat",
        "source": "C:\\Users\\Rossiny\\.gradle\\daemon\\8.11.1\\com.example.gestaobilhares.app-main-58:\\drawable\\ic_arrow_right.xml"
    },
    {
        "merged": "C:\\Users\\Rossiny\\.gradle\\daemon\\8.11.1\\com.example.gestaobilhares.app-debug-56:\\layout_item_route_management.xml.flat",
        "source": "C:\\Users\\Rossiny\\.gradle\\daemon\\8.11.1\\com.example.gestaobilhares.app-main-58:\\layout\\item_route_management.xml"
    },
    {
        "merged": "C:\\Users\\Rossiny\\.gradle\\daemon\\8.11.1\\com.example.gestaobilhares.app-debug-56:\\drawable_ic_clients.xml.flat",
        "source": "C:\\Users\\Rossiny\\.gradle\\daemon\\8.11.1\\com.example.gestaobilhares.app-main-58:\\drawable\\ic_clients.xml"
    },
    {
        "merged": "C:\\Users\\Rossiny\\.gradle\\daemon\\8.11.1\\com.example.gestaobilhares.app-debug-56:\\drawable_ic_clock.xml.flat",
        "source": "C:\\Users\\Rossiny\\.gradle\\daemon\\8.11.1\\com.example.gestaobilhares.app-main-58:\\drawable\\ic_clock.xml"
    },
    {
        "merged": "C:\\Users\\Rossiny\\.gradle\\daemon\\8.11.1\\com.example.gestaobilhares.app-debug-56:\\mipmap-xxhdpi_ic_launcher_round.webp.flat",
        "source": "C:\\Users\\Rossiny\\.gradle\\daemon\\8.11.1\\com.example.gestaobilhares.app-main-58:\\mipmap-xxhdpi\\ic_launcher_round.webp"
    },
    {
        "merged": "C:\\Users\\Rossiny\\.gradle\\daemon\\8.11.1\\com.example.gestaobilhares.app-debug-56:\\drawable_ic_table.xml.flat",
        "source": "C:\\Users\\Rossiny\\.gradle\\daemon\\8.11.1\\com.example.gestaobilhares.app-main-58:\\drawable\\ic_table.xml"
    },
    {
        "merged": "C:\\Users\\Rossiny\\.gradle\\daemon\\8.11.1\\com.example.gestaobilhares.app-debug-56:\\layout_item_mesa_acerto.xml.flat",
        "source": "C:\\Users\\Rossiny\\.gradle\\daemon\\8.11.1\\com.example.gestaobilhares.app-main-58:\\layout\\item_mesa_acerto.xml"
    },
    {
        "merged": "C:\\Users\\Rossiny\\.gradle\\daemon\\8.11.1\\com.example.gestaobilhares.app-debug-56:\\drawable_default_bar_background.xml.flat",
        "source": "C:\\Users\\Rossiny\\.gradle\\daemon\\8.11.1\\com.example.gestaobilhares.app-main-58:\\drawable\\default_bar_background.xml"
    },
    {
        "merged": "C:\\Users\\Rossiny\\.gradle\\daemon\\8.11.1\\com.example.gestaobilhares.app-debug-56:\\drawable_ic_phone.xml.flat",
        "source": "C:\\Users\\Rossiny\\.gradle\\daemon\\8.11.1\\com.example.gestaobilhares.app-main-58:\\drawable\\ic_phone.xml"
    },
    {
        "merged": "C:\\Users\\Rossiny\\.gradle\\daemon\\8.11.1\\com.example.gestaobilhares.app-debug-56:\\xml_backup_rules.xml.flat",
        "source": "C:\\Users\\Rossiny\\.gradle\\daemon\\8.11.1\\com.example.gestaobilhares.app-main-58:\\xml\\backup_rules.xml"
    },
    {
        "merged": "C:\\Users\\Rossiny\\.gradle\\daemon\\8.11.1\\com.example.gestaobilhares.app-debug-56:\\mipmap-hdpi_ic_launcher_round.webp.flat",
        "source": "C:\\Users\\Rossiny\\.gradle\\daemon\\8.11.1\\com.example.gestaobilhares.app-main-58:\\mipmap-hdpi\\ic_launcher_round.webp"
    },
    {
        "merged": "C:\\Users\\Rossiny\\.gradle\\daemon\\8.11.1\\com.example.gestaobilhares.app-debug-56:\\layout_fragment_main.xml.flat",
        "source": "C:\\Users\\Rossiny\\.gradle\\daemon\\8.11.1\\com.example.gestaobilhares.app-main-58:\\layout\\fragment_main.xml"
    },
    {
        "merged": "C:\\Users\\Rossiny\\.gradle\\daemon\\8.11.1\\com.example.gestaobilhares.app-debug-56:\\drawable_ic_launcher_foreground.xml.flat",
        "source": "C:\\Users\\Rossiny\\.gradle\\daemon\\8.11.1\\com.example.gestaobilhares.app-main-58:\\drawable\\ic_launcher_foreground.xml"
    },
    {
        "merged": "com.example.gestaobilhares.app-debug-56:/layout_fragment_settlement.xml.flat",
        "source": "com.example.gestaobilhares.app-main-58:/layout/fragment_settlement.xml"
    },
    {
        "merged": "C:\\Users\\Rossiny\\.gradle\\daemon\\8.11.1\\com.example.gestaobilhares.app-debug-56:\\drawable_ic_report.xml.flat",
        "source": "C:\\Users\\Rossiny\\.gradle\\daemon\\8.11.1\\com.example.gestaobilhares.app-main-58:\\drawable\\ic_report.xml"
    },
    {
        "merged": "C:\\Users\\Rossiny\\.gradle\\daemon\\8.11.1\\com.example.gestaobilhares.app-debug-56:\\layout_item_mesa_cliente.xml.flat",
        "source": "C:\\Users\\Rossiny\\.gradle\\daemon\\8.11.1\\com.example.gestaobilhares.app-main-58:\\layout\\item_mesa_cliente.xml"
    },
    {
        "merged": "C:\\Users\\Rossiny\\.gradle\\daemon\\8.11.1\\com.example.gestaobilhares.app-debug-56:\\drawable_circle_purple_bg.xml.flat",
        "source": "C:\\Users\\Rossiny\\.gradle\\daemon\\8.11.1\\com.example.gestaobilhares.app-main-58:\\drawable\\circle_purple_bg.xml"
    },
    {
        "merged": "C:\\Users\\Rossiny\\.gradle\\daemon\\8.11.1\\com.example.gestaobilhares.app-debug-56:\\layout_item_acerto_mesa_detail.xml.flat",
        "source": "C:\\Users\\Rossiny\\.gradle\\daemon\\8.11.1\\com.example.gestaobilhares.app-main-58:\\layout\\item_acerto_mesa_detail.xml"
    },
    {
        "merged": "C:\\Users\\Rossiny\\.gradle\\daemon\\8.11.1\\com.example.gestaobilhares.app-debug-56:\\drawable_gradient_overlay.xml.flat",
        "source": "C:\\Users\\Rossiny\\.gradle\\daemon\\8.11.1\\com.example.gestaobilhares.app-main-58:\\drawable\\gradient_overlay.xml"
    },
    {
        "merged": "C:\\Users\\Rossiny\\.gradle\\daemon\\8.11.1\\com.example.gestaobilhares.app-debug-56:\\mipmap-xxhdpi_ic_launcher.webp.flat",
        "source": "C:\\Users\\Rossiny\\.gradle\\daemon\\8.11.1\\com.example.gestaobilhares.app-main-58:\\mipmap-xxhdpi\\ic_launcher.webp"
    },
    {
        "merged": "C:\\Users\\Rossiny\\.gradle\\daemon\\8.11.1\\com.example.gestaobilhares.app-debug-56:\\drawable_ic_edit.xml.flat",
        "source": "C:\\Users\\Rossiny\\.gradle\\daemon\\8.11.1\\com.example.gestaobilhares.app-main-58:\\drawable\\ic_edit.xml"
    },
    {
        "merged": "C:\\Users\\Rossiny\\.gradle\\daemon\\8.11.1\\com.example.gestaobilhares.app-debug-56:\\layout_fragment_route_management.xml.flat",
        "source": "C:\\Users\\Rossiny\\.gradle\\daemon\\8.11.1\\com.example.gestaobilhares.app-main-58:\\layout\\fragment_route_management.xml"
    },
    {
        "merged": "C:\\Users\\Rossiny\\.gradle\\daemon\\8.11.1\\com.example.gestaobilhares.app-debug-56:\\drawable_ic_inventory.xml.flat",
        "source": "C:\\Users\\Rossiny\\.gradle\\daemon\\8.11.1\\com.example.gestaobilhares.app-main-58:\\drawable\\ic_inventory.xml"
    },
    {
        "merged": "C:\\Users\\Rossiny\\.gradle\\daemon\\8.11.1\\com.example.gestaobilhares.app-debug-56:\\layout_dialog_settlement_summary.xml.flat",
        "source": "C:\\Users\\Rossiny\\.gradle\\daemon\\8.11.1\\com.example.gestaobilhares.app-main-58:\\layout\\dialog_settlement_summary.xml"
    },
    {
        "merged": "C:\\Users\\Rossiny\\.gradle\\daemon\\8.11.1\\com.example.gestaobilhares.app-debug-56:\\drawable_ic_close.xml.flat",
        "source": "C:\\Users\\Rossiny\\.gradle\\daemon\\8.11.1\\com.example.gestaobilhares.app-main-58:\\drawable\\ic_close.xml"
    },
    {
        "merged": "C:\\Users\\Rossiny\\.gradle\\daemon\\8.11.1\\com.example.gestaobilhares.app-debug-56:\\drawable_ic_restaurant.xml.flat",
        "source": "C:\\Users\\Rossiny\\.gradle\\daemon\\8.11.1\\com.example.gestaobilhares.app-main-58:\\drawable\\ic_restaurant.xml"
    },
    {
        "merged": "C:\\Users\\Rossiny\\.gradle\\daemon\\8.11.1\\com.example.gestaobilhares.app-debug-56:\\drawable_ic_build.xml.flat",
        "source": "C:\\Users\\Rossiny\\.gradle\\daemon\\8.11.1\\com.example.gestaobilhares.app-main-58:\\drawable\\ic_build.xml"
    },
    {
        "merged": "C:\\Users\\Rossiny\\.gradle\\daemon\\8.11.1\\com.example.gestaobilhares.app-debug-56:\\mipmap-anydpi-v26_ic_launcher_round.xml.flat",
        "source": "C:\\Users\\Rossiny\\.gradle\\daemon\\8.11.1\\com.example.gestaobilhares.app-main-58:\\mipmap-anydpi-v26\\ic_launcher_round.xml"
    },
    {
        "merged": "C:\\Users\\Rossiny\\.gradle\\daemon\\8.11.1\\com.example.gestaobilhares.app-debug-56:\\layout_item_expense.xml.flat",
        "source": "C:\\Users\\Rossiny\\.gradle\\daemon\\8.11.1\\com.example.gestaobilhares.app-main-58:\\layout\\item_expense.xml"
    },
    {
        "merged": "C:\\Users\\Rossiny\\.gradle\\daemon\\8.11.1\\com.example.gestaobilhares.app-debug-56:\\mipmap-anydpi-v26_ic_launcher.xml.flat",
        "source": "C:\\Users\\Rossiny\\.gradle\\daemon\\8.11.1\\com.example.gestaobilhares.app-main-58:\\mipmap-anydpi-v26\\ic_launcher.xml"
    },
    {
        "merged": "C:\\Users\\Rossiny\\.gradle\\daemon\\8.11.1\\com.example.gestaobilhares.app-debug-56:\\drawable_ic_assignment.xml.flat",
        "source": "C:\\Users\\Rossiny\\.gradle\\daemon\\8.11.1\\com.example.gestaobilhares.app-main-58:\\drawable\\ic_assignment.xml"
    }
]