{
    "logs": [
        {
            "outputFile": "com.example.gestaobilhares.app-mergeDebugResources-54:/values-large-v4/values-large-v4.xml",
            "map": [
                {
                    "source": "C:\\Users\\Rossiny\\.gradle\\caches\\8.11.1\\transforms\\e4b927923af59ee9d2fa5c4898a419bd\\transformed\\appcompat-1.6.1\\res\\values-large-v4\\values-large-v4.xml",
                    "from": {
                        "startLines": "2,3,4,5,6,7,8,9,10",
                        "startColumns": "4,4,4,4,4,4,4,4,4",
                        "startOffsets": "55,114,185,256,326,396,464,532,636",
                        "endColumns": "58,70,70,69,69,67,67,103,115",
                        "endOffsets": "109,180,251,321,391,459,527,631,747"
                    }
                },
                {
                    "source": "C:\\Users\\Rossiny\\.gradle\\caches\\8.11.1\\transforms\\b1b8f4a1ab2a73d86dfa9e96bf6b879a\\transformed\\material-1.11.0\\res\\values-large-v4\\values-large-v4.xml",
                    "from": {
                        "startLines": "2,3,4,5",
                        "startColumns": "4,4,4,4",
                        "startOffsets": "55,169,285,407",
                        "endColumns": "113,115,121,133",
                        "endOffsets": "164,280,402,536"
                    },
                    "to": {
                        "startLines": "11,12,13,14",
                        "startColumns": "4,4,4,4",
                        "startOffsets": "752,866,982,1104",
                        "endColumns": "113,115,121,133",
                        "endOffsets": "861,977,1099,1233"
                    }
                }
            ]
        }
    ]
}