{
    "logs": [
        {
            "outputFile": "com.example.gestaobilhares.app-mergeDebugResources-54:/values-kn/values-kn.xml",
            "map": [
                {
                    "source": "C:\\Users\\Rossiny\\.gradle\\caches\\8.11.1\\transforms\\f8df79fe5a4781fd0bcc5bc761f7aa23\\transformed\\core-1.12.0\\res\\values-kn\\values-kn.xml",
                    "from": {
                        "startLines": "2,3,4,5,6,7,8,9",
                        "startColumns": "4,4,4,4,4,4,4,4",
                        "startOffsets": "55,153,256,357,463,564,672,800",
                        "endColumns": "97,102,100,105,100,107,127,100",
                        "endOffsets": "148,251,352,458,559,667,795,896"
                    },
                    "to": {
                        "startLines": "38,39,40,41,42,43,44,133",
                        "startColumns": "4,4,4,4,4,4,4,4",
                        "startOffsets": "3532,3630,3733,3834,3940,4041,4149,12397",
                        "endColumns": "97,102,100,105,100,107,127,100",
                        "endOffsets": "3625,3728,3829,3935,4036,4144,4272,12493"
                    }
                },
                {
                    "source": "C:\\Users\\Rossiny\\.gradle\\caches\\8.11.1\\transforms\\98d997c6ad2b168db11d30212b38e419\\transformed\\navigation-ui-2.7.7\\res\\values-kn\\values-kn.xml",
                    "from": {
                        "startLines": "2,3",
                        "startColumns": "4,4",
                        "startOffsets": "55,173",
                        "endColumns": "117,128",
                        "endOffsets": "168,297"
                    },
                    "to": {
                        "startLines": "129,130",
                        "startColumns": "4,4",
                        "startOffsets": "11985,12103",
                        "endColumns": "117,128",
                        "endOffsets": "12098,12227"
                    }
                },
                {
                    "source": "C:\\Users\\Rossiny\\.gradle\\caches\\8.11.1\\transforms\\e4b927923af59ee9d2fa5c4898a419bd\\transformed\\appcompat-1.6.1\\res\\values-kn\\values-kn.xml",
                    "from": {
                        "startLines": "2,3,4,5,6,7,8,9,10,11,12,13,14,15,16,17,18,19,20,21,22,23,24,25,26,27,28,29",
                        "startColumns": "4,4,4,4,4,4,4,4,4,4,4,4,4,4,4,4,4,4,4,4,4,4,4,4,4,4,4,4",
                        "startOffsets": "105,219,331,444,532,639,765,843,919,1010,1103,1198,1292,1392,1485,1580,1674,1765,1856,1938,2054,2164,2263,2376,2481,2595,2759,2859",
                        "endColumns": "113,111,112,87,106,125,77,75,90,92,94,93,99,92,94,93,90,90,81,115,109,98,112,104,113,163,99,82",
                        "endOffsets": "214,326,439,527,634,760,838,914,1005,1098,1193,1287,1387,1480,1575,1669,1760,1851,1933,2049,2159,2258,2371,2476,2590,2754,2854,2937"
                    },
                    "to": {
                        "startLines": "6,7,8,9,10,11,12,13,14,15,16,17,18,19,20,21,22,23,24,25,26,27,28,29,30,31,32,132",
                        "startColumns": "4,4,4,4,4,4,4,4,4,4,4,4,4,4,4,4,4,4,4,4,4,4,4,4,4,4,4,4",
                        "startOffsets": "319,433,545,658,746,853,979,1057,1133,1224,1317,1412,1506,1606,1699,1794,1888,1979,2070,2152,2268,2378,2477,2590,2695,2809,2973,12314",
                        "endColumns": "113,111,112,87,106,125,77,75,90,92,94,93,99,92,94,93,90,90,81,115,109,98,112,104,113,163,99,82",
                        "endOffsets": "428,540,653,741,848,974,1052,1128,1219,1312,1407,1501,1601,1694,1789,1883,1974,2065,2147,2263,2373,2472,2585,2690,2804,2968,3068,12392"
                    }
                },
                {
                    "source": "C:\\Users\\Rossiny\\.gradle\\caches\\8.11.1\\transforms\\c2f8b797c5d7cd2b2985198d6365455b\\transformed\\play-services-base-18.0.1\\res\\values-kn\\values.xml",
                    "from": {
                        "startLines": "4,5,6,7,8,9,10,11,12,13,14,15,16,17,18,19,20",
                        "startColumns": "0,0,0,0,0,0,0,0,0,0,0,0,0,0,0,0,0",
                        "startOffsets": "193,300,466,595,706,845,970,1074,1169,1315,1424,1585,1716,1857,2010,2075,2134",
                        "endColumns": "106,165,128,110,138,124,103,94,145,108,160,130,140,152,64,58,80",
                        "endOffsets": "299,465,594,705,844,969,1073,1168,1314,1423,1584,1715,1856,2009,2074,2133,2214"
                    },
                    "to": {
                        "startLines": "48,49,50,51,52,53,54,55,57,58,59,60,61,62,63,64,65",
                        "startColumns": "4,4,4,4,4,4,4,4,4,4,4,4,4,4,4,4,4",
                        "startOffsets": "4582,4693,4863,4996,5111,5254,5383,5491,5736,5886,5999,6164,6299,6444,6601,6670,6733",
                        "endColumns": "110,169,132,114,142,128,107,98,149,112,164,134,144,156,68,62,84",
                        "endOffsets": "4688,4858,4991,5106,5249,5378,5486,5585,5881,5994,6159,6294,6439,6596,6665,6728,6813"
                    }
                },
                {
                    "source": "C:\\Users\\Rossiny\\.gradle\\caches\\8.11.1\\transforms\\b1b8f4a1ab2a73d86dfa9e96bf6b879a\\transformed\\material-1.11.0\\res\\values-kn\\values-kn.xml",
                    "from": {
                        "startLines": "2,6,7,8,9,10,11,12,13,14,15,16,17,18,19,20,21,22,23,24,25,26,27,28,29,30,31,32,33,34,35,36,37,38,39,40,41,42,43,44,45,46,47,48,49,50,51,52,53,54,55,56,57,58,59,60,61,62,63,64,65,66,67,68,69,70,71,72,73",
                        "startColumns": "4,4,4,4,4,4,4,4,4,4,4,4,4,4,4,4,4,4,4,4,4,4,4,4,4,4,4,4,4,4,4,4,4,4,4,4,4,4,4,4,4,4,4,4,4,4,4,4,4,4,4,4,4,4,4,4,4,4,4,4,4,4,4,4,4,4,4,4,4",
                        "startOffsets": "100,269,353,436,518,633,728,835,948,1033,1096,1190,1256,1318,1421,1487,1558,1617,1693,1758,1812,1925,1983,2044,2098,2177,2293,2376,2467,2609,2688,2767,2896,2984,3068,3125,3177,3243,3323,3413,3497,3576,3653,3730,3807,3876,3993,4092,4169,4262,4357,4431,4512,4608,4659,4743,4811,4897,4985,5048,5113,5176,5244,5349,5454,5549,5652,5713,5769",
                        "endLines": "5,6,7,8,9,10,11,12,13,14,15,16,17,18,19,20,21,22,23,24,25,26,27,28,29,30,31,32,33,34,35,36,37,38,39,40,41,42,43,44,45,46,47,48,49,50,51,52,53,54,55,56,57,58,59,60,61,62,63,64,65,66,67,68,69,70,71,72,73",
                        "endColumns": "12,83,82,81,114,94,106,112,84,62,93,65,61,102,65,70,58,75,64,53,112,57,60,53,78,115,82,90,141,78,78,128,87,83,56,51,65,79,89,83,78,76,76,76,68,116,98,76,92,94,73,80,95,50,83,67,85,87,62,64,62,67,104,104,94,102,60,55,81",
                        "endOffsets": "264,348,431,513,628,723,830,943,1028,1091,1185,1251,1313,1416,1482,1553,1612,1688,1753,1807,1920,1978,2039,2093,2172,2288,2371,2462,2604,2683,2762,2891,2979,3063,3120,3172,3238,3318,3408,3492,3571,3648,3725,3802,3871,3988,4087,4164,4257,4352,4426,4507,4603,4654,4738,4806,4892,4980,5043,5108,5171,5239,5344,5449,5544,5647,5708,5764,5846"
                    },
                    "to": {
                        "startLines": "2,33,34,35,36,37,45,46,47,67,68,72,73,74,75,76,77,78,79,80,81,82,83,84,85,86,87,88,89,90,91,92,93,94,95,96,97,98,99,100,101,102,103,104,105,106,107,108,109,110,111,112,113,114,115,116,117,118,119,120,121,122,123,124,125,126,127,128,131",
                        "startColumns": "4,4,4,4,4,4,4,4,4,4,4,4,4,4,4,4,4,4,4,4,4,4,4,4,4,4,4,4,4,4,4,4,4,4,4,4,4,4,4,4,4,4,4,4,4,4,4,4,4,4,4,4,4,4,4,4,4,4,4,4,4,4,4,4,4,4,4,4,4",
                        "startOffsets": "150,3073,3157,3240,3322,3437,4277,4384,4497,6932,6995,7406,7472,7534,7637,7703,7774,7833,7909,7974,8028,8141,8199,8260,8314,8393,8509,8592,8683,8825,8904,8983,9112,9200,9284,9341,9393,9459,9539,9629,9713,9792,9869,9946,10023,10092,10209,10308,10385,10478,10573,10647,10728,10824,10875,10959,11027,11113,11201,11264,11329,11392,11460,11565,11670,11765,11868,11929,12232",
                        "endLines": "5,33,34,35,36,37,45,46,47,67,68,72,73,74,75,76,77,78,79,80,81,82,83,84,85,86,87,88,89,90,91,92,93,94,95,96,97,98,99,100,101,102,103,104,105,106,107,108,109,110,111,112,113,114,115,116,117,118,119,120,121,122,123,124,125,126,127,128,131",
                        "endColumns": "12,83,82,81,114,94,106,112,84,62,93,65,61,102,65,70,58,75,64,53,112,57,60,53,78,115,82,90,141,78,78,128,87,83,56,51,65,79,89,83,78,76,76,76,68,116,98,76,92,94,73,80,95,50,83,67,85,87,62,64,62,67,104,104,94,102,60,55,81",
                        "endOffsets": "314,3152,3235,3317,3432,3527,4379,4492,4577,6990,7084,7467,7529,7632,7698,7769,7828,7904,7969,8023,8136,8194,8255,8309,8388,8504,8587,8678,8820,8899,8978,9107,9195,9279,9336,9388,9454,9534,9624,9708,9787,9864,9941,10018,10087,10204,10303,10380,10473,10568,10642,10723,10819,10870,10954,11022,11108,11196,11259,11324,11387,11455,11560,11665,11760,11863,11924,11980,12309"
                    }
                },
                {
                    "source": "C:\\Users\\Rossiny\\.gradle\\caches\\8.11.1\\transforms\\2be5097ed239e2923198782eab3fa440\\transformed\\play-services-basement-18.1.0\\res\\values-kn\\values.xml",
                    "from": {
                        "startLines": "4",
                        "startColumns": "0",
                        "startOffsets": "195",
                        "endColumns": "141",
                        "endOffsets": "336"
                    },
                    "to": {
                        "startLines": "56",
                        "startColumns": "4",
                        "startOffsets": "5590",
                        "endColumns": "145",
                        "endOffsets": "5731"
                    }
                },
                {
                    "source": "C:\\Users\\Rossiny\\.gradle\\caches\\8.11.1\\transforms\\9bcede38129a084b13735da953ff89f0\\transformed\\browser-1.4.0\\res\\values-kn\\values-kn.xml",
                    "from": {
                        "startLines": "2,3,4,5",
                        "startColumns": "4,4,4,4",
                        "startOffsets": "55,169,269,385",
                        "endColumns": "113,99,115,100",
                        "endOffsets": "164,264,380,481"
                    },
                    "to": {
                        "startLines": "66,69,70,71",
                        "startColumns": "4,4,4,4",
                        "startOffsets": "6818,7089,7189,7305",
                        "endColumns": "113,99,115,100",
                        "endOffsets": "6927,7184,7300,7401"
                    }
                }
            ]
        }
    ]
}