{
    "logs": [
        {
            "outputFile": "com.example.gestaobilhares.app-mergeDebugResources-54:/values-da/values-da.xml",
            "map": [
                {
                    "source": "C:\\Users\\Rossiny\\.gradle\\caches\\8.11.1\\transforms\\c2f8b797c5d7cd2b2985198d6365455b\\transformed\\play-services-base-18.0.1\\res\\values-da\\values.xml",
                    "from": {
                        "startLines": "4,5,6,7,8,9,10,11,12,13,14,15,16,17,18,19,20",
                        "startColumns": "0,0,0,0,0,0,0,0,0,0,0,0,0,0,0,0,0",
                        "startOffsets": "193,295,451,574,679,818,939,1055,1156,1308,1410,1568,1691,1832,2006,2068,2126",
                        "endColumns": "101,155,122,104,138,120,115,100,151,101,157,122,140,173,61,57,73",
                        "endOffsets": "294,450,573,678,817,938,1054,1155,1307,1409,1567,1690,1831,2005,2067,2125,2199"
                    },
                    "to": {
                        "startLines": "48,49,50,51,52,53,54,55,57,58,59,60,61,62,63,64,65",
                        "startColumns": "4,4,4,4,4,4,4,4,4,4,4,4,4,4,4,4,4",
                        "startOffsets": "4437,4543,4703,4830,4939,5082,5207,5327,5559,5715,5821,5983,6110,6255,6433,6499,6561",
                        "endColumns": "105,159,126,108,142,124,119,104,155,105,161,126,144,177,65,61,77",
                        "endOffsets": "4538,4698,4825,4934,5077,5202,5322,5427,5710,5816,5978,6105,6250,6428,6494,6556,6634"
                    }
                },
                {
                    "source": "C:\\Users\\Rossiny\\.gradle\\caches\\8.11.1\\transforms\\e4b927923af59ee9d2fa5c4898a419bd\\transformed\\appcompat-1.6.1\\res\\values-da\\values-da.xml",
                    "from": {
                        "startLines": "2,3,4,5,6,7,8,9,10,11,12,13,14,15,16,17,18,19,20,21,22,23,24,25,26,27,28,29",
                        "startColumns": "4,4,4,4,4,4,4,4,4,4,4,4,4,4,4,4,4,4,4,4,4,4,4,4,4,4,4,4",
                        "startOffsets": "105,205,299,415,500,600,713,791,867,958,1051,1144,1238,1332,1425,1520,1618,1709,1800,1879,1987,2094,2190,2303,2406,2507,2660,2757",
                        "endColumns": "99,93,115,84,99,112,77,75,90,92,92,93,93,92,94,97,90,90,78,107,106,95,112,102,100,152,96,79",
                        "endOffsets": "200,294,410,495,595,708,786,862,953,1046,1139,1233,1327,1420,1515,1613,1704,1795,1874,1982,2089,2185,2298,2401,2502,2655,2752,2832"
                    },
                    "to": {
                        "startLines": "6,7,8,9,10,11,12,13,14,15,16,17,18,19,20,21,22,23,24,25,26,27,28,29,30,31,32,132",
                        "startColumns": "4,4,4,4,4,4,4,4,4,4,4,4,4,4,4,4,4,4,4,4,4,4,4,4,4,4,4,4",
                        "startOffsets": "322,422,516,632,717,817,930,1008,1084,1175,1268,1361,1455,1549,1642,1737,1835,1926,2017,2096,2204,2311,2407,2520,2623,2724,2877,11926",
                        "endColumns": "99,93,115,84,99,112,77,75,90,92,92,93,93,92,94,97,90,90,78,107,106,95,112,102,100,152,96,79",
                        "endOffsets": "417,511,627,712,812,925,1003,1079,1170,1263,1356,1450,1544,1637,1732,1830,1921,2012,2091,2199,2306,2402,2515,2618,2719,2872,2969,12001"
                    }
                },
                {
                    "source": "C:\\Users\\Rossiny\\.gradle\\caches\\8.11.1\\transforms\\2be5097ed239e2923198782eab3fa440\\transformed\\play-services-basement-18.1.0\\res\\values-da\\values.xml",
                    "from": {
                        "startLines": "4",
                        "startColumns": "0",
                        "startOffsets": "195",
                        "endColumns": "122",
                        "endOffsets": "317"
                    },
                    "to": {
                        "startLines": "56",
                        "startColumns": "4",
                        "startOffsets": "5432",
                        "endColumns": "126",
                        "endOffsets": "5554"
                    }
                },
                {
                    "source": "C:\\Users\\Rossiny\\.gradle\\caches\\8.11.1\\transforms\\f8df79fe5a4781fd0bcc5bc761f7aa23\\transformed\\core-1.12.0\\res\\values-da\\values-da.xml",
                    "from": {
                        "startLines": "2,3,4,5,6,7,8,9",
                        "startColumns": "4,4,4,4,4,4,4,4",
                        "startOffsets": "55,151,253,350,448,555,664,782",
                        "endColumns": "95,101,96,97,106,108,117,100",
                        "endOffsets": "146,248,345,443,550,659,777,878"
                    },
                    "to": {
                        "startLines": "38,39,40,41,42,43,44,133",
                        "startColumns": "4,4,4,4,4,4,4,4",
                        "startOffsets": "3383,3479,3581,3678,3776,3883,3992,12006",
                        "endColumns": "95,101,96,97,106,108,117,100",
                        "endOffsets": "3474,3576,3673,3771,3878,3987,4105,12102"
                    }
                },
                {
                    "source": "C:\\Users\\Rossiny\\.gradle\\caches\\8.11.1\\transforms\\98d997c6ad2b168db11d30212b38e419\\transformed\\navigation-ui-2.7.7\\res\\values-da\\values-da.xml",
                    "from": {
                        "startLines": "2,3",
                        "startColumns": "4,4",
                        "startOffsets": "55,160",
                        "endColumns": "104,108",
                        "endOffsets": "155,264"
                    },
                    "to": {
                        "startLines": "129,130",
                        "startColumns": "4,4",
                        "startOffsets": "11632,11737",
                        "endColumns": "104,108",
                        "endOffsets": "11732,11841"
                    }
                },
                {
                    "source": "C:\\Users\\Rossiny\\.gradle\\caches\\8.11.1\\transforms\\9bcede38129a084b13735da953ff89f0\\transformed\\browser-1.4.0\\res\\values-da\\values-da.xml",
                    "from": {
                        "startLines": "2,3,4,5",
                        "startColumns": "4,4,4,4",
                        "startOffsets": "55,167,266,373",
                        "endColumns": "111,98,106,96",
                        "endOffsets": "162,261,368,465"
                    },
                    "to": {
                        "startLines": "66,69,70,71",
                        "startColumns": "4,4,4,4",
                        "startOffsets": "6639,6901,7000,7107",
                        "endColumns": "111,98,106,96",
                        "endOffsets": "6746,6995,7102,7199"
                    }
                },
                {
                    "source": "C:\\Users\\Rossiny\\.gradle\\caches\\8.11.1\\transforms\\b1b8f4a1ab2a73d86dfa9e96bf6b879a\\transformed\\material-1.11.0\\res\\values-da\\values-da.xml",
                    "from": {
                        "startLines": "2,6,7,8,9,10,11,12,13,14,15,16,17,18,19,20,21,22,23,24,25,26,27,28,29,30,31,32,33,34,35,36,37,38,39,40,41,42,43,44,45,46,47,48,49,50,51,52,53,54,55,56,57,58,59,60,61,62,63,64,65,66,67,68,69,70,71,72,73",
                        "startColumns": "4,4,4,4,4,4,4,4,4,4,4,4,4,4,4,4,4,4,4,4,4,4,4,4,4,4,4,4,4,4,4,4,4,4,4,4,4,4,4,4,4,4,4,4,4,4,4,4,4,4,4,4,4,4,4,4,4,4,4,4,4,4,4,4,4,4,4,4,4",
                        "startOffsets": "100,272,350,426,504,601,681,781,930,1008,1072,1158,1231,1291,1378,1442,1504,1566,1634,1699,1755,1873,1931,1992,2048,2123,2249,2335,2415,2556,2634,2714,2836,2922,3000,3056,3107,3173,3241,3315,3404,3479,3551,3629,3699,3772,3876,3960,4037,4125,4214,4288,4361,4446,4495,4573,4639,4719,4802,4864,4928,4991,5060,5168,5271,5372,5471,5531,5586",
                        "endLines": "5,6,7,8,9,10,11,12,13,14,15,16,17,18,19,20,21,22,23,24,25,26,27,28,29,30,31,32,33,34,35,36,37,38,39,40,41,42,43,44,45,46,47,48,49,50,51,52,53,54,55,56,57,58,59,60,61,62,63,64,65,66,67,68,69,70,71,72,73",
                        "endColumns": "12,77,75,77,96,79,99,148,77,63,85,72,59,86,63,61,61,67,64,55,117,57,60,55,74,125,85,79,140,77,79,121,85,77,55,50,65,67,73,88,74,71,77,69,72,103,83,76,87,88,73,72,84,48,77,65,79,82,61,63,62,68,107,102,100,98,59,54,79",
                        "endOffsets": "267,345,421,499,596,676,776,925,1003,1067,1153,1226,1286,1373,1437,1499,1561,1629,1694,1750,1868,1926,1987,2043,2118,2244,2330,2410,2551,2629,2709,2831,2917,2995,3051,3102,3168,3236,3310,3399,3474,3546,3624,3694,3767,3871,3955,4032,4120,4209,4283,4356,4441,4490,4568,4634,4714,4797,4859,4923,4986,5055,5163,5266,5367,5466,5526,5581,5661"
                    },
                    "to": {
                        "startLines": "2,33,34,35,36,37,45,46,47,67,68,72,73,74,75,76,77,78,79,80,81,82,83,84,85,86,87,88,89,90,91,92,93,94,95,96,97,98,99,100,101,102,103,104,105,106,107,108,109,110,111,112,113,114,115,116,117,118,119,120,121,122,123,124,125,126,127,128,131",
                        "startColumns": "4,4,4,4,4,4,4,4,4,4,4,4,4,4,4,4,4,4,4,4,4,4,4,4,4,4,4,4,4,4,4,4,4,4,4,4,4,4,4,4,4,4,4,4,4,4,4,4,4,4,4,4,4,4,4,4,4,4,4,4,4,4,4,4,4,4,4,4,4",
                        "startOffsets": "150,2974,3052,3128,3206,3303,4110,4210,4359,6751,6815,7204,7277,7337,7424,7488,7550,7612,7680,7745,7801,7919,7977,8038,8094,8169,8295,8381,8461,8602,8680,8760,8882,8968,9046,9102,9153,9219,9287,9361,9450,9525,9597,9675,9745,9818,9922,10006,10083,10171,10260,10334,10407,10492,10541,10619,10685,10765,10848,10910,10974,11037,11106,11214,11317,11418,11517,11577,11846",
                        "endLines": "5,33,34,35,36,37,45,46,47,67,68,72,73,74,75,76,77,78,79,80,81,82,83,84,85,86,87,88,89,90,91,92,93,94,95,96,97,98,99,100,101,102,103,104,105,106,107,108,109,110,111,112,113,114,115,116,117,118,119,120,121,122,123,124,125,126,127,128,131",
                        "endColumns": "12,77,75,77,96,79,99,148,77,63,85,72,59,86,63,61,61,67,64,55,117,57,60,55,74,125,85,79,140,77,79,121,85,77,55,50,65,67,73,88,74,71,77,69,72,103,83,76,87,88,73,72,84,48,77,65,79,82,61,63,62,68,107,102,100,98,59,54,79",
                        "endOffsets": "317,3047,3123,3201,3298,3378,4205,4354,4432,6810,6896,7272,7332,7419,7483,7545,7607,7675,7740,7796,7914,7972,8033,8089,8164,8290,8376,8456,8597,8675,8755,8877,8963,9041,9097,9148,9214,9282,9356,9445,9520,9592,9670,9740,9813,9917,10001,10078,10166,10255,10329,10402,10487,10536,10614,10680,10760,10843,10905,10969,11032,11101,11209,11312,11413,11512,11572,11627,11921"
                    }
                }
            ]
        }
    ]
}