{
    "logs": [
        {
            "outputFile": "com.example.gestaobilhares.app-mergeDebugResources-54:/values-it/values-it.xml",
            "map": [
                {
                    "source": "C:\\Users\\Rossiny\\.gradle\\caches\\8.11.1\\transforms\\9bcede38129a084b13735da953ff89f0\\transformed\\browser-1.4.0\\res\\values-it\\values-it.xml",
                    "from": {
                        "startLines": "2,3,4,5",
                        "startColumns": "4,4,4,4",
                        "startOffsets": "55,155,253,363",
                        "endColumns": "99,97,109,102",
                        "endOffsets": "150,248,358,461"
                    },
                    "to": {
                        "startLines": "66,69,70,71",
                        "startColumns": "4,4,4,4",
                        "startOffsets": "6739,7000,7098,7208",
                        "endColumns": "99,97,109,102",
                        "endOffsets": "6834,7093,7203,7306"
                    }
                },
                {
                    "source": "C:\\Users\\Rossiny\\.gradle\\caches\\8.11.1\\transforms\\c2f8b797c5d7cd2b2985198d6365455b\\transformed\\play-services-base-18.0.1\\res\\values-it\\values.xml",
                    "from": {
                        "startLines": "4,5,6,7,8,9,10,11,12,13,14,15,16,17,18,19,20",
                        "startColumns": "0,0,0,0,0,0,0,0,0,0,0,0,0,0,0,0,0",
                        "startOffsets": "193,294,441,562,666,820,944,1060,1160,1313,1416,1566,1689,1841,2018,2081,2138",
                        "endColumns": "100,146,120,103,153,123,115,99,152,102,149,122,151,176,62,56,72",
                        "endOffsets": "293,440,561,665,819,943,1059,1159,1312,1415,1565,1688,1840,2017,2080,2137,2210"
                    },
                    "to": {
                        "startLines": "48,49,50,51,52,53,54,55,57,58,59,60,61,62,63,64,65",
                        "startColumns": "4,4,4,4,4,4,4,4,4,4,4,4,4,4,4,4,4",
                        "startOffsets": "4517,4622,4773,4898,5006,5164,5292,5412,5652,5809,5916,6070,6197,6353,6534,6601,6662",
                        "endColumns": "104,150,124,107,157,127,119,103,156,106,153,126,155,180,66,60,76",
                        "endOffsets": "4617,4768,4893,5001,5159,5287,5407,5511,5804,5911,6065,6192,6348,6529,6596,6657,6734"
                    }
                },
                {
                    "source": "C:\\Users\\Rossiny\\.gradle\\caches\\8.11.1\\transforms\\f8df79fe5a4781fd0bcc5bc761f7aa23\\transformed\\core-1.12.0\\res\\values-it\\values-it.xml",
                    "from": {
                        "startLines": "2,3,4,5,6,7,8,9",
                        "startColumns": "4,4,4,4,4,4,4,4",
                        "startOffsets": "55,153,255,354,456,565,672,802",
                        "endColumns": "97,101,98,101,108,106,129,100",
                        "endOffsets": "148,250,349,451,560,667,797,898"
                    },
                    "to": {
                        "startLines": "38,39,40,41,42,43,44,133",
                        "startColumns": "4,4,4,4,4,4,4,4",
                        "startOffsets": "3448,3546,3648,3747,3849,3958,4065,12321",
                        "endColumns": "97,101,98,101,108,106,129,100",
                        "endOffsets": "3541,3643,3742,3844,3953,4060,4190,12417"
                    }
                },
                {
                    "source": "C:\\Users\\Rossiny\\.gradle\\caches\\8.11.1\\transforms\\98d997c6ad2b168db11d30212b38e419\\transformed\\navigation-ui-2.7.7\\res\\values-it\\values-it.xml",
                    "from": {
                        "startLines": "2,3",
                        "startColumns": "4,4",
                        "startOffsets": "55,164",
                        "endColumns": "108,122",
                        "endOffsets": "159,282"
                    },
                    "to": {
                        "startLines": "129,130",
                        "startColumns": "4,4",
                        "startOffsets": "11927,12036",
                        "endColumns": "108,122",
                        "endOffsets": "12031,12154"
                    }
                },
                {
                    "source": "C:\\Users\\Rossiny\\.gradle\\caches\\8.11.1\\transforms\\e4b927923af59ee9d2fa5c4898a419bd\\transformed\\appcompat-1.6.1\\res\\values-it\\values-it.xml",
                    "from": {
                        "startLines": "2,3,4,5,6,7,8,9,10,11,12,13,14,15,16,17,18,19,20,21,22,23,24,25,26,27,28,29",
                        "startColumns": "4,4,4,4,4,4,4,4,4,4,4,4,4,4,4,4,4,4,4,4,4,4,4,4,4,4,4,4",
                        "startOffsets": "105,210,313,422,506,611,730,808,883,975,1069,1162,1256,1357,1451,1548,1643,1735,1827,1908,2014,2121,2219,2323,2429,2536,2699,2799",
                        "endColumns": "104,102,108,83,104,118,77,74,91,93,92,93,100,93,96,94,91,91,80,105,106,97,103,105,106,162,99,81",
                        "endOffsets": "205,308,417,501,606,725,803,878,970,1064,1157,1251,1352,1446,1543,1638,1730,1822,1903,2009,2116,2214,2318,2424,2531,2694,2794,2876"
                    },
                    "to": {
                        "startLines": "6,7,8,9,10,11,12,13,14,15,16,17,18,19,20,21,22,23,24,25,26,27,28,29,30,31,32,132",
                        "startColumns": "4,4,4,4,4,4,4,4,4,4,4,4,4,4,4,4,4,4,4,4,4,4,4,4,4,4,4,4",
                        "startOffsets": "318,423,526,635,719,824,943,1021,1096,1188,1282,1375,1469,1570,1664,1761,1856,1948,2040,2121,2227,2334,2432,2536,2642,2749,2912,12239",
                        "endColumns": "104,102,108,83,104,118,77,74,91,93,92,93,100,93,96,94,91,91,80,105,106,97,103,105,106,162,99,81",
                        "endOffsets": "418,521,630,714,819,938,1016,1091,1183,1277,1370,1464,1565,1659,1756,1851,1943,2035,2116,2222,2329,2427,2531,2637,2744,2907,3007,12316"
                    }
                },
                {
                    "source": "C:\\Users\\Rossiny\\.gradle\\caches\\8.11.1\\transforms\\b1b8f4a1ab2a73d86dfa9e96bf6b879a\\transformed\\material-1.11.0\\res\\values-it\\values-it.xml",
                    "from": {
                        "startLines": "2,6,7,8,9,10,11,12,13,14,15,16,17,18,19,20,21,22,23,24,25,26,27,28,29,30,31,32,33,34,35,36,37,38,39,40,41,42,43,44,45,46,47,48,49,50,51,52,53,54,55,56,57,58,59,60,61,62,63,64,65,66,67,68,69,70,71,72,73",
                        "startColumns": "4,4,4,4,4,4,4,4,4,4,4,4,4,4,4,4,4,4,4,4,4,4,4,4,4,4,4,4,4,4,4,4,4,4,4,4,4,4,4,4,4,4,4,4,4,4,4,4,4,4,4,4,4,4,4,4,4,4,4,4,4,4,4,4,4,4,4,4,4",
                        "startOffsets": "100,268,352,433,510,609,704,803,943,1026,1092,1187,1272,1334,1422,1484,1553,1616,1689,1752,1806,1927,1984,2046,2100,2177,2314,2399,2481,2616,2697,2778,2924,3015,3105,3160,3211,3277,3350,3430,3521,3601,3676,3753,3822,3899,4004,4092,4181,4274,4367,4441,4521,4615,4666,4750,4816,4900,4988,5050,5114,5177,5245,5360,5474,5580,5689,5748,5803",
                        "endLines": "5,6,7,8,9,10,11,12,13,14,15,16,17,18,19,20,21,22,23,24,25,26,27,28,29,30,31,32,33,34,35,36,37,38,39,40,41,42,43,44,45,46,47,48,49,50,51,52,53,54,55,56,57,58,59,60,61,62,63,64,65,66,67,68,69,70,71,72,73",
                        "endColumns": "12,83,80,76,98,94,98,139,82,65,94,84,61,87,61,68,62,72,62,53,120,56,61,53,76,136,84,81,134,80,80,145,90,89,54,50,65,72,79,90,79,74,76,68,76,104,87,88,92,92,73,79,93,50,83,65,83,87,61,63,62,67,114,113,105,108,58,54,79",
                        "endOffsets": "263,347,428,505,604,699,798,938,1021,1087,1182,1267,1329,1417,1479,1548,1611,1684,1747,1801,1922,1979,2041,2095,2172,2309,2394,2476,2611,2692,2773,2919,3010,3100,3155,3206,3272,3345,3425,3516,3596,3671,3748,3817,3894,3999,4087,4176,4269,4362,4436,4516,4610,4661,4745,4811,4895,4983,5045,5109,5172,5240,5355,5469,5575,5684,5743,5798,5878"
                    },
                    "to": {
                        "startLines": "2,33,34,35,36,37,45,46,47,67,68,72,73,74,75,76,77,78,79,80,81,82,83,84,85,86,87,88,89,90,91,92,93,94,95,96,97,98,99,100,101,102,103,104,105,106,107,108,109,110,111,112,113,114,115,116,117,118,119,120,121,122,123,124,125,126,127,128,131",
                        "startColumns": "4,4,4,4,4,4,4,4,4,4,4,4,4,4,4,4,4,4,4,4,4,4,4,4,4,4,4,4,4,4,4,4,4,4,4,4,4,4,4,4,4,4,4,4,4,4,4,4,4,4,4,4,4,4,4,4,4,4,4,4,4,4,4,4,4,4,4,4,4",
                        "startOffsets": "150,3012,3096,3177,3254,3353,4195,4294,4434,6839,6905,7311,7396,7458,7546,7608,7677,7740,7813,7876,7930,8051,8108,8170,8224,8301,8438,8523,8605,8740,8821,8902,9048,9139,9229,9284,9335,9401,9474,9554,9645,9725,9800,9877,9946,10023,10128,10216,10305,10398,10491,10565,10645,10739,10790,10874,10940,11024,11112,11174,11238,11301,11369,11484,11598,11704,11813,11872,12159",
                        "endLines": "5,33,34,35,36,37,45,46,47,67,68,72,73,74,75,76,77,78,79,80,81,82,83,84,85,86,87,88,89,90,91,92,93,94,95,96,97,98,99,100,101,102,103,104,105,106,107,108,109,110,111,112,113,114,115,116,117,118,119,120,121,122,123,124,125,126,127,128,131",
                        "endColumns": "12,83,80,76,98,94,98,139,82,65,94,84,61,87,61,68,62,72,62,53,120,56,61,53,76,136,84,81,134,80,80,145,90,89,54,50,65,72,79,90,79,74,76,68,76,104,87,88,92,92,73,79,93,50,83,65,83,87,61,63,62,67,114,113,105,108,58,54,79",
                        "endOffsets": "313,3091,3172,3249,3348,3443,4289,4429,4512,6900,6995,7391,7453,7541,7603,7672,7735,7808,7871,7925,8046,8103,8165,8219,8296,8433,8518,8600,8735,8816,8897,9043,9134,9224,9279,9330,9396,9469,9549,9640,9720,9795,9872,9941,10018,10123,10211,10300,10393,10486,10560,10640,10734,10785,10869,10935,11019,11107,11169,11233,11296,11364,11479,11593,11699,11808,11867,11922,12234"
                    }
                },
                {
                    "source": "C:\\Users\\Rossiny\\.gradle\\caches\\8.11.1\\transforms\\2be5097ed239e2923198782eab3fa440\\transformed\\play-services-basement-18.1.0\\res\\values-it\\values.xml",
                    "from": {
                        "startLines": "4",
                        "startColumns": "0",
                        "startOffsets": "195",
                        "endColumns": "131",
                        "endOffsets": "326"
                    },
                    "to": {
                        "startLines": "56",
                        "startColumns": "4",
                        "startOffsets": "5516",
                        "endColumns": "135",
                        "endOffsets": "5647"
                    }
                }
            ]
        }
    ]
}