{
    "logs": [
        {
            "outputFile": "com.example.gestaobilhares.app-mergeDebugResources-54:/values-ne/values-ne.xml",
            "map": [
                {
                    "source": "C:\\Users\\Rossiny\\.gradle\\caches\\8.11.1\\transforms\\2be5097ed239e2923198782eab3fa440\\transformed\\play-services-basement-18.1.0\\res\\values-ne\\values.xml",
                    "from": {
                        "startLines": "4",
                        "startColumns": "0",
                        "startOffsets": "195",
                        "endColumns": "159",
                        "endOffsets": "354"
                    },
                    "to": {
                        "startLines": "56",
                        "startColumns": "4",
                        "startOffsets": "5580",
                        "endColumns": "163",
                        "endOffsets": "5739"
                    }
                },
                {
                    "source": "C:\\Users\\Rossiny\\.gradle\\caches\\8.11.1\\transforms\\f8df79fe5a4781fd0bcc5bc761f7aa23\\transformed\\core-1.12.0\\res\\values-ne\\values-ne.xml",
                    "from": {
                        "startLines": "2,3,4,5,6,7,8,9",
                        "startColumns": "4,4,4,4,4,4,4,4",
                        "startOffsets": "55,158,261,363,469,567,667,775",
                        "endColumns": "102,102,101,105,97,99,107,100",
                        "endOffsets": "153,256,358,464,562,662,770,871"
                    },
                    "to": {
                        "startLines": "38,39,40,41,42,43,44,133",
                        "startColumns": "4,4,4,4,4,4,4,4",
                        "startOffsets": "3515,3618,3721,3823,3929,4027,4127,12447",
                        "endColumns": "102,102,101,105,97,99,107,100",
                        "endOffsets": "3613,3716,3818,3924,4022,4122,4230,12543"
                    }
                },
                {
                    "source": "C:\\Users\\Rossiny\\.gradle\\caches\\8.11.1\\transforms\\c2f8b797c5d7cd2b2985198d6365455b\\transformed\\play-services-base-18.0.1\\res\\values-ne\\values.xml",
                    "from": {
                        "startLines": "4,5,6,7,8,9,10,11,12,13,14,15,16,17,18,19,20",
                        "startColumns": "0,0,0,0,0,0,0,0,0,0,0,0,0,0,0,0,0",
                        "startOffsets": "193,304,458,588,701,868,1000,1106,1207,1383,1493,1653,1782,1926,2074,2136,2204",
                        "endColumns": "110,153,129,112,166,131,105,100,175,109,159,128,143,147,61,67,87",
                        "endOffsets": "303,457,587,700,867,999,1105,1206,1382,1492,1652,1781,1925,2073,2135,2203,2291"
                    },
                    "to": {
                        "startLines": "48,49,50,51,52,53,54,55,57,58,59,60,61,62,63,64,65",
                        "startColumns": "4,4,4,4,4,4,4,4,4,4,4,4,4,4,4,4,4",
                        "startOffsets": "4534,4649,4807,4941,5058,5229,5365,5475,5744,5924,6038,6202,6335,6483,6635,6701,6773",
                        "endColumns": "114,157,133,116,170,135,109,104,179,113,163,132,147,151,65,71,91",
                        "endOffsets": "4644,4802,4936,5053,5224,5360,5470,5575,5919,6033,6197,6330,6478,6630,6696,6768,6860"
                    }
                },
                {
                    "source": "C:\\Users\\Rossiny\\.gradle\\caches\\8.11.1\\transforms\\98d997c6ad2b168db11d30212b38e419\\transformed\\navigation-ui-2.7.7\\res\\values-ne\\values-ne.xml",
                    "from": {
                        "startLines": "2,3",
                        "startColumns": "4,4",
                        "startOffsets": "55,172",
                        "endColumns": "116,119",
                        "endOffsets": "167,287"
                    },
                    "to": {
                        "startLines": "129,130",
                        "startColumns": "4,4",
                        "startOffsets": "12046,12163",
                        "endColumns": "116,119",
                        "endOffsets": "12158,12278"
                    }
                },
                {
                    "source": "C:\\Users\\Rossiny\\.gradle\\caches\\8.11.1\\transforms\\b1b8f4a1ab2a73d86dfa9e96bf6b879a\\transformed\\material-1.11.0\\res\\values-ne\\values-ne.xml",
                    "from": {
                        "startLines": "2,6,7,8,9,10,11,12,13,14,15,16,17,18,19,20,21,22,23,24,25,26,27,28,29,30,31,32,33,34,35,36,37,38,39,40,41,42,43,44,45,46,47,48,49,50,51,52,53,54,55,56,57,58,59,60,61,62,63,64,65,66,67,68,69,70,71,72,73",
                        "startColumns": "4,4,4,4,4,4,4,4,4,4,4,4,4,4,4,4,4,4,4,4,4,4,4,4,4,4,4,4,4,4,4,4,4,4,4,4,4,4,4,4,4,4,4,4,4,4,4,4,4,4,4,4,4,4,4,4,4,4,4,4,4,4,4,4,4,4,4,4,4",
                        "startOffsets": "100,262,351,439,521,616,705,807,917,1004,1070,1166,1232,1293,1398,1462,1534,1592,1666,1728,1782,1895,1955,2016,2075,2153,2277,2358,2443,2579,2660,2743,2874,2957,3043,3105,3159,3225,3302,3381,3469,3552,3621,3697,3778,3846,3950,4041,4119,4212,4309,4383,4462,4560,4620,4708,4774,4862,4950,5012,5080,5143,5209,5314,5420,5515,5620,5686,5744",
                        "endLines": "5,6,7,8,9,10,11,12,13,14,15,16,17,18,19,20,21,22,23,24,25,26,27,28,29,30,31,32,33,34,35,36,37,38,39,40,41,42,43,44,45,46,47,48,49,50,51,52,53,54,55,56,57,58,59,60,61,62,63,64,65,66,67,68,69,70,71,72,73",
                        "endColumns": "12,88,87,81,94,88,101,109,86,65,95,65,60,104,63,71,57,73,61,53,112,59,60,58,77,123,80,84,135,80,82,130,82,85,61,53,65,76,78,87,82,68,75,80,67,103,90,77,92,96,73,78,97,59,87,65,87,87,61,67,62,65,104,105,94,104,65,57,83",
                        "endOffsets": "257,346,434,516,611,700,802,912,999,1065,1161,1227,1288,1393,1457,1529,1587,1661,1723,1777,1890,1950,2011,2070,2148,2272,2353,2438,2574,2655,2738,2869,2952,3038,3100,3154,3220,3297,3376,3464,3547,3616,3692,3773,3841,3945,4036,4114,4207,4304,4378,4457,4555,4615,4703,4769,4857,4945,5007,5075,5138,5204,5309,5415,5510,5615,5681,5739,5823"
                    },
                    "to": {
                        "startLines": "2,33,34,35,36,37,45,46,47,67,68,72,73,74,75,76,77,78,79,80,81,82,83,84,85,86,87,88,89,90,91,92,93,94,95,96,97,98,99,100,101,102,103,104,105,106,107,108,109,110,111,112,113,114,115,116,117,118,119,120,121,122,123,124,125,126,127,128,131",
                        "startColumns": "4,4,4,4,4,4,4,4,4,4,4,4,4,4,4,4,4,4,4,4,4,4,4,4,4,4,4,4,4,4,4,4,4,4,4,4,4,4,4,4,4,4,4,4,4,4,4,4,4,4,4,4,4,4,4,4,4,4,4,4,4,4,4,4,4,4,4,4,4",
                        "startOffsets": "150,3072,3161,3249,3331,3426,4235,4337,4447,6972,7038,7468,7534,7595,7700,7764,7836,7894,7968,8030,8084,8197,8257,8318,8377,8455,8579,8660,8745,8881,8962,9045,9176,9259,9345,9407,9461,9527,9604,9683,9771,9854,9923,9999,10080,10148,10252,10343,10421,10514,10611,10685,10764,10862,10922,11010,11076,11164,11252,11314,11382,11445,11511,11616,11722,11817,11922,11988,12283",
                        "endLines": "5,33,34,35,36,37,45,46,47,67,68,72,73,74,75,76,77,78,79,80,81,82,83,84,85,86,87,88,89,90,91,92,93,94,95,96,97,98,99,100,101,102,103,104,105,106,107,108,109,110,111,112,113,114,115,116,117,118,119,120,121,122,123,124,125,126,127,128,131",
                        "endColumns": "12,88,87,81,94,88,101,109,86,65,95,65,60,104,63,71,57,73,61,53,112,59,60,58,77,123,80,84,135,80,82,130,82,85,61,53,65,76,78,87,82,68,75,80,67,103,90,77,92,96,73,78,97,59,87,65,87,87,61,67,62,65,104,105,94,104,65,57,83",
                        "endOffsets": "307,3156,3244,3326,3421,3510,4332,4442,4529,7033,7129,7529,7590,7695,7759,7831,7889,7963,8025,8079,8192,8252,8313,8372,8450,8574,8655,8740,8876,8957,9040,9171,9254,9340,9402,9456,9522,9599,9678,9766,9849,9918,9994,10075,10143,10247,10338,10416,10509,10606,10680,10759,10857,10917,11005,11071,11159,11247,11309,11377,11440,11506,11611,11717,11812,11917,11983,12041,12362"
                    }
                },
                {
                    "source": "C:\\Users\\Rossiny\\.gradle\\caches\\8.11.1\\transforms\\9bcede38129a084b13735da953ff89f0\\transformed\\browser-1.4.0\\res\\values-ne\\values-ne.xml",
                    "from": {
                        "startLines": "2,3,4,5",
                        "startColumns": "4,4,4,4",
                        "startOffsets": "55,162,274,388",
                        "endColumns": "106,111,113,107",
                        "endOffsets": "157,269,383,491"
                    },
                    "to": {
                        "startLines": "66,69,70,71",
                        "startColumns": "4,4,4,4",
                        "startOffsets": "6865,7134,7246,7360",
                        "endColumns": "106,111,113,107",
                        "endOffsets": "6967,7241,7355,7463"
                    }
                },
                {
                    "source": "C:\\Users\\Rossiny\\.gradle\\caches\\8.11.1\\transforms\\e4b927923af59ee9d2fa5c4898a419bd\\transformed\\appcompat-1.6.1\\res\\values-ne\\values-ne.xml",
                    "from": {
                        "startLines": "2,3,4,5,6,7,8,9,10,11,12,13,14,15,16,17,18,19,20,21,22,23,24,25,26,27,28,29",
                        "startColumns": "4,4,4,4,4,4,4,4,4,4,4,4,4,4,4,4,4,4,4,4,4,4,4,4,4,4,4,4",
                        "startOffsets": "105,214,325,433,524,631,751,835,914,1005,1098,1193,1287,1387,1480,1575,1669,1760,1851,1937,2050,2151,2247,2360,2470,2587,2754,2865",
                        "endColumns": "108,110,107,90,106,119,83,78,90,92,94,93,99,92,94,93,90,90,85,112,100,95,112,109,116,166,110,79",
                        "endOffsets": "209,320,428,519,626,746,830,909,1000,1093,1188,1282,1382,1475,1570,1664,1755,1846,1932,2045,2146,2242,2355,2465,2582,2749,2860,2940"
                    },
                    "to": {
                        "startLines": "6,7,8,9,10,11,12,13,14,15,16,17,18,19,20,21,22,23,24,25,26,27,28,29,30,31,32,132",
                        "startColumns": "4,4,4,4,4,4,4,4,4,4,4,4,4,4,4,4,4,4,4,4,4,4,4,4,4,4,4,4",
                        "startOffsets": "312,421,532,640,731,838,958,1042,1121,1212,1305,1400,1494,1594,1687,1782,1876,1967,2058,2144,2257,2358,2454,2567,2677,2794,2961,12367",
                        "endColumns": "108,110,107,90,106,119,83,78,90,92,94,93,99,92,94,93,90,90,85,112,100,95,112,109,116,166,110,79",
                        "endOffsets": "416,527,635,726,833,953,1037,1116,1207,1300,1395,1489,1589,1682,1777,1871,1962,2053,2139,2252,2353,2449,2562,2672,2789,2956,3067,12442"
                    }
                }
            ]
        }
    ]
}