<?xml version="1.0" encoding="utf-8"?>
<resources>
    <string-array name="tipos_acerto">
        <item>Presencial</item>
        <item>por WhatsApp</item>
    </string-array>
    <color name="accent_light">#E1BEE7</color>
    <color name="accent_primary">#BB86FC</color>
    <color name="accent_primary_alpha">#33BB86FC</color>
    <color name="accent_purple">#BB86FC</color>
    <color name="background_dark">#121212</color>
    <color name="background_light">#FAFAFA</color>
    <color name="background_primary">#121212</color>
    <color name="black">#FF000000</color>
    <color name="black_overlay">#66000000</color>
    <color name="blue_100">#BBDEFB</color>
    <color name="blue_50">#E3F2FD</color>
    <color name="blue_600">#1E88E5</color>
    <color name="blue_700">#1976D2</color>
    <color name="bottom_nav_background">#1F1F1F</color>
    <color name="bottom_nav_selected">#6200EA</color>
    <color name="bottom_nav_unselected">#888888</color>
    <color name="button_background">#6200EA</color>
    <color name="button_disabled">#444444</color>
    <color name="card_background">#FFFFFF</color>
    <color name="card_background_dark">#2C2C2C</color>
    <color name="card_stroke">#22000000</color>
    <color name="colorAccent">@color/accent_purple</color>
    <color name="colorPrimary">@color/primary_purple</color>
    <color name="colorPrimaryDark">@color/primary_purple_dark</color>
    <color name="divider_color">#333333</color>
    <color name="error">#F44336</color>
    <color name="error_color">#F44336</color>
    <color name="error_red">#F44336</color>
    <color name="gray_100">#F5F5F5</color>
    <color name="gray_200">#EEEEEE</color>
    <color name="gray_300">#E0E0E0</color>
    <color name="gray_400">#BDBDBD</color>
    <color name="gray_50">#FAFAFA</color>
    <color name="gray_500">#9E9E9E</color>
    <color name="gray_600">#757575</color>
    <color name="gray_700">#616161</color>
    <color name="gray_800">#424242</color>
    <color name="gray_900">#212121</color>
    <color name="green_100">#C8E6C9</color>
    <color name="green_200">#C8E6C9</color>
    <color name="green_50">#E8F5E8</color>
    <color name="green_500">#4CAF50</color>
    <color name="green_600">#43A047</color>
    <color name="green_700">#388E3C</color>
    <color name="info">#2196F3</color>
    <color name="on_surface_variant">#6C757D</color>
    <color name="orange_100">#FFE0B2</color>
    <color name="orange_200">#FFE0B2</color>
    <color name="orange_50">#FFF3E0</color>
    <color name="orange_500">#FF9800</color>
    <color name="orange_600">#FB8C00</color>
    <color name="orange_700">#F57C00</color>
    <color name="primary_600">#5300D4</color>
    <color name="primary_dark">#4A148C</color>
    <color name="primary_purple">#6200EA</color>
    <color name="primary_purple_dark">#3700B3</color>
    <color name="purple_200">#FFBB86FC</color>
    <color name="purple_50">#F3E5F5</color>
    <color name="purple_500">#FF6200EA</color>
    <color name="purple_600">#6200EA</color>
    <color name="purple_700">#3700B3</color>
    <color name="red_100">#FFCDD2</color>
    <color name="red_50">#FFEBEE</color>
    <color name="red_500">#F44336</color>
    <color name="red_600">#E53935</color>
    <color name="red_700">#D32F2F</color>
    <color name="success">#4CAF50</color>
    <color name="success_green">#4CAF50</color>
    <color name="surface_dark">#1E1E1E</color>
    <color name="surface_primary">#1E1E1E</color>
    <color name="surface_secondary">#2C2C2C</color>
    <color name="surface_variant">#F3F3F3</color>
    <color name="teal_200">#FF03DAC5</color>
    <color name="teal_700">#FF018786</color>
    <color name="text_disabled">#666666</color>
    <color name="text_primary">#FFFFFF</color>
    <color name="text_secondary">#B3B3B3</color>
    <color name="transparent">#00FFFFFF</color>
    <color name="warning">#FF9800</color>
    <color name="warning_orange">#FF9800</color>
    <color name="white">#FFFFFFFF</color>
    <color name="white_overlay">#66FFFFFF</color>
    <color name="yellow_100">#FFF9C4</color>
    <color name="yellow_50">#FFFDE7</color>
    <color name="yellow_600">#FDD835</color>
    <color name="yellow_700">#F9A825</color>
    <string name="app_name">GestaoBilhares</string>
    <string name="default_web_client_id" translatable="false">1089459035145-d55o1h307gaedp4v03cuchr6s6nn2lhg.apps.googleusercontent.com</string>
    <string name="gcm_defaultSenderId" translatable="false">1089459035145</string>
    <string name="google_api_key" translatable="false">AIzaSyDb2s1PsqfZMQCswQMj2tmcV_e6DMSv0i4</string>
    <string name="google_app_id" translatable="false">1:1089459035145:android:2d3b94222b1506a844acd8</string>
    <string name="google_crash_reporting_api_key" translatable="false">AIzaSyDb2s1PsqfZMQCswQMj2tmcV_e6DMSv0i4</string>
    <string name="google_storage_bucket" translatable="false">gestaobilhares.firebasestorage.app</string>
    <string name="project_id" translatable="false">gestaobilhares</string>
    <string name="voltar">Voltar</string>
    <style name="DarkDialogTheme" parent="Theme.Material3.DayNight.Dialog">
        <item name="android:colorBackground">#23273A</item>
        <item name="android:textColorPrimary">#FFFFFF</item>
        <item name="android:textColorSecondary">#99FFFFFF</item>
        <item name="colorPrimary">#A68EFF</item>
        <item name="colorAccent">#A68EFF</item>
        <item name="android:windowBackground">#23273A</item>
        <item name="colorSurface">#23273A</item>
        <item name="colorOnSurface">#FFFFFF</item>
        <item name="colorOutline">#938F99</item>
    </style>
    <style name="Theme.GestaoBilhares" parent="Theme.Material3.DayNight.NoActionBar">
        
        <item name="colorPrimary">#A68EFF</item>
        <item name="colorOnPrimary">#FFFFFF</item>
        <item name="colorPrimaryContainer">#2D1B69</item>
        <item name="colorOnPrimaryContainer">#E8DDFF</item>
        
        
        <item name="colorSecondary">#CCC2DC</item>
        <item name="colorOnSecondary">#332D41</item>
        <item name="colorSecondaryContainer">#4A4458</item>
        <item name="colorOnSecondaryContainer">#E8DDFF</item>
        
        
        <item name="colorSurface">#1C1B1F</item>
        <item name="colorOnSurface">#E6E1E5</item>
        <item name="colorSurfaceVariant">#49454F</item>
        <item name="colorOnSurfaceVariant">#CAC4D0</item>
        
        
        <item name="colorOutline">#938F99</item>
        <item name="colorOutlineVariant">#49454F</item>
        
        
        <item name="android:colorBackground">#1C1B1F</item>
        <item name="colorOnBackground">#E6E1E5</item>
        
        
        <item name="colorError">#F2B8B5</item>
        <item name="colorOnError">#601410</item>
        <item name="colorErrorContainer">#8C1D18</item>
        <item name="colorOnErrorContainer">#F9DEDC</item>
        
        
        <item name="android:statusBarColor">@android:color/transparent</item>
        <item name="android:windowLightStatusBar">false</item>
    </style>
</resources>