{
    "logs": [
        {
            "outputFile": "com.example.gestaobilhares.app-mergeDebugResources-54:/values-pt-rPT/values-pt-rPT.xml",
            "map": [
                {
                    "source": "C:\\Users\\Rossiny\\.gradle\\caches\\8.11.1\\transforms\\2be5097ed239e2923198782eab3fa440\\transformed\\play-services-basement-18.1.0\\res\\values-pt-rPT\\values.xml",
                    "from": {
                        "startLines": "4",
                        "startColumns": "0",
                        "startOffsets": "199",
                        "endColumns": "140",
                        "endOffsets": "339"
                    },
                    "to": {
                        "startLines": "56",
                        "startColumns": "4",
                        "startOffsets": "5559",
                        "endColumns": "144",
                        "endOffsets": "5699"
                    }
                },
                {
                    "source": "C:\\Users\\Rossiny\\.gradle\\caches\\8.11.1\\transforms\\9bcede38129a084b13735da953ff89f0\\transformed\\browser-1.4.0\\res\\values-pt-rPT\\values-pt-rPT.xml",
                    "from": {
                        "startLines": "2,3,4,5",
                        "startColumns": "4,4,4,4",
                        "startOffsets": "55,171,270,382",
                        "endColumns": "115,98,111,102",
                        "endOffsets": "166,265,377,480"
                    },
                    "to": {
                        "startLines": "66,69,70,71",
                        "startColumns": "4,4,4,4",
                        "startOffsets": "6862,7134,7233,7345",
                        "endColumns": "115,98,111,102",
                        "endOffsets": "6973,7228,7340,7443"
                    }
                },
                {
                    "source": "C:\\Users\\Rossiny\\.gradle\\caches\\8.11.1\\transforms\\f8df79fe5a4781fd0bcc5bc761f7aa23\\transformed\\core-1.12.0\\res\\values-pt-rPT\\values-pt-rPT.xml",
                    "from": {
                        "startLines": "2,3,4,5,6,7,8,9",
                        "startColumns": "4,4,4,4,4,4,4,4",
                        "startOffsets": "55,152,254,353,453,560,666,787",
                        "endColumns": "96,101,98,99,106,105,120,100",
                        "endOffsets": "147,249,348,448,555,661,782,883"
                    },
                    "to": {
                        "startLines": "38,39,40,41,42,43,44,133",
                        "startColumns": "4,4,4,4,4,4,4,4",
                        "startOffsets": "3492,3589,3691,3790,3890,3997,4103,12463",
                        "endColumns": "96,101,98,99,106,105,120,100",
                        "endOffsets": "3584,3686,3785,3885,3992,4098,4219,12559"
                    }
                },
                {
                    "source": "C:\\Users\\Rossiny\\.gradle\\caches\\8.11.1\\transforms\\c2f8b797c5d7cd2b2985198d6365455b\\transformed\\play-services-base-18.0.1\\res\\values-pt-rPT\\values.xml",
                    "from": {
                        "startLines": "4,5,6,7,8,9,10,11,12,13,14,15,16,17,18,19,20",
                        "startColumns": "0,0,0,0,0,0,0,0,0,0,0,0,0,0,0,0,0",
                        "startOffsets": "197,298,457,581,685,849,973,1091,1196,1380,1484,1650,1777,1932,2106,2170,2235",
                        "endColumns": "100,158,123,103,163,123,117,104,183,103,165,126,154,173,63,64,82",
                        "endOffsets": "297,456,580,684,848,972,1090,1195,1379,1483,1649,1776,1931,2105,2169,2234,2317"
                    },
                    "to": {
                        "startLines": "48,49,50,51,52,53,54,55,57,58,59,60,61,62,63,64,65",
                        "startColumns": "4,4,4,4,4,4,4,4,4,4,4,4,4,4,4,4,4",
                        "startOffsets": "4528,4633,4796,4924,5032,5200,5328,5450,5704,5892,6000,6170,6301,6460,6638,6706,6775",
                        "endColumns": "104,162,127,107,167,127,121,108,187,107,169,130,158,177,67,68,86",
                        "endOffsets": "4628,4791,4919,5027,5195,5323,5445,5554,5887,5995,6165,6296,6455,6633,6701,6770,6857"
                    }
                },
                {
                    "source": "C:\\Users\\Rossiny\\.gradle\\caches\\8.11.1\\transforms\\98d997c6ad2b168db11d30212b38e419\\transformed\\navigation-ui-2.7.7\\res\\values-pt-rPT\\values-pt-rPT.xml",
                    "from": {
                        "startLines": "2,3",
                        "startColumns": "4,4",
                        "startOffsets": "55,167",
                        "endColumns": "111,119",
                        "endOffsets": "162,282"
                    },
                    "to": {
                        "startLines": "129,130",
                        "startColumns": "4,4",
                        "startOffsets": "12059,12171",
                        "endColumns": "111,119",
                        "endOffsets": "12166,12286"
                    }
                },
                {
                    "source": "C:\\Users\\Rossiny\\.gradle\\caches\\8.11.1\\transforms\\b1b8f4a1ab2a73d86dfa9e96bf6b879a\\transformed\\material-1.11.0\\res\\values-pt-rPT\\values-pt-rPT.xml",
                    "from": {
                        "startLines": "2,6,7,8,9,10,11,12,13,14,15,16,17,18,19,20,21,22,23,24,25,26,27,28,29,30,31,32,33,34,35,36,37,38,39,40,41,42,43,44,45,46,47,48,49,50,51,52,53,54,55,56,57,58,59,60,61,62,63,64,65,66,67,68,69,70,71,72,73",
                        "startColumns": "4,4,4,4,4,4,4,4,4,4,4,4,4,4,4,4,4,4,4,4,4,4,4,4,4,4,4,4,4,4,4,4,4,4,4,4,4,4,4,4,4,4,4,4,4,4,4,4,4,4,4,4,4,4,4,4,4,4,4,4,4,4,4,4,4,4,4,4,4",
                        "startOffsets": "100,273,354,434,516,615,711,814,934,1015,1079,1171,1250,1315,1405,1469,1537,1599,1672,1736,1790,1916,1974,2036,2090,2166,2309,2396,2478,2617,2699,2781,2917,3004,3084,3140,3191,3257,3332,3412,3499,3578,3651,3728,3801,3875,3982,4075,4152,4245,4343,4417,4498,4597,4650,4734,4800,4889,4977,5039,5103,5166,5234,5350,5458,5565,5667,5727,5782",
                        "endLines": "5,6,7,8,9,10,11,12,13,14,15,16,17,18,19,20,21,22,23,24,25,26,27,28,29,30,31,32,33,34,35,36,37,38,39,40,41,42,43,44,45,46,47,48,49,50,51,52,53,54,55,56,57,58,59,60,61,62,63,64,65,66,67,68,69,70,71,72,73",
                        "endColumns": "12,80,79,81,98,95,102,119,80,63,91,78,64,89,63,67,61,72,63,53,125,57,61,53,75,142,86,81,138,81,81,135,86,79,55,50,65,74,79,86,78,72,76,72,73,106,92,76,92,97,73,80,98,52,83,65,88,87,61,63,62,67,115,107,106,101,59,54,85",
                        "endOffsets": "268,349,429,511,610,706,809,929,1010,1074,1166,1245,1310,1400,1464,1532,1594,1667,1731,1785,1911,1969,2031,2085,2161,2304,2391,2473,2612,2694,2776,2912,2999,3079,3135,3186,3252,3327,3407,3494,3573,3646,3723,3796,3870,3977,4070,4147,4240,4338,4412,4493,4592,4645,4729,4795,4884,4972,5034,5098,5161,5229,5345,5453,5560,5662,5722,5777,5863"
                    },
                    "to": {
                        "startLines": "2,33,34,35,36,37,45,46,47,67,68,72,73,74,75,76,77,78,79,80,81,82,83,84,85,86,87,88,89,90,91,92,93,94,95,96,97,98,99,100,101,102,103,104,105,106,107,108,109,110,111,112,113,114,115,116,117,118,119,120,121,122,123,124,125,126,127,128,131",
                        "startColumns": "4,4,4,4,4,4,4,4,4,4,4,4,4,4,4,4,4,4,4,4,4,4,4,4,4,4,4,4,4,4,4,4,4,4,4,4,4,4,4,4,4,4,4,4,4,4,4,4,4,4,4,4,4,4,4,4,4,4,4,4,4,4,4,4,4,4,4,4,4",
                        "startOffsets": "150,3054,3135,3215,3297,3396,4224,4327,4447,6978,7042,7448,7527,7592,7682,7746,7814,7876,7949,8013,8067,8193,8251,8313,8367,8443,8586,8673,8755,8894,8976,9058,9194,9281,9361,9417,9468,9534,9609,9689,9776,9855,9928,10005,10078,10152,10259,10352,10429,10522,10620,10694,10775,10874,10927,11011,11077,11166,11254,11316,11380,11443,11511,11627,11735,11842,11944,12004,12291",
                        "endLines": "5,33,34,35,36,37,45,46,47,67,68,72,73,74,75,76,77,78,79,80,81,82,83,84,85,86,87,88,89,90,91,92,93,94,95,96,97,98,99,100,101,102,103,104,105,106,107,108,109,110,111,112,113,114,115,116,117,118,119,120,121,122,123,124,125,126,127,128,131",
                        "endColumns": "12,80,79,81,98,95,102,119,80,63,91,78,64,89,63,67,61,72,63,53,125,57,61,53,75,142,86,81,138,81,81,135,86,79,55,50,65,74,79,86,78,72,76,72,73,106,92,76,92,97,73,80,98,52,83,65,88,87,61,63,62,67,115,107,106,101,59,54,85",
                        "endOffsets": "318,3130,3210,3292,3391,3487,4322,4442,4523,7037,7129,7522,7587,7677,7741,7809,7871,7944,8008,8062,8188,8246,8308,8362,8438,8581,8668,8750,8889,8971,9053,9189,9276,9356,9412,9463,9529,9604,9684,9771,9850,9923,10000,10073,10147,10254,10347,10424,10517,10615,10689,10770,10869,10922,11006,11072,11161,11249,11311,11375,11438,11506,11622,11730,11837,11939,11999,12054,12372"
                    }
                },
                {
                    "source": "C:\\Users\\Rossiny\\.gradle\\caches\\8.11.1\\transforms\\e4b927923af59ee9d2fa5c4898a419bd\\transformed\\appcompat-1.6.1\\res\\values-pt-rPT\\values-pt-rPT.xml",
                    "from": {
                        "startLines": "2,3,4,5,6,7,8,9,10,11,12,13,14,15,16,17,18,19,20,21,22,23,24,25,26,27,28,29",
                        "startColumns": "4,4,4,4,4,4,4,4,4,4,4,4,4,4,4,4,4,4,4,4,4,4,4,4,4,4,4,4",
                        "startOffsets": "105,213,319,426,515,616,734,819,899,991,1085,1182,1276,1375,1469,1565,1660,1752,1844,1929,2036,2147,2249,2357,2465,2572,2737,2836",
                        "endColumns": "107,105,106,88,100,117,84,79,91,93,96,93,98,93,95,94,91,91,84,106,110,101,107,107,106,164,98,85",
                        "endOffsets": "208,314,421,510,611,729,814,894,986,1080,1177,1271,1370,1464,1560,1655,1747,1839,1924,2031,2142,2244,2352,2460,2567,2732,2831,2917"
                    },
                    "to": {
                        "startLines": "6,7,8,9,10,11,12,13,14,15,16,17,18,19,20,21,22,23,24,25,26,27,28,29,30,31,32,132",
                        "startColumns": "4,4,4,4,4,4,4,4,4,4,4,4,4,4,4,4,4,4,4,4,4,4,4,4,4,4,4,4",
                        "startOffsets": "323,431,537,644,733,834,952,1037,1117,1209,1303,1400,1494,1593,1687,1783,1878,1970,2062,2147,2254,2365,2467,2575,2683,2790,2955,12377",
                        "endColumns": "107,105,106,88,100,117,84,79,91,93,96,93,98,93,95,94,91,91,84,106,110,101,107,107,106,164,98,85",
                        "endOffsets": "426,532,639,728,829,947,1032,1112,1204,1298,1395,1489,1588,1682,1778,1873,1965,2057,2142,2249,2360,2462,2570,2678,2785,2950,3049,12458"
                    }
                }
            ]
        }
    ]
}