{
    "logs": [
        {
            "outputFile": "com.example.gestaobilhares.app-mergeDebugResources-54:/values-bn/values-bn.xml",
            "map": [
                {
                    "source": "C:\\Users\\Rossiny\\.gradle\\caches\\8.11.1\\transforms\\e4b927923af59ee9d2fa5c4898a419bd\\transformed\\appcompat-1.6.1\\res\\values-bn\\values-bn.xml",
                    "from": {
                        "startLines": "2,3,4,5,6,7,8,9,10,11,12,13,14,15,16,17,18,19,20,21,22,23,24,25,26,27,28,29",
                        "startColumns": "4,4,4,4,4,4,4,4,4,4,4,4,4,4,4,4,4,4,4,4,4,4,4,4,4,4,4,4",
                        "startOffsets": "105,213,319,425,514,619,740,823,905,996,1089,1183,1277,1377,1470,1565,1659,1750,1841,1927,2037,2141,2244,2352,2460,2565,2730,2835",
                        "endColumns": "107,105,105,88,104,120,82,81,90,92,93,93,99,92,94,93,90,90,85,109,103,102,107,107,104,164,104,86",
                        "endOffsets": "208,314,420,509,614,735,818,900,991,1084,1178,1272,1372,1465,1560,1654,1745,1836,1922,2032,2136,2239,2347,2455,2560,2725,2830,2917"
                    },
                    "to": {
                        "startLines": "6,7,8,9,10,11,12,13,14,15,16,17,18,19,20,21,22,23,24,25,26,27,28,29,30,31,32,132",
                        "startColumns": "4,4,4,4,4,4,4,4,4,4,4,4,4,4,4,4,4,4,4,4,4,4,4,4,4,4,4,4",
                        "startOffsets": "321,429,535,641,730,835,956,1039,1121,1212,1305,1399,1493,1593,1686,1781,1875,1966,2057,2143,2253,2357,2460,2568,2676,2781,2946,12085",
                        "endColumns": "107,105,105,88,104,120,82,81,90,92,93,93,99,92,94,93,90,90,85,109,103,102,107,107,104,164,104,86",
                        "endOffsets": "424,530,636,725,830,951,1034,1116,1207,1300,1394,1488,1588,1681,1776,1870,1961,2052,2138,2248,2352,2455,2563,2671,2776,2941,3046,12167"
                    }
                },
                {
                    "source": "C:\\Users\\Rossiny\\.gradle\\caches\\8.11.1\\transforms\\f8df79fe5a4781fd0bcc5bc761f7aa23\\transformed\\core-1.12.0\\res\\values-bn\\values-bn.xml",
                    "from": {
                        "startLines": "2,3,4,5,6,7,8,9",
                        "startColumns": "4,4,4,4,4,4,4,4",
                        "startOffsets": "55,154,256,358,461,562,664,784",
                        "endColumns": "98,101,101,102,100,101,119,100",
                        "endOffsets": "149,251,353,456,557,659,779,880"
                    },
                    "to": {
                        "startLines": "38,39,40,41,42,43,44,133",
                        "startColumns": "4,4,4,4,4,4,4,4",
                        "startOffsets": "3518,3617,3719,3821,3924,4025,4127,12172",
                        "endColumns": "98,101,101,102,100,101,119,100",
                        "endOffsets": "3612,3714,3816,3919,4020,4122,4242,12268"
                    }
                },
                {
                    "source": "C:\\Users\\Rossiny\\.gradle\\caches\\8.11.1\\transforms\\2be5097ed239e2923198782eab3fa440\\transformed\\play-services-basement-18.1.0\\res\\values-bn\\values.xml",
                    "from": {
                        "startLines": "4",
                        "startColumns": "0",
                        "startOffsets": "195",
                        "endColumns": "147",
                        "endOffsets": "342"
                    },
                    "to": {
                        "startLines": "56",
                        "startColumns": "4",
                        "startOffsets": "5530",
                        "endColumns": "151",
                        "endOffsets": "5677"
                    }
                },
                {
                    "source": "C:\\Users\\Rossiny\\.gradle\\caches\\8.11.1\\transforms\\98d997c6ad2b168db11d30212b38e419\\transformed\\navigation-ui-2.7.7\\res\\values-bn\\values-bn.xml",
                    "from": {
                        "startLines": "2,3",
                        "startColumns": "4,4",
                        "startOffsets": "55,167",
                        "endColumns": "111,116",
                        "endOffsets": "162,279"
                    },
                    "to": {
                        "startLines": "129,130",
                        "startColumns": "4,4",
                        "startOffsets": "11776,11888",
                        "endColumns": "111,116",
                        "endOffsets": "11883,12000"
                    }
                },
                {
                    "source": "C:\\Users\\Rossiny\\.gradle\\caches\\8.11.1\\transforms\\b1b8f4a1ab2a73d86dfa9e96bf6b879a\\transformed\\material-1.11.0\\res\\values-bn\\values-bn.xml",
                    "from": {
                        "startLines": "2,6,7,8,9,10,11,12,13,14,15,16,17,18,19,20,21,22,23,24,25,26,27,28,29,30,31,32,33,34,35,36,37,38,39,40,41,42,43,44,45,46,47,48,49,50,51,52,53,54,55,56,57,58,59,60,61,62,63,64,65,66,67,68,69,70,71,72,73",
                        "startColumns": "4,4,4,4,4,4,4,4,4,4,4,4,4,4,4,4,4,4,4,4,4,4,4,4,4,4,4,4,4,4,4,4,4,4,4,4,4,4,4,4,4,4,4,4,4,4,4,4,4,4,4,4,4,4,4,4,4,4,4,4,4,4,4,4,4,4,4,4,4",
                        "startOffsets": "100,271,369,462,545,646,738,842,959,1040,1106,1197,1263,1324,1414,1478,1545,1606,1675,1737,1791,1898,1957,2018,2072,2146,2266,2351,2435,2570,2641,2711,2843,2930,3013,3071,3127,3193,3266,3346,3441,3523,3592,3668,3748,3817,3926,4021,4104,4194,4289,4363,4437,4530,4584,4669,4736,4822,4907,4969,5033,5096,5162,5264,5363,5456,5555,5617,5677",
                        "endLines": "5,6,7,8,9,10,11,12,13,14,15,16,17,18,19,20,21,22,23,24,25,26,27,28,29,30,31,32,33,34,35,36,37,38,39,40,41,42,43,44,45,46,47,48,49,50,51,52,53,54,55,56,57,58,59,60,61,62,63,64,65,66,67,68,69,70,71,72,73",
                        "endColumns": "12,97,92,82,100,91,103,116,80,65,90,65,60,89,63,66,60,68,61,53,106,58,60,53,73,119,84,83,134,70,69,131,86,82,57,55,65,72,79,94,81,68,75,79,68,108,94,82,89,94,73,73,92,53,84,66,85,84,61,63,62,65,101,98,92,98,61,59,79",
                        "endOffsets": "266,364,457,540,641,733,837,954,1035,1101,1192,1258,1319,1409,1473,1540,1601,1670,1732,1786,1893,1952,2013,2067,2141,2261,2346,2430,2565,2636,2706,2838,2925,3008,3066,3122,3188,3261,3341,3436,3518,3587,3663,3743,3812,3921,4016,4099,4189,4284,4358,4432,4525,4579,4664,4731,4817,4902,4964,5028,5091,5157,5259,5358,5451,5550,5612,5672,5752"
                    },
                    "to": {
                        "startLines": "2,33,34,35,36,37,45,46,47,67,68,72,73,74,75,76,77,78,79,80,81,82,83,84,85,86,87,88,89,90,91,92,93,94,95,96,97,98,99,100,101,102,103,104,105,106,107,108,109,110,111,112,113,114,115,116,117,118,119,120,121,122,123,124,125,126,127,128,131",
                        "startColumns": "4,4,4,4,4,4,4,4,4,4,4,4,4,4,4,4,4,4,4,4,4,4,4,4,4,4,4,4,4,4,4,4,4,4,4,4,4,4,4,4,4,4,4,4,4,4,4,4,4,4,4,4,4,4,4,4,4,4,4,4,4,4,4,4,4,4,4,4,4",
                        "startOffsets": "150,3051,3149,3242,3325,3426,4247,4351,4468,6822,6888,7296,7362,7423,7513,7577,7644,7705,7774,7836,7890,7997,8056,8117,8171,8245,8365,8450,8534,8669,8740,8810,8942,9029,9112,9170,9226,9292,9365,9445,9540,9622,9691,9767,9847,9916,10025,10120,10203,10293,10388,10462,10536,10629,10683,10768,10835,10921,11006,11068,11132,11195,11261,11363,11462,11555,11654,11716,12005",
                        "endLines": "5,33,34,35,36,37,45,46,47,67,68,72,73,74,75,76,77,78,79,80,81,82,83,84,85,86,87,88,89,90,91,92,93,94,95,96,97,98,99,100,101,102,103,104,105,106,107,108,109,110,111,112,113,114,115,116,117,118,119,120,121,122,123,124,125,126,127,128,131",
                        "endColumns": "12,97,92,82,100,91,103,116,80,65,90,65,60,89,63,66,60,68,61,53,106,58,60,53,73,119,84,83,134,70,69,131,86,82,57,55,65,72,79,94,81,68,75,79,68,108,94,82,89,94,73,73,92,53,84,66,85,84,61,63,62,65,101,98,92,98,61,59,79",
                        "endOffsets": "316,3144,3237,3320,3421,3513,4346,4463,4544,6883,6974,7357,7418,7508,7572,7639,7700,7769,7831,7885,7992,8051,8112,8166,8240,8360,8445,8529,8664,8735,8805,8937,9024,9107,9165,9221,9287,9360,9440,9535,9617,9686,9762,9842,9911,10020,10115,10198,10288,10383,10457,10531,10624,10678,10763,10830,10916,11001,11063,11127,11190,11256,11358,11457,11550,11649,11711,11771,12080"
                    }
                },
                {
                    "source": "C:\\Users\\Rossiny\\.gradle\\caches\\8.11.1\\transforms\\9bcede38129a084b13735da953ff89f0\\transformed\\browser-1.4.0\\res\\values-bn\\values-bn.xml",
                    "from": {
                        "startLines": "2,3,4,5",
                        "startColumns": "4,4,4,4",
                        "startOffsets": "55,161,263,372",
                        "endColumns": "105,101,108,105",
                        "endOffsets": "156,258,367,473"
                    },
                    "to": {
                        "startLines": "66,69,70,71",
                        "startColumns": "4,4,4,4",
                        "startOffsets": "6716,6979,7081,7190",
                        "endColumns": "105,101,108,105",
                        "endOffsets": "6817,7076,7185,7291"
                    }
                },
                {
                    "source": "C:\\Users\\Rossiny\\.gradle\\caches\\8.11.1\\transforms\\c2f8b797c5d7cd2b2985198d6365455b\\transformed\\play-services-base-18.0.1\\res\\values-bn\\values.xml",
                    "from": {
                        "startLines": "4,5,6,7,8,9,10,11,12,13,14,15,16,17,18,19,20",
                        "startColumns": "0,0,0,0,0,0,0,0,0,0,0,0,0,0,0,0,0",
                        "startOffsets": "193,298,453,577,684,816,934,1042,1142,1281,1386,1538,1662,1791,1935,1991,2054",
                        "endColumns": "104,154,123,106,131,117,107,99,138,104,151,123,128,143,55,62,85",
                        "endOffsets": "297,452,576,683,815,933,1041,1141,1280,1385,1537,1661,1790,1934,1990,2053,2139"
                    },
                    "to": {
                        "startLines": "48,49,50,51,52,53,54,55,57,58,59,60,61,62,63,64,65",
                        "startColumns": "4,4,4,4,4,4,4,4,4,4,4,4,4,4,4,4,4",
                        "startOffsets": "4549,4658,4817,4945,5056,5192,5314,5426,5682,5825,5934,6090,6218,6351,6499,6559,6626",
                        "endColumns": "108,158,127,110,135,121,111,103,142,108,155,127,132,147,59,66,89",
                        "endOffsets": "4653,4812,4940,5051,5187,5309,5421,5525,5820,5929,6085,6213,6346,6494,6554,6621,6711"
                    }
                }
            ]
        }
    ]
}