{
    "logs": [
        {
            "outputFile": "com.example.gestaobilhares.app-mergeDebugResources-54:/values-w360dp-port-v13/values-w360dp-port-v13.xml",
            "map": [
                {
                    "source": "C:\\Users\\Rossiny\\.gradle\\caches\\8.11.1\\transforms\\b1b8f4a1ab2a73d86dfa9e96bf6b879a\\transformed\\material-1.11.0\\res\\values-w360dp-port-v13\\values-w360dp-port-v13.xml",
                    "from": {
                        "startLines": "2,3,4,5,6,7,8,9",
                        "startColumns": "4,4,4,4,4,4,4,4",
                        "startOffsets": "55,114,170,226,293,358,413,478",
                        "endColumns": "58,55,55,66,64,54,64,68",
                        "endOffsets": "109,165,221,288,353,408,473,542"
                    }
                }
            ]
        }
    ]
}