{
    "logs": [
        {
            "outputFile": "com.example.gestaobilhares.app-mergeDebugResources-54:/values-bg/values-bg.xml",
            "map": [
                {
                    "source": "C:\\Users\\Rossiny\\.gradle\\caches\\8.11.1\\transforms\\c2f8b797c5d7cd2b2985198d6365455b\\transformed\\play-services-base-18.0.1\\res\\values-bg\\values.xml",
                    "from": {
                        "startLines": "4,5,6,7,8,9,10,11,12,13,14,15,16,17,18,19,20",
                        "startColumns": "0,0,0,0,0,0,0,0,0,0,0,0,0,0,0,0,0",
                        "startOffsets": "193,298,459,590,697,860,991,1106,1211,1376,1484,1655,1789,1942,2104,2170,2225",
                        "endColumns": "104,160,130,106,162,130,114,104,164,107,170,133,152,161,65,54,68",
                        "endOffsets": "297,458,589,696,859,990,1105,1210,1375,1483,1654,1788,1941,2103,2169,2224,2293"
                    },
                    "to": {
                        "startLines": "48,49,50,51,52,53,54,55,57,58,59,60,61,62,63,64,65",
                        "startColumns": "4,4,4,4,4,4,4,4,4,4,4,4,4,4,4,4,4",
                        "startOffsets": "4595,4704,4869,5004,5115,5282,5417,5536,5783,5952,6064,6239,6377,6534,6700,6770,6829",
                        "endColumns": "108,164,134,110,166,134,118,108,168,111,174,137,156,165,69,58,72",
                        "endOffsets": "4699,4864,4999,5110,5277,5412,5531,5640,5947,6059,6234,6372,6529,6695,6765,6824,6897"
                    }
                },
                {
                    "source": "C:\\Users\\Rossiny\\.gradle\\caches\\8.11.1\\transforms\\f8df79fe5a4781fd0bcc5bc761f7aa23\\transformed\\core-1.12.0\\res\\values-bg\\values-bg.xml",
                    "from": {
                        "startLines": "2,3,4,5,6,7,8,9",
                        "startColumns": "4,4,4,4,4,4,4,4",
                        "startOffsets": "55,152,262,364,465,572,677,796",
                        "endColumns": "96,109,101,100,106,104,118,100",
                        "endOffsets": "147,257,359,460,567,672,791,892"
                    },
                    "to": {
                        "startLines": "38,39,40,41,42,43,44,133",
                        "startColumns": "4,4,4,4,4,4,4,4",
                        "startOffsets": "3537,3634,3744,3846,3947,4054,4159,12516",
                        "endColumns": "96,109,101,100,106,104,118,100",
                        "endOffsets": "3629,3739,3841,3942,4049,4154,4273,12612"
                    }
                },
                {
                    "source": "C:\\Users\\Rossiny\\.gradle\\caches\\8.11.1\\transforms\\98d997c6ad2b168db11d30212b38e419\\transformed\\navigation-ui-2.7.7\\res\\values-bg\\values-bg.xml",
                    "from": {
                        "startLines": "2,3",
                        "startColumns": "4,4",
                        "startOffsets": "55,168",
                        "endColumns": "112,123",
                        "endOffsets": "163,287"
                    },
                    "to": {
                        "startLines": "129,130",
                        "startColumns": "4,4",
                        "startOffsets": "12109,12222",
                        "endColumns": "112,123",
                        "endOffsets": "12217,12341"
                    }
                },
                {
                    "source": "C:\\Users\\Rossiny\\.gradle\\caches\\8.11.1\\transforms\\9bcede38129a084b13735da953ff89f0\\transformed\\browser-1.4.0\\res\\values-bg\\values-bg.xml",
                    "from": {
                        "startLines": "2,3,4,5",
                        "startColumns": "4,4,4,4",
                        "startOffsets": "55,166,274,386",
                        "endColumns": "110,107,111,109",
                        "endOffsets": "161,269,381,491"
                    },
                    "to": {
                        "startLines": "66,69,70,71",
                        "startColumns": "4,4,4,4",
                        "startOffsets": "6902,7176,7284,7396",
                        "endColumns": "110,107,111,109",
                        "endOffsets": "7008,7279,7391,7501"
                    }
                },
                {
                    "source": "C:\\Users\\Rossiny\\.gradle\\caches\\8.11.1\\transforms\\b1b8f4a1ab2a73d86dfa9e96bf6b879a\\transformed\\material-1.11.0\\res\\values-bg\\values-bg.xml",
                    "from": {
                        "startLines": "2,6,7,8,9,10,11,12,13,14,15,16,17,18,19,20,21,22,23,24,25,26,27,28,29,30,31,32,33,34,35,36,37,38,39,40,41,42,43,44,45,46,47,48,49,50,51,52,53,54,55,56,57,58,59,60,61,62,63,64,65,66,67,68,69,70,71,72,73",
                        "startColumns": "4,4,4,4,4,4,4,4,4,4,4,4,4,4,4,4,4,4,4,4,4,4,4,4,4,4,4,4,4,4,4,4,4,4,4,4,4,4,4,4,4,4,4,4,4,4,4,4,4,4,4,4,4,4,4,4,4,4,4,4,4,4,4,4,4,4,4,4,4",
                        "startOffsets": "100,265,344,423,506,628,738,833,966,1055,1121,1218,1298,1360,1449,1512,1577,1636,1709,1772,1826,1954,2011,2073,2127,2200,2343,2427,2515,2651,2739,2827,2963,3048,3125,3178,3229,3295,3370,3446,3532,3611,3688,3764,3841,3915,4027,4118,4193,4284,4376,4450,4537,4628,4683,4765,4831,4914,5000,5062,5126,5189,5259,5376,5488,5599,5709,5766,5821",
                        "endLines": "5,6,7,8,9,10,11,12,13,14,15,16,17,18,19,20,21,22,23,24,25,26,27,28,29,30,31,32,33,34,35,36,37,38,39,40,41,42,43,44,45,46,47,48,49,50,51,52,53,54,55,56,57,58,59,60,61,62,63,64,65,66,67,68,69,70,71,72,73",
                        "endColumns": "12,78,78,82,121,109,94,132,88,65,96,79,61,88,62,64,58,72,62,53,127,56,61,53,72,142,83,87,135,87,87,135,84,76,52,50,65,74,75,85,78,76,75,76,73,111,90,74,90,91,73,86,90,54,81,65,82,85,61,63,62,69,116,111,110,109,56,54,85",
                        "endOffsets": "260,339,418,501,623,733,828,961,1050,1116,1213,1293,1355,1444,1507,1572,1631,1704,1767,1821,1949,2006,2068,2122,2195,2338,2422,2510,2646,2734,2822,2958,3043,3120,3173,3224,3290,3365,3441,3527,3606,3683,3759,3836,3910,4022,4113,4188,4279,4371,4445,4532,4623,4678,4760,4826,4909,4995,5057,5121,5184,5254,5371,5483,5594,5704,5761,5816,5902"
                    },
                    "to": {
                        "startLines": "2,33,34,35,36,37,45,46,47,67,68,72,73,74,75,76,77,78,79,80,81,82,83,84,85,86,87,88,89,90,91,92,93,94,95,96,97,98,99,100,101,102,103,104,105,106,107,108,109,110,111,112,113,114,115,116,117,118,119,120,121,122,123,124,125,126,127,128,131",
                        "startColumns": "4,4,4,4,4,4,4,4,4,4,4,4,4,4,4,4,4,4,4,4,4,4,4,4,4,4,4,4,4,4,4,4,4,4,4,4,4,4,4,4,4,4,4,4,4,4,4,4,4,4,4,4,4,4,4,4,4,4,4,4,4,4,4,4,4,4,4,4,4",
                        "startOffsets": "150,3064,3143,3222,3305,3427,4278,4373,4506,7013,7079,7506,7586,7648,7737,7800,7865,7924,7997,8060,8114,8242,8299,8361,8415,8488,8631,8715,8803,8939,9027,9115,9251,9336,9413,9466,9517,9583,9658,9734,9820,9899,9976,10052,10129,10203,10315,10406,10481,10572,10664,10738,10825,10916,10971,11053,11119,11202,11288,11350,11414,11477,11547,11664,11776,11887,11997,12054,12346",
                        "endLines": "5,33,34,35,36,37,45,46,47,67,68,72,73,74,75,76,77,78,79,80,81,82,83,84,85,86,87,88,89,90,91,92,93,94,95,96,97,98,99,100,101,102,103,104,105,106,107,108,109,110,111,112,113,114,115,116,117,118,119,120,121,122,123,124,125,126,127,128,131",
                        "endColumns": "12,78,78,82,121,109,94,132,88,65,96,79,61,88,62,64,58,72,62,53,127,56,61,53,72,142,83,87,135,87,87,135,84,76,52,50,65,74,75,85,78,76,75,76,73,111,90,74,90,91,73,86,90,54,81,65,82,85,61,63,62,69,116,111,110,109,56,54,85",
                        "endOffsets": "310,3138,3217,3300,3422,3532,4368,4501,4590,7074,7171,7581,7643,7732,7795,7860,7919,7992,8055,8109,8237,8294,8356,8410,8483,8626,8710,8798,8934,9022,9110,9246,9331,9408,9461,9512,9578,9653,9729,9815,9894,9971,10047,10124,10198,10310,10401,10476,10567,10659,10733,10820,10911,10966,11048,11114,11197,11283,11345,11409,11472,11542,11659,11771,11882,11992,12049,12104,12427"
                    }
                },
                {
                    "source": "C:\\Users\\Rossiny\\.gradle\\caches\\8.11.1\\transforms\\2be5097ed239e2923198782eab3fa440\\transformed\\play-services-basement-18.1.0\\res\\values-bg\\values.xml",
                    "from": {
                        "startLines": "4",
                        "startColumns": "0",
                        "startOffsets": "195",
                        "endColumns": "133",
                        "endOffsets": "328"
                    },
                    "to": {
                        "startLines": "56",
                        "startColumns": "4",
                        "startOffsets": "5645",
                        "endColumns": "137",
                        "endOffsets": "5778"
                    }
                },
                {
                    "source": "C:\\Users\\Rossiny\\.gradle\\caches\\8.11.1\\transforms\\e4b927923af59ee9d2fa5c4898a419bd\\transformed\\appcompat-1.6.1\\res\\values-bg\\values-bg.xml",
                    "from": {
                        "startLines": "2,3,4,5,6,7,8,9,10,11,12,13,14,15,16,17,18,19,20,21,22,23,24,25,26,27,28,29",
                        "startColumns": "4,4,4,4,4,4,4,4,4,4,4,4,4,4,4,4,4,4,4,4,4,4,4,4,4,4,4,4",
                        "startOffsets": "105,225,331,436,522,632,753,833,910,1001,1094,1189,1283,1383,1476,1571,1679,1770,1861,1944,2058,2166,2266,2380,2487,2595,2755,2854",
                        "endColumns": "119,105,104,85,109,120,79,76,90,92,94,93,99,92,94,107,90,90,82,113,107,99,113,106,107,159,98,83",
                        "endOffsets": "220,326,431,517,627,748,828,905,996,1089,1184,1278,1378,1471,1566,1674,1765,1856,1939,2053,2161,2261,2375,2482,2590,2750,2849,2933"
                    },
                    "to": {
                        "startLines": "6,7,8,9,10,11,12,13,14,15,16,17,18,19,20,21,22,23,24,25,26,27,28,29,30,31,32,132",
                        "startColumns": "4,4,4,4,4,4,4,4,4,4,4,4,4,4,4,4,4,4,4,4,4,4,4,4,4,4,4,4",
                        "startOffsets": "315,435,541,646,732,842,963,1043,1120,1211,1304,1399,1493,1593,1686,1781,1889,1980,2071,2154,2268,2376,2476,2590,2697,2805,2965,12432",
                        "endColumns": "119,105,104,85,109,120,79,76,90,92,94,93,99,92,94,107,90,90,82,113,107,99,113,106,107,159,98,83",
                        "endOffsets": "430,536,641,727,837,958,1038,1115,1206,1299,1394,1488,1588,1681,1776,1884,1975,2066,2149,2263,2371,2471,2585,2692,2800,2960,3059,12511"
                    }
                }
            ]
        }
    ]
}