{
    "logs": [
        {
            "outputFile": "com.example.gestaobilhares.app-mergeDebugResources-54:/values-eu/values-eu.xml",
            "map": [
                {
                    "source": "C:\\Users\\Rossiny\\.gradle\\caches\\8.11.1\\transforms\\e4b927923af59ee9d2fa5c4898a419bd\\transformed\\appcompat-1.6.1\\res\\values-eu\\values-eu.xml",
                    "from": {
                        "startLines": "2,3,4,5,6,7,8,9,10,11,12,13,14,15,16,17,18,19,20,21,22,23,24,25,26,27,28,29",
                        "startColumns": "4,4,4,4,4,4,4,4,4,4,4,4,4,4,4,4,4,4,4,4,4,4,4,4,4,4,4,4",
                        "startOffsets": "105,214,312,422,508,614,738,824,905,997,1091,1187,1281,1382,1476,1572,1669,1761,1854,1936,2045,2154,2253,2362,2469,2580,2751,2850",
                        "endColumns": "108,97,109,85,105,123,85,80,91,93,95,93,100,93,95,96,91,92,81,108,108,98,108,106,110,170,98,82",
                        "endOffsets": "209,307,417,503,609,733,819,900,992,1086,1182,1276,1377,1471,1567,1664,1756,1849,1931,2040,2149,2248,2357,2464,2575,2746,2845,2928"
                    },
                    "to": {
                        "startLines": "6,7,8,9,10,11,12,13,14,15,16,17,18,19,20,21,22,23,24,25,26,27,28,29,30,31,32,132",
                        "startColumns": "4,4,4,4,4,4,4,4,4,4,4,4,4,4,4,4,4,4,4,4,4,4,4,4,4,4,4,4",
                        "startOffsets": "325,434,532,642,728,834,958,1044,1125,1217,1311,1407,1501,1602,1696,1792,1889,1981,2074,2156,2265,2374,2473,2582,2689,2800,2971,12298",
                        "endColumns": "108,97,109,85,105,123,85,80,91,93,95,93,100,93,95,96,91,92,81,108,108,98,108,106,110,170,98,82",
                        "endOffsets": "429,527,637,723,829,953,1039,1120,1212,1306,1402,1496,1597,1691,1787,1884,1976,2069,2151,2260,2369,2468,2577,2684,2795,2966,3065,12376"
                    }
                },
                {
                    "source": "C:\\Users\\Rossiny\\.gradle\\caches\\8.11.1\\transforms\\f8df79fe5a4781fd0bcc5bc761f7aa23\\transformed\\core-1.12.0\\res\\values-eu\\values-eu.xml",
                    "from": {
                        "startLines": "2,3,4,5,6,7,8,9",
                        "startColumns": "4,4,4,4,4,4,4,4",
                        "startOffsets": "55,153,256,356,459,564,667,786",
                        "endColumns": "97,102,99,102,104,102,118,100",
                        "endOffsets": "148,251,351,454,559,662,781,882"
                    },
                    "to": {
                        "startLines": "38,39,40,41,42,43,44,133",
                        "startColumns": "4,4,4,4,4,4,4,4",
                        "startOffsets": "3569,3667,3770,3870,3973,4078,4181,12381",
                        "endColumns": "97,102,99,102,104,102,118,100",
                        "endOffsets": "3662,3765,3865,3968,4073,4176,4295,12477"
                    }
                },
                {
                    "source": "C:\\Users\\Rossiny\\.gradle\\caches\\8.11.1\\transforms\\c2f8b797c5d7cd2b2985198d6365455b\\transformed\\play-services-base-18.0.1\\res\\values-eu\\values.xml",
                    "from": {
                        "startLines": "4,5,6,7,8,9,10,11,12,13,14,15,16,17,18,19,20",
                        "startColumns": "0,0,0,0,0,0,0,0,0,0,0,0,0,0,0,0,0",
                        "startOffsets": "193,293,461,581,686,834,955,1075,1179,1353,1457,1616,1740,1890,2046,2108,2169",
                        "endColumns": "99,167,119,104,147,120,119,103,173,103,158,123,149,155,61,60,87",
                        "endOffsets": "292,460,580,685,833,954,1074,1178,1352,1456,1615,1739,1889,2045,2107,2168,2256"
                    },
                    "to": {
                        "startLines": "48,49,50,51,52,53,54,55,57,58,59,60,61,62,63,64,65",
                        "startColumns": "4,4,4,4,4,4,4,4,4,4,4,4,4,4,4,4,4",
                        "startOffsets": "4596,4700,4872,4996,5105,5257,5382,5506,5757,5935,6043,6206,6334,6488,6648,6714,6779",
                        "endColumns": "103,171,123,108,151,124,123,107,177,107,162,127,153,159,65,64,91",
                        "endOffsets": "4695,4867,4991,5100,5252,5377,5501,5609,5930,6038,6201,6329,6483,6643,6709,6774,6866"
                    }
                },
                {
                    "source": "C:\\Users\\Rossiny\\.gradle\\caches\\8.11.1\\transforms\\98d997c6ad2b168db11d30212b38e419\\transformed\\navigation-ui-2.7.7\\res\\values-eu\\values-eu.xml",
                    "from": {
                        "startLines": "2,3",
                        "startColumns": "4,4",
                        "startOffsets": "55,159",
                        "endColumns": "103,126",
                        "endOffsets": "154,281"
                    },
                    "to": {
                        "startLines": "129,130",
                        "startColumns": "4,4",
                        "startOffsets": "11984,12088",
                        "endColumns": "103,126",
                        "endOffsets": "12083,12210"
                    }
                },
                {
                    "source": "C:\\Users\\Rossiny\\.gradle\\caches\\8.11.1\\transforms\\9bcede38129a084b13735da953ff89f0\\transformed\\browser-1.4.0\\res\\values-eu\\values-eu.xml",
                    "from": {
                        "startLines": "2,3,4,5",
                        "startColumns": "4,4,4,4",
                        "startOffsets": "55,155,257,370",
                        "endColumns": "99,101,112,104",
                        "endOffsets": "150,252,365,470"
                    },
                    "to": {
                        "startLines": "66,69,70,71",
                        "startColumns": "4,4,4,4",
                        "startOffsets": "6871,7137,7239,7352",
                        "endColumns": "99,101,112,104",
                        "endOffsets": "6966,7234,7347,7452"
                    }
                },
                {
                    "source": "C:\\Users\\Rossiny\\.gradle\\caches\\8.11.1\\transforms\\b1b8f4a1ab2a73d86dfa9e96bf6b879a\\transformed\\material-1.11.0\\res\\values-eu\\values-eu.xml",
                    "from": {
                        "startLines": "2,6,7,8,9,10,11,12,13,14,15,16,17,18,19,20,21,22,23,24,25,26,27,28,29,30,31,32,33,34,35,36,37,38,39,40,41,42,43,44,45,46,47,48,49,50,51,52,53,54,55,56,57,58,59,60,61,62,63,64,65,66,67,68,69,70,71,72,73",
                        "startColumns": "4,4,4,4,4,4,4,4,4,4,4,4,4,4,4,4,4,4,4,4,4,4,4,4,4,4,4,4,4,4,4,4,4,4,4,4,4,4,4,4,4,4,4,4,4,4,4,4,4,4,4,4,4,4,4,4,4,4,4,4,4,4,4,4,4,4,4,4,4",
                        "startOffsets": "100,275,382,487,567,674,774,872,987,1070,1137,1236,1304,1365,1453,1516,1582,1646,1717,1780,1834,1943,2002,2065,2119,2193,2318,2408,2488,2633,2716,2798,2936,3027,3110,3162,3215,3281,3352,3432,3518,3598,3676,3754,3827,3902,4009,4096,4183,4274,4367,4439,4515,4607,4658,4740,4806,4890,4976,5038,5102,5165,5233,5340,5449,5545,5650,5706,5763",
                        "endLines": "5,6,7,8,9,10,11,12,13,14,15,16,17,18,19,20,21,22,23,24,25,26,27,28,29,30,31,32,33,34,35,36,37,38,39,40,41,42,43,44,45,46,47,48,49,50,51,52,53,54,55,56,57,58,59,60,61,62,63,64,65,66,67,68,69,70,71,72,73",
                        "endColumns": "12,106,104,79,106,99,97,114,82,66,98,67,60,87,62,65,63,70,62,53,108,58,62,53,73,124,89,79,144,82,81,137,90,82,51,52,65,70,79,85,79,77,77,72,74,106,86,86,90,92,71,75,91,50,81,65,83,85,61,63,62,67,106,108,95,104,55,56,82",
                        "endOffsets": "270,377,482,562,669,769,867,982,1065,1132,1231,1299,1360,1448,1511,1577,1641,1712,1775,1829,1938,1997,2060,2114,2188,2313,2403,2483,2628,2711,2793,2931,3022,3105,3157,3210,3276,3347,3427,3513,3593,3671,3749,3822,3897,4004,4091,4178,4269,4362,4434,4510,4602,4653,4735,4801,4885,4971,5033,5097,5160,5228,5335,5444,5540,5645,5701,5758,5841"
                    },
                    "to": {
                        "startLines": "2,33,34,35,36,37,45,46,47,67,68,72,73,74,75,76,77,78,79,80,81,82,83,84,85,86,87,88,89,90,91,92,93,94,95,96,97,98,99,100,101,102,103,104,105,106,107,108,109,110,111,112,113,114,115,116,117,118,119,120,121,122,123,124,125,126,127,128,131",
                        "startColumns": "4,4,4,4,4,4,4,4,4,4,4,4,4,4,4,4,4,4,4,4,4,4,4,4,4,4,4,4,4,4,4,4,4,4,4,4,4,4,4,4,4,4,4,4,4,4,4,4,4,4,4,4,4,4,4,4,4,4,4,4,4,4,4,4,4,4,4,4,4",
                        "startOffsets": "150,3070,3177,3282,3362,3469,4300,4398,4513,6971,7038,7457,7525,7586,7674,7737,7803,7867,7938,8001,8055,8164,8223,8286,8340,8414,8539,8629,8709,8854,8937,9019,9157,9248,9331,9383,9436,9502,9573,9653,9739,9819,9897,9975,10048,10123,10230,10317,10404,10495,10588,10660,10736,10828,10879,10961,11027,11111,11197,11259,11323,11386,11454,11561,11670,11766,11871,11927,12215",
                        "endLines": "5,33,34,35,36,37,45,46,47,67,68,72,73,74,75,76,77,78,79,80,81,82,83,84,85,86,87,88,89,90,91,92,93,94,95,96,97,98,99,100,101,102,103,104,105,106,107,108,109,110,111,112,113,114,115,116,117,118,119,120,121,122,123,124,125,126,127,128,131",
                        "endColumns": "12,106,104,79,106,99,97,114,82,66,98,67,60,87,62,65,63,70,62,53,108,58,62,53,73,124,89,79,144,82,81,137,90,82,51,52,65,70,79,85,79,77,77,72,74,106,86,86,90,92,71,75,91,50,81,65,83,85,61,63,62,67,106,108,95,104,55,56,82",
                        "endOffsets": "320,3172,3277,3357,3464,3564,4393,4508,4591,7033,7132,7520,7581,7669,7732,7798,7862,7933,7996,8050,8159,8218,8281,8335,8409,8534,8624,8704,8849,8932,9014,9152,9243,9326,9378,9431,9497,9568,9648,9734,9814,9892,9970,10043,10118,10225,10312,10399,10490,10583,10655,10731,10823,10874,10956,11022,11106,11192,11254,11318,11381,11449,11556,11665,11761,11866,11922,11979,12293"
                    }
                },
                {
                    "source": "C:\\Users\\Rossiny\\.gradle\\caches\\8.11.1\\transforms\\2be5097ed239e2923198782eab3fa440\\transformed\\play-services-basement-18.1.0\\res\\values-eu\\values.xml",
                    "from": {
                        "startLines": "4",
                        "startColumns": "0",
                        "startOffsets": "195",
                        "endColumns": "138",
                        "endOffsets": "333"
                    },
                    "to": {
                        "startLines": "56",
                        "startColumns": "4",
                        "startOffsets": "5614",
                        "endColumns": "142",
                        "endOffsets": "5752"
                    }
                }
            ]
        }
    ]
}