{
    "logs": [
        {
            "outputFile": "com.example.gestaobilhares.app-mergeDebugResources-54:/values-v26/values-v26.xml",
            "map": [
                {
                    "source": "C:\\Users\\Rossiny\\.gradle\\caches\\8.11.1\\transforms\\e4b927923af59ee9d2fa5c4898a419bd\\transformed\\appcompat-1.6.1\\res\\values-v26\\values-v26.xml",
                    "from": {
                        "startLines": "2,3,4,8,12,16",
                        "startColumns": "4,4,4,4,4,4",
                        "startOffsets": "55,130,217,381,557,796",
                        "endLines": "2,3,7,11,15,16",
                        "endColumns": "74,86,12,12,12,92",
                        "endOffsets": "125,212,376,552,791,884"
                    }
                }
            ]
        }
    ]
}