{
    "logs": [
        {
            "outputFile": "com.example.gestaobilhares.app-mergeDebugResources-54:/values-is/values-is.xml",
            "map": [
                {
                    "source": "C:\\Users\\Rossiny\\.gradle\\caches\\8.11.1\\transforms\\98d997c6ad2b168db11d30212b38e419\\transformed\\navigation-ui-2.7.7\\res\\values-is\\values-is.xml",
                    "from": {
                        "startLines": "2,3",
                        "startColumns": "4,4",
                        "startOffsets": "55,158",
                        "endColumns": "102,113",
                        "endOffsets": "153,267"
                    },
                    "to": {
                        "startLines": "129,130",
                        "startColumns": "4,4",
                        "startOffsets": "11571,11674",
                        "endColumns": "102,113",
                        "endOffsets": "11669,11783"
                    }
                },
                {
                    "source": "C:\\Users\\Rossiny\\.gradle\\caches\\8.11.1\\transforms\\f8df79fe5a4781fd0bcc5bc761f7aa23\\transformed\\core-1.12.0\\res\\values-is\\values-is.xml",
                    "from": {
                        "startLines": "2,3,4,5,6,7,8,9",
                        "startColumns": "4,4,4,4,4,4,4,4",
                        "startOffsets": "55,150,257,354,454,557,661,772",
                        "endColumns": "94,106,96,99,102,103,110,100",
                        "endOffsets": "145,252,349,449,552,656,767,868"
                    },
                    "to": {
                        "startLines": "38,39,40,41,42,43,44,133",
                        "startColumns": "4,4,4,4,4,4,4,4",
                        "startOffsets": "3381,3476,3583,3680,3780,3883,3987,11949",
                        "endColumns": "94,106,96,99,102,103,110,100",
                        "endOffsets": "3471,3578,3675,3775,3878,3982,4093,12045"
                    }
                },
                {
                    "source": "C:\\Users\\Rossiny\\.gradle\\caches\\8.11.1\\transforms\\2be5097ed239e2923198782eab3fa440\\transformed\\play-services-basement-18.1.0\\res\\values-is\\values.xml",
                    "from": {
                        "startLines": "4",
                        "startColumns": "0",
                        "startOffsets": "195",
                        "endColumns": "124",
                        "endOffsets": "319"
                    },
                    "to": {
                        "startLines": "56",
                        "startColumns": "4",
                        "startOffsets": "5366",
                        "endColumns": "128",
                        "endOffsets": "5490"
                    }
                },
                {
                    "source": "C:\\Users\\Rossiny\\.gradle\\caches\\8.11.1\\transforms\\e4b927923af59ee9d2fa5c4898a419bd\\transformed\\appcompat-1.6.1\\res\\values-is\\values-is.xml",
                    "from": {
                        "startLines": "2,3,4,5,6,7,8,9,10,11,12,13,14,15,16,17,18,19,20,21,22,23,24,25,26,27,28,29",
                        "startColumns": "4,4,4,4,4,4,4,4,4,4,4,4,4,4,4,4,4,4,4,4,4,4,4,4,4,4,4,4",
                        "startOffsets": "105,205,302,414,499,600,714,795,874,965,1058,1151,1245,1351,1444,1539,1634,1725,1819,1900,2010,2117,2214,2323,2423,2526,2681,2779",
                        "endColumns": "99,96,111,84,100,113,80,78,90,92,92,93,105,92,94,94,90,93,80,109,106,96,108,99,102,154,97,80",
                        "endOffsets": "200,297,409,494,595,709,790,869,960,1053,1146,1240,1346,1439,1534,1629,1720,1814,1895,2005,2112,2209,2318,2418,2521,2676,2774,2855"
                    },
                    "to": {
                        "startLines": "6,7,8,9,10,11,12,13,14,15,16,17,18,19,20,21,22,23,24,25,26,27,28,29,30,31,32,132",
                        "startColumns": "4,4,4,4,4,4,4,4,4,4,4,4,4,4,4,4,4,4,4,4,4,4,4,4,4,4,4,4",
                        "startOffsets": "320,420,517,629,714,815,929,1010,1089,1180,1273,1366,1460,1566,1659,1754,1849,1940,2034,2115,2225,2332,2429,2538,2638,2741,2896,11868",
                        "endColumns": "99,96,111,84,100,113,80,78,90,92,92,93,105,92,94,94,90,93,80,109,106,96,108,99,102,154,97,80",
                        "endOffsets": "415,512,624,709,810,924,1005,1084,1175,1268,1361,1455,1561,1654,1749,1844,1935,2029,2110,2220,2327,2424,2533,2633,2736,2891,2989,11944"
                    }
                },
                {
                    "source": "C:\\Users\\Rossiny\\.gradle\\caches\\8.11.1\\transforms\\b1b8f4a1ab2a73d86dfa9e96bf6b879a\\transformed\\material-1.11.0\\res\\values-is\\values-is.xml",
                    "from": {
                        "startLines": "2,6,7,8,9,10,11,12,13,14,15,16,17,18,19,20,21,22,23,24,25,26,27,28,29,30,31,32,33,34,35,36,37,38,39,40,41,42,43,44,45,46,47,48,49,50,51,52,53,54,55,56,57,58,59,60,61,62,63,64,65,66,67,68,69,70,71,72,73",
                        "startColumns": "4,4,4,4,4,4,4,4,4,4,4,4,4,4,4,4,4,4,4,4,4,4,4,4,4,4,4,4,4,4,4,4,4,4,4,4,4,4,4,4,4,4,4,4,4,4,4,4,4,4,4,4,4,4,4,4,4,4,4,4,4,4,4,4,4,4,4,4,4",
                        "startOffsets": "100,270,344,416,495,577,657,754,869,951,1016,1104,1168,1229,1319,1383,1446,1508,1576,1640,1696,1819,1884,1946,2002,2073,2200,2284,2368,2504,2581,2658,2774,2861,2940,2997,3052,3118,3194,3274,3363,3439,3506,3580,3650,3716,3818,3904,3974,4065,4155,4229,4302,4391,4442,4523,4595,4676,4762,4824,4888,4951,5020,5134,5240,5348,5450,5511,5570",
                        "endLines": "5,6,7,8,9,10,11,12,13,14,15,16,17,18,19,20,21,22,23,24,25,26,27,28,29,30,31,32,33,34,35,36,37,38,39,40,41,42,43,44,45,46,47,48,49,50,51,52,53,54,55,56,57,58,59,60,61,62,63,64,65,66,67,68,69,70,71,72,73",
                        "endColumns": "12,73,71,78,81,79,96,114,81,64,87,63,60,89,63,62,61,67,63,55,122,64,61,55,70,126,83,83,135,76,76,115,86,78,56,54,65,75,79,88,75,66,73,69,65,101,85,69,90,89,73,72,88,50,80,71,80,85,61,63,62,68,113,105,107,101,60,58,79",
                        "endOffsets": "265,339,411,490,572,652,749,864,946,1011,1099,1163,1224,1314,1378,1441,1503,1571,1635,1691,1814,1879,1941,1997,2068,2195,2279,2363,2499,2576,2653,2769,2856,2935,2992,3047,3113,3189,3269,3358,3434,3501,3575,3645,3711,3813,3899,3969,4060,4150,4224,4297,4386,4437,4518,4590,4671,4757,4819,4883,4946,5015,5129,5235,5343,5445,5506,5565,5645"
                    },
                    "to": {
                        "startLines": "2,33,34,35,36,37,45,46,47,67,68,72,73,74,75,76,77,78,79,80,81,82,83,84,85,86,87,88,89,90,91,92,93,94,95,96,97,98,99,100,101,102,103,104,105,106,107,108,109,110,111,112,113,114,115,116,117,118,119,120,121,122,123,124,125,126,127,128,131",
                        "startColumns": "4,4,4,4,4,4,4,4,4,4,4,4,4,4,4,4,4,4,4,4,4,4,4,4,4,4,4,4,4,4,4,4,4,4,4,4,4,4,4,4,4,4,4,4,4,4,4,4,4,4,4,4,4,4,4,4,4,4,4,4,4,4,4,4,4,4,4,4,4",
                        "startOffsets": "150,2994,3068,3140,3219,3301,4098,4195,4310,6644,6709,7105,7169,7230,7320,7384,7447,7509,7577,7641,7697,7820,7885,7947,8003,8074,8201,8285,8369,8505,8582,8659,8775,8862,8941,8998,9053,9119,9195,9275,9364,9440,9507,9581,9651,9717,9819,9905,9975,10066,10156,10230,10303,10392,10443,10524,10596,10677,10763,10825,10889,10952,11021,11135,11241,11349,11451,11512,11788",
                        "endLines": "5,33,34,35,36,37,45,46,47,67,68,72,73,74,75,76,77,78,79,80,81,82,83,84,85,86,87,88,89,90,91,92,93,94,95,96,97,98,99,100,101,102,103,104,105,106,107,108,109,110,111,112,113,114,115,116,117,118,119,120,121,122,123,124,125,126,127,128,131",
                        "endColumns": "12,73,71,78,81,79,96,114,81,64,87,63,60,89,63,62,61,67,63,55,122,64,61,55,70,126,83,83,135,76,76,115,86,78,56,54,65,75,79,88,75,66,73,69,65,101,85,69,90,89,73,72,88,50,80,71,80,85,61,63,62,68,113,105,107,101,60,58,79",
                        "endOffsets": "315,3063,3135,3214,3296,3376,4190,4305,4387,6704,6792,7164,7225,7315,7379,7442,7504,7572,7636,7692,7815,7880,7942,7998,8069,8196,8280,8364,8500,8577,8654,8770,8857,8936,8993,9048,9114,9190,9270,9359,9435,9502,9576,9646,9712,9814,9900,9970,10061,10151,10225,10298,10387,10438,10519,10591,10672,10758,10820,10884,10947,11016,11130,11236,11344,11446,11507,11566,11863"
                    }
                },
                {
                    "source": "C:\\Users\\Rossiny\\.gradle\\caches\\8.11.1\\transforms\\c2f8b797c5d7cd2b2985198d6365455b\\transformed\\play-services-base-18.0.1\\res\\values-is\\values.xml",
                    "from": {
                        "startLines": "4,5,6,7,8,9,10,11,12,13,14,15,16,17,18,19,20",
                        "startColumns": "0,0,0,0,0,0,0,0,0,0,0,0,0,0,0,0,0",
                        "startOffsets": "193,295,445,566,671,808,929,1034,1135,1285,1387,1540,1662,1800,1950,2010,2069",
                        "endColumns": "101,149,120,104,136,120,104,100,149,101,152,121,137,149,59,58,74",
                        "endOffsets": "294,444,565,670,807,928,1033,1134,1284,1386,1539,1661,1799,1949,2009,2068,2143"
                    },
                    "to": {
                        "startLines": "48,49,50,51,52,53,54,55,57,58,59,60,61,62,63,64,65",
                        "startColumns": "4,4,4,4,4,4,4,4,4,4,4,4,4,4,4,4,4",
                        "startOffsets": "4392,4498,4652,4777,4886,5027,5152,5261,5495,5649,5755,5912,6038,6180,6334,6398,6461",
                        "endColumns": "105,153,124,108,140,124,108,104,153,105,156,125,141,153,63,62,78",
                        "endOffsets": "4493,4647,4772,4881,5022,5147,5256,5361,5644,5750,5907,6033,6175,6329,6393,6456,6535"
                    }
                },
                {
                    "source": "C:\\Users\\Rossiny\\.gradle\\caches\\8.11.1\\transforms\\9bcede38129a084b13735da953ff89f0\\transformed\\browser-1.4.0\\res\\values-is\\values-is.xml",
                    "from": {
                        "startLines": "2,3,4,5",
                        "startColumns": "4,4,4,4",
                        "startOffsets": "55,159,260,366",
                        "endColumns": "103,100,105,100",
                        "endOffsets": "154,255,361,462"
                    },
                    "to": {
                        "startLines": "66,69,70,71",
                        "startColumns": "4,4,4,4",
                        "startOffsets": "6540,6797,6898,7004",
                        "endColumns": "103,100,105,100",
                        "endOffsets": "6639,6893,6999,7100"
                    }
                }
            ]
        }
    ]
}