{
    "logs": [
        {
            "outputFile": "com.example.gestaobilhares.app-mergeDebugResources-54:/values-night-v8/values-night-v8.xml",
            "map": [
                {
                    "source": "C:\\Users\\Rossiny\\.gradle\\caches\\8.11.1\\transforms\\e4b927923af59ee9d2fa5c4898a419bd\\transformed\\appcompat-1.6.1\\res\\values-night-v8\\values-night-v8.xml",
                    "from": {
                        "startLines": "2,3,4,5,6,7,8,9",
                        "startColumns": "4,4,4,4,4,4,4,4",
                        "startOffsets": "55,125,209,293,389,491,593,687",
                        "endColumns": "69,83,83,95,101,101,93,88",
                        "endOffsets": "120,204,288,384,486,588,682,771"
                    },
                    "to": {
                        "startLines": "2,3,4,5,6,7,8,34",
                        "startColumns": "4,4,4,4,4,4,4,4",
                        "startOffsets": "55,125,209,293,389,491,593,3448",
                        "endColumns": "69,83,83,95,101,101,93,88",
                        "endOffsets": "120,204,288,384,486,588,682,3532"
                    }
                },
                {
                    "source": "C:\\Users\\Rossiny\\.gradle\\caches\\8.11.1\\transforms\\b1b8f4a1ab2a73d86dfa9e96bf6b879a\\transformed\\material-1.11.0\\res\\values-night-v8\\values-night-v8.xml",
                    "from": {
                        "startLines": "2,3,4,5,6,7,8,9,10,11,12,13,14,15,16,17,18,19,20,21,22,23,24,25,26,27,28,29,30,31,32,33,34",
                        "startColumns": "4,4,4,4,4,4,4,4,4,4,4,4,4,4,4,4,4,4,4,4,4,4,4,4,4,4,4,4,4,4,4,4,4",
                        "startOffsets": "55,130,241,330,431,538,645,744,851,954,1042,1166,1268,1370,1486,1588,1702,1830,1946,2068,2204,2324,2458,2578,2690,2816,2933,3057,3187,3309,3447,3581,3697",
                        "endColumns": "74,110,88,100,106,106,98,106,102,87,123,101,101,115,101,113,127,115,121,135,119,133,119,111,125,116,123,129,121,137,133,115,119",
                        "endOffsets": "125,236,325,426,533,640,739,846,949,1037,1161,1263,1365,1481,1583,1697,1825,1941,2063,2199,2319,2453,2573,2685,2811,2928,3052,3182,3304,3442,3576,3692,3812"
                    },
                    "to": {
                        "startLines": "9,10,11,12,13,14,15,16,17,18,19,20,21,22,23,24,25,26,27,28,29,30,31,32,33,35,36,37,38,39,40,41,42",
                        "startColumns": "4,4,4,4,4,4,4,4,4,4,4,4,4,4,4,4,4,4,4,4,4,4,4,4,4,4,4,4,4,4,4,4,4",
                        "startOffsets": "687,762,873,962,1063,1170,1277,1376,1483,1586,1674,1798,1900,2002,2118,2220,2334,2462,2578,2700,2836,2956,3090,3210,3322,3537,3654,3778,3908,4030,4168,4302,4418",
                        "endColumns": "74,110,88,100,106,106,98,106,102,87,123,101,101,115,101,113,127,115,121,135,119,133,119,111,125,116,123,129,121,137,133,115,119",
                        "endOffsets": "757,868,957,1058,1165,1272,1371,1478,1581,1669,1793,1895,1997,2113,2215,2329,2457,2573,2695,2831,2951,3085,3205,3317,3443,3649,3773,3903,4025,4163,4297,4413,4533"
                    }
                }
            ]
        }
    ]
}