{
    "logs": [
        {
            "outputFile": "com.example.gestaobilhares.app-mergeDebugResources-54:/values-pt-rBR/values-pt-rBR.xml",
            "map": [
                {
                    "source": "C:\\Users\\Rossiny\\.gradle\\caches\\8.11.1\\transforms\\e4b927923af59ee9d2fa5c4898a419bd\\transformed\\appcompat-1.6.1\\res\\values-pt-rBR\\values-pt-rBR.xml",
                    "from": {
                        "startLines": "2,3,4,5,6,7,8,9,10,11,12,13,14,15,16,17,18,19,20,21,22,23,24,25,26,27,28,29",
                        "startColumns": "4,4,4,4,4,4,4,4,4,4,4,4,4,4,4,4,4,4,4,4,4,4,4,4,4,4,4,4",
                        "startOffsets": "105,225,331,438,527,628,747,832,912,1003,1096,1191,1285,1385,1478,1573,1668,1759,1850,1935,2042,2153,2255,2363,2471,2581,2743,2843",
                        "endColumns": "119,105,106,88,100,118,84,79,90,92,94,93,99,92,94,94,90,90,84,106,110,101,107,107,109,161,99,85",
                        "endOffsets": "220,326,433,522,623,742,827,907,998,1091,1186,1280,1380,1473,1568,1663,1754,1845,1930,2037,2148,2250,2358,2466,2576,2738,2838,2924"
                    },
                    "to": {
                        "startLines": "6,7,8,9,10,11,12,13,14,15,16,17,18,19,20,21,22,23,24,25,26,27,28,29,30,31,32,132",
                        "startColumns": "4,4,4,4,4,4,4,4,4,4,4,4,4,4,4,4,4,4,4,4,4,4,4,4,4,4,4,4",
                        "startOffsets": "323,443,549,656,745,846,965,1050,1130,1221,1314,1409,1503,1603,1696,1791,1886,1977,2068,2153,2260,2371,2473,2581,2689,2799,2961,12292",
                        "endColumns": "119,105,106,88,100,118,84,79,90,92,94,93,99,92,94,94,90,90,84,106,110,101,107,107,109,161,99,85",
                        "endOffsets": "438,544,651,740,841,960,1045,1125,1216,1309,1404,1498,1598,1691,1786,1881,1972,2063,2148,2255,2366,2468,2576,2684,2794,2956,3056,12373"
                    }
                },
                {
                    "source": "C:\\Users\\Rossiny\\.gradle\\caches\\8.11.1\\transforms\\98d997c6ad2b168db11d30212b38e419\\transformed\\navigation-ui-2.7.7\\res\\values-pt-rBR\\values-pt-rBR.xml",
                    "from": {
                        "startLines": "2,3",
                        "startColumns": "4,4",
                        "startOffsets": "55,167",
                        "endColumns": "111,119",
                        "endOffsets": "162,282"
                    },
                    "to": {
                        "startLines": "129,130",
                        "startColumns": "4,4",
                        "startOffsets": "11983,12095",
                        "endColumns": "111,119",
                        "endOffsets": "12090,12210"
                    }
                },
                {
                    "source": "C:\\Users\\Rossiny\\.gradle\\caches\\8.11.1\\transforms\\c2f8b797c5d7cd2b2985198d6365455b\\transformed\\play-services-base-18.0.1\\res\\values-pt-rBR\\values.xml",
                    "from": {
                        "startLines": "4,5,6,7,8,9,10,11,12,13,14,15,16,17,18,19,20",
                        "startColumns": "0,0,0,0,0,0,0,0,0,0,0,0,0,0,0,0,0",
                        "startOffsets": "197,298,442,565,669,832,958,1076,1177,1343,1447,1607,1733,1886,2039,2104,2166",
                        "endColumns": "100,143,122,103,162,125,117,100,165,103,159,125,152,152,64,61,79",
                        "endOffsets": "297,441,564,668,831,957,1075,1176,1342,1446,1606,1732,1885,2038,2103,2165,2245"
                    },
                    "to": {
                        "startLines": "48,49,50,51,52,53,54,55,57,58,59,60,61,62,63,64,65",
                        "startColumns": "4,4,4,4,4,4,4,4,4,4,4,4,4,4,4,4,4",
                        "startOffsets": "4525,4630,4778,4905,5013,5180,5310,5432,5682,5852,5960,6124,6254,6411,6568,6637,6703",
                        "endColumns": "104,147,126,107,166,129,121,104,169,107,163,129,156,156,68,65,83",
                        "endOffsets": "4625,4773,4900,5008,5175,5305,5427,5532,5847,5955,6119,6249,6406,6563,6632,6698,6782"
                    }
                },
                {
                    "source": "C:\\Users\\Rossiny\\.gradle\\caches\\8.11.1\\transforms\\f8df79fe5a4781fd0bcc5bc761f7aa23\\transformed\\core-1.12.0\\res\\values-pt-rBR\\values-pt-rBR.xml",
                    "from": {
                        "startLines": "2,3,4,5,6,7,8,9",
                        "startColumns": "4,4,4,4,4,4,4,4",
                        "startOffsets": "55,152,254,353,453,560,670,790",
                        "endColumns": "96,101,98,99,106,109,119,100",
                        "endOffsets": "147,249,348,448,555,665,785,886"
                    },
                    "to": {
                        "startLines": "38,39,40,41,42,43,44,133",
                        "startColumns": "4,4,4,4,4,4,4,4",
                        "startOffsets": "3488,3585,3687,3786,3886,3993,4103,12378",
                        "endColumns": "96,101,98,99,106,109,119,100",
                        "endOffsets": "3580,3682,3781,3881,3988,4098,4218,12474"
                    }
                },
                {
                    "source": "C:\\Users\\Rossiny\\.gradle\\caches\\8.11.1\\transforms\\9bcede38129a084b13735da953ff89f0\\transformed\\browser-1.4.0\\res\\values-pt-rBR\\values-pt-rBR.xml",
                    "from": {
                        "startLines": "2,3,4,5",
                        "startColumns": "4,4,4,4",
                        "startOffsets": "55,170,269,381",
                        "endColumns": "114,98,111,105",
                        "endOffsets": "165,264,376,482"
                    },
                    "to": {
                        "startLines": "66,69,70,71",
                        "startColumns": "4,4,4,4",
                        "startOffsets": "6787,7058,7157,7269",
                        "endColumns": "114,98,111,105",
                        "endOffsets": "6897,7152,7264,7370"
                    }
                },
                {
                    "source": "C:\\Users\\Rossiny\\.gradle\\caches\\8.11.1\\transforms\\b1b8f4a1ab2a73d86dfa9e96bf6b879a\\transformed\\material-1.11.0\\res\\values-pt-rBR\\values-pt-rBR.xml",
                    "from": {
                        "startLines": "2,6,7,8,9,10,11,12,13,14,15,16,17,18,19,20,21,22,23,24,25,26,27,28,29,30,31,32,33,34,35,36,37,38,39,40,41,42,43,44,45,46,47,48,49,50,51,52,53,54,55,56,57,58,59,60,61,62,63,64,65,66,67,68,69,70,71,72,73",
                        "startColumns": "4,4,4,4,4,4,4,4,4,4,4,4,4,4,4,4,4,4,4,4,4,4,4,4,4,4,4,4,4,4,4,4,4,4,4,4,4,4,4,4,4,4,4,4,4,4,4,4,4,4,4,4,4,4,4,4,4,4,4,4,4,4,4,4,4,4,4,4,4",
                        "startOffsets": "100,273,354,432,516,611,700,801,921,1002,1066,1158,1237,1297,1387,1451,1522,1585,1660,1724,1778,1905,1963,2025,2079,2158,2299,2386,2468,2607,2690,2774,2913,3000,3080,3136,3187,3253,3327,3407,3494,3577,3650,3727,3796,3870,3972,4060,4137,4230,4326,4400,4480,4577,4629,4713,4779,4866,4954,5016,5080,5143,5211,5323,5434,5541,5651,5711,5766",
                        "endLines": "5,6,7,8,9,10,11,12,13,14,15,16,17,18,19,20,21,22,23,24,25,26,27,28,29,30,31,32,33,34,35,36,37,38,39,40,41,42,43,44,45,46,47,48,49,50,51,52,53,54,55,56,57,58,59,60,61,62,63,64,65,66,67,68,69,70,71,72,73",
                        "endColumns": "12,80,77,83,94,88,100,119,80,63,91,78,59,89,63,70,62,74,63,53,126,57,61,53,78,140,86,81,138,82,83,138,86,79,55,50,65,73,79,86,82,72,76,68,73,101,87,76,92,95,73,79,96,51,83,65,86,87,61,63,62,67,111,110,106,109,59,54,76",
                        "endOffsets": "268,349,427,511,606,695,796,916,997,1061,1153,1232,1292,1382,1446,1517,1580,1655,1719,1773,1900,1958,2020,2074,2153,2294,2381,2463,2602,2685,2769,2908,2995,3075,3131,3182,3248,3322,3402,3489,3572,3645,3722,3791,3865,3967,4055,4132,4225,4321,4395,4475,4572,4624,4708,4774,4861,4949,5011,5075,5138,5206,5318,5429,5536,5646,5706,5761,5838"
                    },
                    "to": {
                        "startLines": "2,33,34,35,36,37,45,46,47,67,68,72,73,74,75,76,77,78,79,80,81,82,83,84,85,86,87,88,89,90,91,92,93,94,95,96,97,98,99,100,101,102,103,104,105,106,107,108,109,110,111,112,113,114,115,116,117,118,119,120,121,122,123,124,125,126,127,128,131",
                        "startColumns": "4,4,4,4,4,4,4,4,4,4,4,4,4,4,4,4,4,4,4,4,4,4,4,4,4,4,4,4,4,4,4,4,4,4,4,4,4,4,4,4,4,4,4,4,4,4,4,4,4,4,4,4,4,4,4,4,4,4,4,4,4,4,4,4,4,4,4,4,4",
                        "startOffsets": "150,3061,3142,3220,3304,3399,4223,4324,4444,6902,6966,7375,7454,7514,7604,7668,7739,7802,7877,7941,7995,8122,8180,8242,8296,8375,8516,8603,8685,8824,8907,8991,9130,9217,9297,9353,9404,9470,9544,9624,9711,9794,9867,9944,10013,10087,10189,10277,10354,10447,10543,10617,10697,10794,10846,10930,10996,11083,11171,11233,11297,11360,11428,11540,11651,11758,11868,11928,12215",
                        "endLines": "5,33,34,35,36,37,45,46,47,67,68,72,73,74,75,76,77,78,79,80,81,82,83,84,85,86,87,88,89,90,91,92,93,94,95,96,97,98,99,100,101,102,103,104,105,106,107,108,109,110,111,112,113,114,115,116,117,118,119,120,121,122,123,124,125,126,127,128,131",
                        "endColumns": "12,80,77,83,94,88,100,119,80,63,91,78,59,89,63,70,62,74,63,53,126,57,61,53,78,140,86,81,138,82,83,138,86,79,55,50,65,73,79,86,82,72,76,68,73,101,87,76,92,95,73,79,96,51,83,65,86,87,61,63,62,67,111,110,106,109,59,54,76",
                        "endOffsets": "318,3137,3215,3299,3394,3483,4319,4439,4520,6961,7053,7449,7509,7599,7663,7734,7797,7872,7936,7990,8117,8175,8237,8291,8370,8511,8598,8680,8819,8902,8986,9125,9212,9292,9348,9399,9465,9539,9619,9706,9789,9862,9939,10008,10082,10184,10272,10349,10442,10538,10612,10692,10789,10841,10925,10991,11078,11166,11228,11292,11355,11423,11535,11646,11753,11863,11923,11978,12287"
                    }
                },
                {
                    "source": "C:\\Users\\Rossiny\\.gradle\\caches\\8.11.1\\transforms\\2be5097ed239e2923198782eab3fa440\\transformed\\play-services-basement-18.1.0\\res\\values-pt-rBR\\values.xml",
                    "from": {
                        "startLines": "4",
                        "startColumns": "0",
                        "startOffsets": "199",
                        "endColumns": "140",
                        "endOffsets": "339"
                    },
                    "to": {
                        "startLines": "56",
                        "startColumns": "4",
                        "startOffsets": "5537",
                        "endColumns": "144",
                        "endOffsets": "5677"
                    }
                }
            ]
        }
    ]
}