{
    "logs": [
        {
            "outputFile": "com.example.gestaobilhares.app-mergeDebugResources-54:/values-watch-v20/values-watch-v20.xml",
            "map": [
                {
                    "source": "C:\\Users\\Rossiny\\.gradle\\caches\\8.11.1\\transforms\\e4b927923af59ee9d2fa5c4898a419bd\\transformed\\appcompat-1.6.1\\res\\values-watch-v20\\values-watch-v20.xml",
                    "from": {
                        "startLines": "2,5,8",
                        "startColumns": "4,4,4",
                        "startOffsets": "55,214,385",
                        "endLines": "4,7,10",
                        "endColumns": "12,12,12",
                        "endOffsets": "209,380,553"
                    }
                }
            ]
        }
    ]
}