{
    "logs": [
        {
            "outputFile": "com.example.gestaobilhares.app-mergeDebugResources-54:/values-zh-rHK/values-zh-rHK.xml",
            "map": [
                {
                    "source": "C:\\Users\\Rossiny\\.gradle\\caches\\8.11.1\\transforms\\f8df79fe5a4781fd0bcc5bc761f7aa23\\transformed\\core-1.12.0\\res\\values-zh-rHK\\values-zh-rHK.xml",
                    "from": {
                        "startLines": "2,3,4,5,6,7,8,9",
                        "startColumns": "4,4,4,4,4,4,4,4",
                        "startOffsets": "55,147,246,340,434,527,620,716",
                        "endColumns": "91,98,93,93,92,92,95,100",
                        "endOffsets": "142,241,335,429,522,615,711,812"
                    },
                    "to": {
                        "startLines": "38,39,40,41,42,43,44,133",
                        "startColumns": "4,4,4,4,4,4,4,4",
                        "startOffsets": "3195,3287,3386,3480,3574,3667,3760,10748",
                        "endColumns": "91,98,93,93,92,92,95,100",
                        "endOffsets": "3282,3381,3475,3569,3662,3755,3851,10844"
                    }
                },
                {
                    "source": "C:\\Users\\Rossiny\\.gradle\\caches\\8.11.1\\transforms\\9bcede38129a084b13735da953ff89f0\\transformed\\browser-1.4.0\\res\\values-zh-rHK\\values-zh-rHK.xml",
                    "from": {
                        "startLines": "2,3,4,5",
                        "startColumns": "4,4,4,4",
                        "startOffsets": "55,138,230,331",
                        "endColumns": "82,91,100,92",
                        "endOffsets": "133,225,326,419"
                    },
                    "to": {
                        "startLines": "66,69,70,71",
                        "startColumns": "4,4,4,4",
                        "startOffsets": "5952,6175,6267,6368",
                        "endColumns": "82,91,100,92",
                        "endOffsets": "6030,6262,6363,6456"
                    }
                },
                {
                    "source": "C:\\Users\\Rossiny\\.gradle\\caches\\8.11.1\\transforms\\2be5097ed239e2923198782eab3fa440\\transformed\\play-services-basement-18.1.0\\res\\values-zh-rHK\\values.xml",
                    "from": {
                        "startLines": "4",
                        "startColumns": "0",
                        "startOffsets": "199",
                        "endColumns": "103",
                        "endOffsets": "302"
                    },
                    "to": {
                        "startLines": "56",
                        "startColumns": "4",
                        "startOffsets": "4990",
                        "endColumns": "107",
                        "endOffsets": "5093"
                    }
                },
                {
                    "source": "C:\\Users\\Rossiny\\.gradle\\caches\\8.11.1\\transforms\\98d997c6ad2b168db11d30212b38e419\\transformed\\navigation-ui-2.7.7\\res\\values-zh-rHK\\values-zh-rHK.xml",
                    "from": {
                        "startLines": "2,3",
                        "startColumns": "4,4",
                        "startOffsets": "55,154",
                        "endColumns": "98,99",
                        "endOffsets": "149,249"
                    },
                    "to": {
                        "startLines": "129,130",
                        "startColumns": "4,4",
                        "startOffsets": "10401,10500",
                        "endColumns": "98,99",
                        "endOffsets": "10495,10595"
                    }
                },
                {
                    "source": "C:\\Users\\Rossiny\\.gradle\\caches\\8.11.1\\transforms\\e4b927923af59ee9d2fa5c4898a419bd\\transformed\\appcompat-1.6.1\\res\\values-zh-rHK\\values-zh-rHK.xml",
                    "from": {
                        "startLines": "2,3,4,5,6,7,8,9,10,11,12,13,14,15,16,17,18,19,20,21,22,23,24,25,26,27,28,29",
                        "startColumns": "4,4,4,4,4,4,4,4,4,4,4,4,4,4,4,4,4,4,4,4,4,4,4,4,4,4,4,4",
                        "startOffsets": "105,200,293,393,475,572,680,757,832,924,1018,1109,1205,1300,1394,1490,1582,1674,1766,1844,1940,2035,2130,2227,2323,2421,2572,2666",
                        "endColumns": "94,92,99,81,96,107,76,74,91,93,90,95,94,93,95,91,91,91,77,95,94,94,96,95,97,150,93,78",
                        "endOffsets": "195,288,388,470,567,675,752,827,919,1013,1104,1200,1295,1389,1485,1577,1669,1761,1839,1935,2030,2125,2222,2318,2416,2567,2661,2740"
                    },
                    "to": {
                        "startLines": "6,7,8,9,10,11,12,13,14,15,16,17,18,19,20,21,22,23,24,25,26,27,28,29,30,31,32,132",
                        "startColumns": "4,4,4,4,4,4,4,4,4,4,4,4,4,4,4,4,4,4,4,4,4,4,4,4,4,4,4,4",
                        "startOffsets": "297,392,485,585,667,764,872,949,1024,1116,1210,1301,1397,1492,1586,1682,1774,1866,1958,2036,2132,2227,2322,2419,2515,2613,2764,10669",
                        "endColumns": "94,92,99,81,96,107,76,74,91,93,90,95,94,93,95,91,91,91,77,95,94,94,96,95,97,150,93,78",
                        "endOffsets": "387,480,580,662,759,867,944,1019,1111,1205,1296,1392,1487,1581,1677,1769,1861,1953,2031,2127,2222,2317,2414,2510,2608,2759,2853,10743"
                    }
                },
                {
                    "source": "C:\\Users\\Rossiny\\.gradle\\caches\\8.11.1\\transforms\\b1b8f4a1ab2a73d86dfa9e96bf6b879a\\transformed\\material-1.11.0\\res\\values-zh-rHK\\values-zh-rHK.xml",
                    "from": {
                        "startLines": "2,6,7,8,9,10,11,12,13,14,15,16,17,18,19,20,21,22,23,24,25,26,27,28,29,30,31,32,33,34,35,36,37,38,39,40,41,42,43,44,45,46,47,48,49,50,51,52,53,54,55,56,57,58,59,60,61,62,63,64,65,66,67,68,69,70,71,72,73",
                        "startColumns": "4,4,4,4,4,4,4,4,4,4,4,4,4,4,4,4,4,4,4,4,4,4,4,4,4,4,4,4,4,4,4,4,4,4,4,4,4,4,4,4,4,4,4,4,4,4,4,4,4,4,4,4,4,4,4,4,4,4,4,4,4,4,4,4,4,4,4,4,4",
                        "startOffsets": "100,247,310,371,438,507,584,674,781,854,916,994,1053,1111,1189,1250,1307,1363,1422,1480,1534,1620,1676,1734,1788,1853,1946,2020,2098,2218,2281,2344,2443,2520,2594,2644,2695,2761,2825,2893,2968,3040,3101,3172,3239,3299,3387,3467,3530,3613,3698,3772,3837,3913,3961,4035,4099,4175,4253,4315,4379,4442,4508,4588,4668,4744,4825,4879,4934",
                        "endLines": "5,6,7,8,9,10,11,12,13,14,15,16,17,18,19,20,21,22,23,24,25,26,27,28,29,30,31,32,33,34,35,36,37,38,39,40,41,42,43,44,45,46,47,48,49,50,51,52,53,54,55,56,57,58,59,60,61,62,63,64,65,66,67,68,69,70,71,72,73",
                        "endColumns": "12,62,60,66,68,76,89,106,72,61,77,58,57,77,60,56,55,58,57,53,85,55,57,53,64,92,73,77,119,62,62,98,76,73,49,50,65,63,67,74,71,60,70,66,59,87,79,62,82,84,73,64,75,47,73,63,75,77,61,63,62,65,79,79,75,80,53,54,68",
                        "endOffsets": "242,305,366,433,502,579,669,776,849,911,989,1048,1106,1184,1245,1302,1358,1417,1475,1529,1615,1671,1729,1783,1848,1941,2015,2093,2213,2276,2339,2438,2515,2589,2639,2690,2756,2820,2888,2963,3035,3096,3167,3234,3294,3382,3462,3525,3608,3693,3767,3832,3908,3956,4030,4094,4170,4248,4310,4374,4437,4503,4583,4663,4739,4820,4874,4929,4998"
                    },
                    "to": {
                        "startLines": "2,33,34,35,36,37,45,46,47,67,68,72,73,74,75,76,77,78,79,80,81,82,83,84,85,86,87,88,89,90,91,92,93,94,95,96,97,98,99,100,101,102,103,104,105,106,107,108,109,110,111,112,113,114,115,116,117,118,119,120,121,122,123,124,125,126,127,128,131",
                        "startColumns": "4,4,4,4,4,4,4,4,4,4,4,4,4,4,4,4,4,4,4,4,4,4,4,4,4,4,4,4,4,4,4,4,4,4,4,4,4,4,4,4,4,4,4,4,4,4,4,4,4,4,4,4,4,4,4,4,4,4,4,4,4,4,4,4,4,4,4,4,4",
                        "startOffsets": "150,2858,2921,2982,3049,3118,3856,3946,4053,6035,6097,6461,6520,6578,6656,6717,6774,6830,6889,6947,7001,7087,7143,7201,7255,7320,7413,7487,7565,7685,7748,7811,7910,7987,8061,8111,8162,8228,8292,8360,8435,8507,8568,8639,8706,8766,8854,8934,8997,9080,9165,9239,9304,9380,9428,9502,9566,9642,9720,9782,9846,9909,9975,10055,10135,10211,10292,10346,10600",
                        "endLines": "5,33,34,35,36,37,45,46,47,67,68,72,73,74,75,76,77,78,79,80,81,82,83,84,85,86,87,88,89,90,91,92,93,94,95,96,97,98,99,100,101,102,103,104,105,106,107,108,109,110,111,112,113,114,115,116,117,118,119,120,121,122,123,124,125,126,127,128,131",
                        "endColumns": "12,62,60,66,68,76,89,106,72,61,77,58,57,77,60,56,55,58,57,53,85,55,57,53,64,92,73,77,119,62,62,98,76,73,49,50,65,63,67,74,71,60,70,66,59,87,79,62,82,84,73,64,75,47,73,63,75,77,61,63,62,65,79,79,75,80,53,54,68",
                        "endOffsets": "292,2916,2977,3044,3113,3190,3941,4048,4121,6092,6170,6515,6573,6651,6712,6769,6825,6884,6942,6996,7082,7138,7196,7250,7315,7408,7482,7560,7680,7743,7806,7905,7982,8056,8106,8157,8223,8287,8355,8430,8502,8563,8634,8701,8761,8849,8929,8992,9075,9160,9234,9299,9375,9423,9497,9561,9637,9715,9777,9841,9904,9970,10050,10130,10206,10287,10341,10396,10664"
                    }
                },
                {
                    "source": "C:\\Users\\Rossiny\\.gradle\\caches\\8.11.1\\transforms\\c2f8b797c5d7cd2b2985198d6365455b\\transformed\\play-services-base-18.0.1\\res\\values-zh-rHK\\values.xml",
                    "from": {
                        "startLines": "4,5,6,7,8,9,10,11,12,13,14,15,16,17,18,19,20",
                        "startColumns": "0,0,0,0,0,0,0,0,0,0,0,0,0,0,0,0,0",
                        "startOffsets": "197,294,418,529,627,730,842,940,1029,1135,1232,1357,1468,1571,1675,1726,1779",
                        "endColumns": "96,123,110,97,102,111,97,88,105,96,124,110,102,103,50,52,67",
                        "endOffsets": "293,417,528,626,729,841,939,1028,1134,1231,1356,1467,1570,1674,1725,1778,1846"
                    },
                    "to": {
                        "startLines": "48,49,50,51,52,53,54,55,57,58,59,60,61,62,63,64,65",
                        "startColumns": "4,4,4,4,4,4,4,4,4,4,4,4,4,4,4,4,4",
                        "startOffsets": "4126,4227,4355,4470,4572,4679,4795,4897,5098,5208,5309,5438,5553,5660,5768,5823,5880",
                        "endColumns": "100,127,114,101,106,115,101,92,109,100,128,114,106,107,54,56,71",
                        "endOffsets": "4222,4350,4465,4567,4674,4790,4892,4985,5203,5304,5433,5548,5655,5763,5818,5875,5947"
                    }
                }
            ]
        }
    ]
}