{
    "logs": [
        {
            "outputFile": "com.example.gestaobilhares.app-mergeDebugResources-54:/values-w320dp-land-v13/values-w320dp-land-v13.xml",
            "map": [
                {
                    "source": "C:\\Users\\Rossiny\\.gradle\\caches\\8.11.1\\transforms\\b1b8f4a1ab2a73d86dfa9e96bf6b879a\\transformed\\material-1.11.0\\res\\values-w320dp-land-v13\\values-w320dp-land-v13.xml",
                    "from": {
                        "startLines": "2,3",
                        "startColumns": "4,4",
                        "startOffsets": "55,110",
                        "endColumns": "54,61",
                        "endOffsets": "105,167"
                    }
                }
            ]
        }
    ]
}