{
    "logs": [
        {
            "outputFile": "com.example.gestaobilhares.app-mergeDebugResources-54:/values-pt/values-pt.xml",
            "map": [
                {
                    "source": "C:\\Users\\Rossiny\\.gradle\\caches\\8.11.1\\transforms\\9bcede38129a084b13735da953ff89f0\\transformed\\browser-1.4.0\\res\\values-pt\\values-pt.xml",
                    "from": {
                        "startLines": "2,3,4,5",
                        "startColumns": "4,4,4,4",
                        "startOffsets": "55,170,269,381",
                        "endColumns": "114,98,111,105",
                        "endOffsets": "165,264,376,482"
                    },
                    "to": {
                        "startLines": "36,37,38,39",
                        "startColumns": "4,4,4,4",
                        "startOffsets": "3578,3693,3792,3904",
                        "endColumns": "114,98,111,105",
                        "endOffsets": "3688,3787,3899,4005"
                    }
                },
                {
                    "source": "C:\\Users\\Rossiny\\.gradle\\caches\\8.11.1\\transforms\\e4b927923af59ee9d2fa5c4898a419bd\\transformed\\appcompat-1.6.1\\res\\values-pt\\values-pt.xml",
                    "from": {
                        "startLines": "2,3,4,5,6,7,8,9,10,11,12,13,14,15,16,17,18,19,20,21,22,23,24,25,26,27,28,29",
                        "startColumns": "4,4,4,4,4,4,4,4,4,4,4,4,4,4,4,4,4,4,4,4,4,4,4,4,4,4,4,4",
                        "startOffsets": "105,225,331,438,527,628,747,832,912,1003,1096,1191,1285,1385,1478,1573,1668,1759,1850,1935,2042,2153,2255,2363,2471,2581,2743,2843",
                        "endColumns": "119,105,106,88,100,118,84,79,90,92,94,93,99,92,94,94,90,90,84,106,110,101,107,107,109,161,99,85",
                        "endOffsets": "220,326,433,522,623,742,827,907,998,1091,1186,1280,1380,1473,1568,1663,1754,1845,1930,2037,2148,2250,2358,2466,2576,2738,2838,2924"
                    },
                    "to": {
                        "startLines": "2,3,4,5,6,7,8,9,10,11,12,13,14,15,16,17,18,19,20,21,22,23,24,25,26,27,28,42",
                        "startColumns": "4,4,4,4,4,4,4,4,4,4,4,4,4,4,4,4,4,4,4,4,4,4,4,4,4,4,4,4",
                        "startOffsets": "105,225,331,438,527,628,747,832,912,1003,1096,1191,1285,1385,1478,1573,1668,1759,1850,1935,2042,2153,2255,2363,2471,2581,2743,4242",
                        "endColumns": "119,105,106,88,100,118,84,79,90,92,94,93,99,92,94,94,90,90,84,106,110,101,107,107,109,161,99,85",
                        "endOffsets": "220,326,433,522,623,742,827,907,998,1091,1186,1280,1380,1473,1568,1663,1754,1845,1930,2037,2148,2250,2358,2466,2576,2738,2838,4323"
                    }
                },
                {
                    "source": "C:\\Users\\Rossiny\\.gradle\\caches\\8.11.1\\transforms\\98d997c6ad2b168db11d30212b38e419\\transformed\\navigation-ui-2.7.7\\res\\values-pt\\values-pt.xml",
                    "from": {
                        "startLines": "2,3",
                        "startColumns": "4,4",
                        "startOffsets": "55,167",
                        "endColumns": "111,119",
                        "endOffsets": "162,282"
                    },
                    "to": {
                        "startLines": "40,41",
                        "startColumns": "4,4",
                        "startOffsets": "4010,4122",
                        "endColumns": "111,119",
                        "endOffsets": "4117,4237"
                    }
                },
                {
                    "source": "C:\\Users\\Rossiny\\.gradle\\caches\\8.11.1\\transforms\\f8df79fe5a4781fd0bcc5bc761f7aa23\\transformed\\core-1.12.0\\res\\values-pt\\values-pt.xml",
                    "from": {
                        "startLines": "2,3,4,5,6,7,8,9",
                        "startColumns": "4,4,4,4,4,4,4,4",
                        "startOffsets": "55,152,254,353,453,560,670,790",
                        "endColumns": "96,101,98,99,106,109,119,100",
                        "endOffsets": "147,249,348,448,555,665,785,886"
                    },
                    "to": {
                        "startLines": "29,30,31,32,33,34,35,43",
                        "startColumns": "4,4,4,4,4,4,4,4",
                        "startOffsets": "2843,2940,3042,3141,3241,3348,3458,4328",
                        "endColumns": "96,101,98,99,106,109,119,100",
                        "endOffsets": "2935,3037,3136,3236,3343,3453,3573,4424"
                    }
                }
            ]
        }
    ]
}