{
    "logs": [
        {
            "outputFile": "com.example.gestaobilhares.app-mergeDebugResources-54:/values-hi/values-hi.xml",
            "map": [
                {
                    "source": "C:\\Users\\Rossiny\\.gradle\\caches\\8.11.1\\transforms\\9bcede38129a084b13735da953ff89f0\\transformed\\browser-1.4.0\\res\\values-hi\\values-hi.xml",
                    "from": {
                        "startLines": "2,3,4,5",
                        "startColumns": "4,4,4,4",
                        "startOffsets": "55,161,263,375",
                        "endColumns": "105,101,111,102",
                        "endOffsets": "156,258,370,473"
                    },
                    "to": {
                        "startLines": "66,69,70,71",
                        "startColumns": "4,4,4,4",
                        "startOffsets": "6735,7000,7102,7214",
                        "endColumns": "105,101,111,102",
                        "endOffsets": "6836,7097,7209,7312"
                    }
                },
                {
                    "source": "C:\\Users\\Rossiny\\.gradle\\caches\\8.11.1\\transforms\\2be5097ed239e2923198782eab3fa440\\transformed\\play-services-basement-18.1.0\\res\\values-hi\\values.xml",
                    "from": {
                        "startLines": "4",
                        "startColumns": "0",
                        "startOffsets": "195",
                        "endColumns": "141",
                        "endOffsets": "336"
                    },
                    "to": {
                        "startLines": "56",
                        "startColumns": "4",
                        "startOffsets": "5515",
                        "endColumns": "145",
                        "endOffsets": "5656"
                    }
                },
                {
                    "source": "C:\\Users\\Rossiny\\.gradle\\caches\\8.11.1\\transforms\\c2f8b797c5d7cd2b2985198d6365455b\\transformed\\play-services-base-18.0.1\\res\\values-hi\\values.xml",
                    "from": {
                        "startLines": "4,5,6,7,8,9,10,11,12,13,14,15,16,17,18,19,20",
                        "startColumns": "0,0,0,0,0,0,0,0,0,0,0,0,0,0,0,0,0",
                        "startOffsets": "193,297,453,575,683,830,956,1064,1172,1325,1430,1592,1718,1855,2004,2063,2126",
                        "endColumns": "103,155,121,107,146,125,107,107,152,104,161,125,136,148,58,62,83",
                        "endOffsets": "296,452,574,682,829,955,1063,1171,1324,1429,1591,1717,1854,2003,2062,2125,2209"
                    },
                    "to": {
                        "startLines": "48,49,50,51,52,53,54,55,57,58,59,60,61,62,63,64,65",
                        "startColumns": "4,4,4,4,4,4,4,4,4,4,4,4,4,4,4,4,4",
                        "startOffsets": "4504,4612,4772,4898,5010,5161,5291,5403,5661,5818,5927,6093,6223,6364,6517,6580,6647",
                        "endColumns": "107,159,125,111,150,129,111,111,156,108,165,129,140,152,62,66,87",
                        "endOffsets": "4607,4767,4893,5005,5156,5286,5398,5510,5813,5922,6088,6218,6359,6512,6575,6642,6730"
                    }
                },
                {
                    "source": "C:\\Users\\Rossiny\\.gradle\\caches\\8.11.1\\transforms\\e4b927923af59ee9d2fa5c4898a419bd\\transformed\\appcompat-1.6.1\\res\\values-hi\\values-hi.xml",
                    "from": {
                        "startLines": "2,3,4,5,6,7,8,9,10,11,12,13,14,15,16,17,18,19,20,21,22,23,24,25,26,27,28,29",
                        "startColumns": "4,4,4,4,4,4,4,4,4,4,4,4,4,4,4,4,4,4,4,4,4,4,4,4,4,4,4,4",
                        "startOffsets": "105,211,309,419,505,607,728,806,883,974,1067,1162,1256,1356,1449,1544,1638,1729,1820,1901,2006,2108,2206,2316,2419,2528,2686,2787",
                        "endColumns": "105,97,109,85,101,120,77,76,90,92,94,93,99,92,94,93,90,90,80,104,101,97,109,102,108,157,100,81",
                        "endOffsets": "206,304,414,500,602,723,801,878,969,1062,1157,1251,1351,1444,1539,1633,1724,1815,1896,2001,2103,2201,2311,2414,2523,2681,2782,2864"
                    },
                    "to": {
                        "startLines": "6,7,8,9,10,11,12,13,14,15,16,17,18,19,20,21,22,23,24,25,26,27,28,29,30,31,32,132",
                        "startColumns": "4,4,4,4,4,4,4,4,4,4,4,4,4,4,4,4,4,4,4,4,4,4,4,4,4,4,4,4",
                        "startOffsets": "309,415,513,623,709,811,932,1010,1087,1178,1271,1366,1460,1560,1653,1748,1842,1933,2024,2105,2210,2312,2410,2520,2623,2732,2890,12148",
                        "endColumns": "105,97,109,85,101,120,77,76,90,92,94,93,99,92,94,93,90,90,80,104,101,97,109,102,108,157,100,81",
                        "endOffsets": "410,508,618,704,806,927,1005,1082,1173,1266,1361,1455,1555,1648,1743,1837,1928,2019,2100,2205,2307,2405,2515,2618,2727,2885,2986,12225"
                    }
                },
                {
                    "source": "C:\\Users\\Rossiny\\.gradle\\caches\\8.11.1\\transforms\\f8df79fe5a4781fd0bcc5bc761f7aa23\\transformed\\core-1.12.0\\res\\values-hi\\values-hi.xml",
                    "from": {
                        "startLines": "2,3,4,5,6,7,8,9",
                        "startColumns": "4,4,4,4,4,4,4,4",
                        "startOffsets": "55,153,256,361,462,575,681,808",
                        "endColumns": "97,102,104,100,112,105,126,100",
                        "endOffsets": "148,251,356,457,570,676,803,904"
                    },
                    "to": {
                        "startLines": "38,39,40,41,42,43,44,133",
                        "startColumns": "4,4,4,4,4,4,4,4",
                        "startOffsets": "3429,3527,3630,3735,3836,3949,4055,12230",
                        "endColumns": "97,102,104,100,112,105,126,100",
                        "endOffsets": "3522,3625,3730,3831,3944,4050,4177,12326"
                    }
                },
                {
                    "source": "C:\\Users\\Rossiny\\.gradle\\caches\\8.11.1\\transforms\\b1b8f4a1ab2a73d86dfa9e96bf6b879a\\transformed\\material-1.11.0\\res\\values-hi\\values-hi.xml",
                    "from": {
                        "startLines": "2,6,7,8,9,10,11,12,13,14,15,16,17,18,19,20,21,22,23,24,25,26,27,28,29,30,31,32,33,34,35,36,37,38,39,40,41,42,43,44,45,46,47,48,49,50,51,52,53,54,55,56,57,58,59,60,61,62,63,64,65,66,67,68,69,70,71,72,73",
                        "startColumns": "4,4,4,4,4,4,4,4,4,4,4,4,4,4,4,4,4,4,4,4,4,4,4,4,4,4,4,4,4,4,4,4,4,4,4,4,4,4,4,4,4,4,4,4,4,4,4,4,4,4,4,4,4,4,4,4,4,4,4,4,4,4,4,4,4,4,4,4,4",
                        "startOffsets": "100,259,337,413,494,601,697,804,936,1019,1084,1178,1247,1306,1391,1454,1517,1575,1640,1701,1762,1868,1926,1986,2045,2115,2231,2310,2390,2524,2599,2675,2812,2909,3007,3064,3119,3185,3255,3332,3418,3503,3571,3647,3728,3806,3907,3993,4080,4177,4276,4350,4420,4524,4578,4665,4732,4822,4914,4976,5040,5103,5169,5274,5384,5485,5592,5653,5712",
                        "endLines": "5,6,7,8,9,10,11,12,13,14,15,16,17,18,19,20,21,22,23,24,25,26,27,28,29,30,31,32,33,34,35,36,37,38,39,40,41,42,43,44,45,46,47,48,49,50,51,52,53,54,55,56,57,58,59,60,61,62,63,64,65,66,67,68,69,70,71,72,73",
                        "endColumns": "12,77,75,80,106,95,106,131,82,64,93,68,58,84,62,62,57,64,60,60,105,57,59,58,69,115,78,79,133,74,75,136,96,97,56,54,65,69,76,85,84,67,75,80,77,100,85,86,96,98,73,69,103,53,86,66,89,91,61,63,62,65,104,109,100,106,60,58,78",
                        "endOffsets": "254,332,408,489,596,692,799,931,1014,1079,1173,1242,1301,1386,1449,1512,1570,1635,1696,1757,1863,1921,1981,2040,2110,2226,2305,2385,2519,2594,2670,2807,2904,3002,3059,3114,3180,3250,3327,3413,3498,3566,3642,3723,3801,3902,3988,4075,4172,4271,4345,4415,4519,4573,4660,4727,4817,4909,4971,5035,5098,5164,5269,5379,5480,5587,5648,5707,5786"
                    },
                    "to": {
                        "startLines": "2,33,34,35,36,37,45,46,47,67,68,72,73,74,75,76,77,78,79,80,81,82,83,84,85,86,87,88,89,90,91,92,93,94,95,96,97,98,99,100,101,102,103,104,105,106,107,108,109,110,111,112,113,114,115,116,117,118,119,120,121,122,123,124,125,126,127,128,131",
                        "startColumns": "4,4,4,4,4,4,4,4,4,4,4,4,4,4,4,4,4,4,4,4,4,4,4,4,4,4,4,4,4,4,4,4,4,4,4,4,4,4,4,4,4,4,4,4,4,4,4,4,4,4,4,4,4,4,4,4,4,4,4,4,4,4,4,4,4,4,4,4,4",
                        "startOffsets": "150,2991,3069,3145,3226,3333,4182,4289,4421,6841,6906,7317,7386,7445,7530,7593,7656,7714,7779,7840,7901,8007,8065,8125,8184,8254,8370,8449,8529,8663,8738,8814,8951,9048,9146,9203,9258,9324,9394,9471,9557,9642,9710,9786,9867,9945,10046,10132,10219,10316,10415,10489,10559,10663,10717,10804,10871,10961,11053,11115,11179,11242,11308,11413,11523,11624,11731,11792,12069",
                        "endLines": "5,33,34,35,36,37,45,46,47,67,68,72,73,74,75,76,77,78,79,80,81,82,83,84,85,86,87,88,89,90,91,92,93,94,95,96,97,98,99,100,101,102,103,104,105,106,107,108,109,110,111,112,113,114,115,116,117,118,119,120,121,122,123,124,125,126,127,128,131",
                        "endColumns": "12,77,75,80,106,95,106,131,82,64,93,68,58,84,62,62,57,64,60,60,105,57,59,58,69,115,78,79,133,74,75,136,96,97,56,54,65,69,76,85,84,67,75,80,77,100,85,86,96,98,73,69,103,53,86,66,89,91,61,63,62,65,104,109,100,106,60,58,78",
                        "endOffsets": "304,3064,3140,3221,3328,3424,4284,4416,4499,6901,6995,7381,7440,7525,7588,7651,7709,7774,7835,7896,8002,8060,8120,8179,8249,8365,8444,8524,8658,8733,8809,8946,9043,9141,9198,9253,9319,9389,9466,9552,9637,9705,9781,9862,9940,10041,10127,10214,10311,10410,10484,10554,10658,10712,10799,10866,10956,11048,11110,11174,11237,11303,11408,11518,11619,11726,11787,11846,12143"
                    }
                },
                {
                    "source": "C:\\Users\\Rossiny\\.gradle\\caches\\8.11.1\\transforms\\98d997c6ad2b168db11d30212b38e419\\transformed\\navigation-ui-2.7.7\\res\\values-hi\\values-hi.xml",
                    "from": {
                        "startLines": "2,3",
                        "startColumns": "4,4",
                        "startOffsets": "55,159",
                        "endColumns": "103,113",
                        "endOffsets": "154,268"
                    },
                    "to": {
                        "startLines": "129,130",
                        "startColumns": "4,4",
                        "startOffsets": "11851,11955",
                        "endColumns": "103,113",
                        "endOffsets": "11950,12064"
                    }
                }
            ]
        }
    ]
}