{
    "logs": [
        {
            "outputFile": "com.example.gestaobilhares.app-mergeDebugResources-54:/values-am/values-am.xml",
            "map": [
                {
                    "source": "C:\\Users\\Rossiny\\.gradle\\caches\\8.11.1\\transforms\\9bcede38129a084b13735da953ff89f0\\transformed\\browser-1.4.0\\res\\values-am\\values-am.xml",
                    "from": {
                        "startLines": "2,3,4,5",
                        "startColumns": "4,4,4,4",
                        "startOffsets": "55,151,246,352",
                        "endColumns": "95,94,105,96",
                        "endOffsets": "146,241,347,444"
                    },
                    "to": {
                        "startLines": "66,69,70,71",
                        "startColumns": "4,4,4,4",
                        "startOffsets": "6267,6512,6607,6713",
                        "endColumns": "95,94,105,96",
                        "endOffsets": "6358,6602,6708,6805"
                    }
                },
                {
                    "source": "C:\\Users\\Rossiny\\.gradle\\caches\\8.11.1\\transforms\\2be5097ed239e2923198782eab3fa440\\transformed\\play-services-basement-18.1.0\\res\\values-am\\values.xml",
                    "from": {
                        "startLines": "4",
                        "startColumns": "0",
                        "startOffsets": "195",
                        "endColumns": "127",
                        "endOffsets": "322"
                    },
                    "to": {
                        "startLines": "56",
                        "startColumns": "4",
                        "startOffsets": "5186",
                        "endColumns": "131",
                        "endOffsets": "5313"
                    }
                },
                {
                    "source": "C:\\Users\\Rossiny\\.gradle\\caches\\8.11.1\\transforms\\e4b927923af59ee9d2fa5c4898a419bd\\transformed\\appcompat-1.6.1\\res\\values-am\\values-am.xml",
                    "from": {
                        "startLines": "2,3,4,5,6,7,8,9,10,11,12,13,14,15,16,17,18,19,20,21,22,23,24,25,26,27,28,29",
                        "startColumns": "4,4,4,4,4,4,4,4,4,4,4,4,4,4,4,4,4,4,4,4,4,4,4,4,4,4,4,4",
                        "startOffsets": "105,203,301,407,493,596,713,791,867,958,1051,1143,1237,1337,1430,1525,1618,1709,1800,1880,1980,2080,2176,2278,2378,2477,2627,2723",
                        "endColumns": "97,97,105,85,102,116,77,75,90,92,91,93,99,92,94,92,90,90,79,99,99,95,101,99,98,149,95,79",
                        "endOffsets": "198,296,402,488,591,708,786,862,953,1046,1138,1232,1332,1425,1520,1613,1704,1795,1875,1975,2075,2171,2273,2373,2472,2622,2718,2798"
                    },
                    "to": {
                        "startLines": "6,7,8,9,10,11,12,13,14,15,16,17,18,19,20,21,22,23,24,25,26,27,28,29,30,31,32,132",
                        "startColumns": "4,4,4,4,4,4,4,4,4,4,4,4,4,4,4,4,4,4,4,4,4,4,4,4,4,4,4,4",
                        "startOffsets": "311,409,507,613,699,802,919,997,1073,1164,1257,1349,1443,1543,1636,1731,1824,1915,2006,2086,2186,2286,2382,2484,2584,2683,2833,11297",
                        "endColumns": "97,97,105,85,102,116,77,75,90,92,91,93,99,92,94,92,90,90,79,99,99,95,101,99,98,149,95,79",
                        "endOffsets": "404,502,608,694,797,914,992,1068,1159,1252,1344,1438,1538,1631,1726,1819,1910,2001,2081,2181,2281,2377,2479,2579,2678,2828,2924,11372"
                    }
                },
                {
                    "source": "C:\\Users\\Rossiny\\.gradle\\caches\\8.11.1\\transforms\\98d997c6ad2b168db11d30212b38e419\\transformed\\navigation-ui-2.7.7\\res\\values-am\\values-am.xml",
                    "from": {
                        "startLines": "2,3",
                        "startColumns": "4,4",
                        "startOffsets": "55,159",
                        "endColumns": "103,109",
                        "endOffsets": "154,264"
                    },
                    "to": {
                        "startLines": "129,130",
                        "startColumns": "4,4",
                        "startOffsets": "11007,11111",
                        "endColumns": "103,109",
                        "endOffsets": "11106,11216"
                    }
                },
                {
                    "source": "C:\\Users\\Rossiny\\.gradle\\caches\\8.11.1\\transforms\\c2f8b797c5d7cd2b2985198d6365455b\\transformed\\play-services-base-18.0.1\\res\\values-am\\values.xml",
                    "from": {
                        "startLines": "4,5,6,7,8,9,10,11,12,13,14,15,16,17,18,19,20",
                        "startColumns": "0,0,0,0,0,0,0,0,0,0,0,0,0,0,0,0,0",
                        "startOffsets": "193,291,426,544,642,765,884,988,1086,1210,1309,1450,1569,1700,1823,1879,1932",
                        "endColumns": "97,134,117,97,122,118,103,97,123,98,140,118,130,122,55,52,66",
                        "endOffsets": "290,425,543,641,764,883,987,1085,1209,1308,1449,1568,1699,1822,1878,1931,1998"
                    },
                    "to": {
                        "startLines": "48,49,50,51,52,53,54,55,57,58,59,60,61,62,63,64,65",
                        "startColumns": "4,4,4,4,4,4,4,4,4,4,4,4,4,4,4,4,4",
                        "startOffsets": "4261,4363,4502,4624,4726,4853,4976,5084,5318,5446,5549,5694,5817,5952,6079,6139,6196",
                        "endColumns": "101,138,121,101,126,122,107,101,127,102,144,122,134,126,59,56,70",
                        "endOffsets": "4358,4497,4619,4721,4848,4971,5079,5181,5441,5544,5689,5812,5947,6074,6134,6191,6262"
                    }
                },
                {
                    "source": "C:\\Users\\Rossiny\\.gradle\\caches\\8.11.1\\transforms\\b1b8f4a1ab2a73d86dfa9e96bf6b879a\\transformed\\material-1.11.0\\res\\values-am\\values-am.xml",
                    "from": {
                        "startLines": "2,6,7,8,9,10,11,12,13,14,15,16,17,18,19,20,21,22,23,24,25,26,27,28,29,30,31,32,33,34,35,36,37,38,39,40,41,42,43,44,45,46,47,48,49,50,51,52,53,54,55,56,57,58,59,60,61,62,63,64,65,66,67,68,69,70,71,72,73",
                        "startColumns": "4,4,4,4,4,4,4,4,4,4,4,4,4,4,4,4,4,4,4,4,4,4,4,4,4,4,4,4,4,4,4,4,4,4,4,4,4,4,4,4,4,4,4,4,4,4,4,4,4,4,4,4,4,4,4,4,4,4,4,4,4,4,4,4,4,4,4,4,4",
                        "startOffsets": "100,261,332,400,475,557,638,727,829,906,970,1055,1117,1175,1260,1323,1385,1443,1509,1571,1626,1722,1779,1838,1894,1961,2066,2146,2227,2356,2429,2500,2614,2696,2772,2823,2874,2940,3006,3079,3160,3235,3303,3376,3447,3514,3612,3697,3764,3851,3939,4013,4081,4166,4217,4295,4359,4439,4521,4583,4647,4710,4776,4871,4966,5051,5142,5197,5252",
                        "endLines": "5,6,7,8,9,10,11,12,13,14,15,16,17,18,19,20,21,22,23,24,25,26,27,28,29,30,31,32,33,34,35,36,37,38,39,40,41,42,43,44,45,46,47,48,49,50,51,52,53,54,55,56,57,58,59,60,61,62,63,64,65,66,67,68,69,70,71,72,73",
                        "endColumns": "12,70,67,74,81,80,88,101,76,63,84,61,57,84,62,61,57,65,61,54,95,56,58,55,66,104,79,80,128,72,70,113,81,75,50,50,65,65,72,80,74,67,72,70,66,97,84,66,86,87,73,67,84,50,77,63,79,81,61,63,62,65,94,94,84,90,54,54,75",
                        "endOffsets": "256,327,395,470,552,633,722,824,901,965,1050,1112,1170,1255,1318,1380,1438,1504,1566,1621,1717,1774,1833,1889,1956,2061,2141,2222,2351,2424,2495,2609,2691,2767,2818,2869,2935,3001,3074,3155,3230,3298,3371,3442,3509,3607,3692,3759,3846,3934,4008,4076,4161,4212,4290,4354,4434,4516,4578,4642,4705,4771,4866,4961,5046,5137,5192,5247,5323"
                    },
                    "to": {
                        "startLines": "2,33,34,35,36,37,45,46,47,67,68,72,73,74,75,76,77,78,79,80,81,82,83,84,85,86,87,88,89,90,91,92,93,94,95,96,97,98,99,100,101,102,103,104,105,106,107,108,109,110,111,112,113,114,115,116,117,118,119,120,121,122,123,124,125,126,127,128,131",
                        "startColumns": "4,4,4,4,4,4,4,4,4,4,4,4,4,4,4,4,4,4,4,4,4,4,4,4,4,4,4,4,4,4,4,4,4,4,4,4,4,4,4,4,4,4,4,4,4,4,4,4,4,4,4,4,4,4,4,4,4,4,4,4,4,4,4,4,4,4,4,4,4",
                        "startOffsets": "150,2929,3000,3068,3143,3225,3993,4082,4184,6363,6427,6810,6872,6930,7015,7078,7140,7198,7264,7326,7381,7477,7534,7593,7649,7716,7821,7901,7982,8111,8184,8255,8369,8451,8527,8578,8629,8695,8761,8834,8915,8990,9058,9131,9202,9269,9367,9452,9519,9606,9694,9768,9836,9921,9972,10050,10114,10194,10276,10338,10402,10465,10531,10626,10721,10806,10897,10952,11221",
                        "endLines": "5,33,34,35,36,37,45,46,47,67,68,72,73,74,75,76,77,78,79,80,81,82,83,84,85,86,87,88,89,90,91,92,93,94,95,96,97,98,99,100,101,102,103,104,105,106,107,108,109,110,111,112,113,114,115,116,117,118,119,120,121,122,123,124,125,126,127,128,131",
                        "endColumns": "12,70,67,74,81,80,88,101,76,63,84,61,57,84,62,61,57,65,61,54,95,56,58,55,66,104,79,80,128,72,70,113,81,75,50,50,65,65,72,80,74,67,72,70,66,97,84,66,86,87,73,67,84,50,77,63,79,81,61,63,62,65,94,94,84,90,54,54,75",
                        "endOffsets": "306,2995,3063,3138,3220,3301,4077,4179,4256,6422,6507,6867,6925,7010,7073,7135,7193,7259,7321,7376,7472,7529,7588,7644,7711,7816,7896,7977,8106,8179,8250,8364,8446,8522,8573,8624,8690,8756,8829,8910,8985,9053,9126,9197,9264,9362,9447,9514,9601,9689,9763,9831,9916,9967,10045,10109,10189,10271,10333,10397,10460,10526,10621,10716,10801,10892,10947,11002,11292"
                    }
                },
                {
                    "source": "C:\\Users\\Rossiny\\.gradle\\caches\\8.11.1\\transforms\\f8df79fe5a4781fd0bcc5bc761f7aa23\\transformed\\core-1.12.0\\res\\values-am\\values-am.xml",
                    "from": {
                        "startLines": "2,3,4,5,6,7,8,9",
                        "startColumns": "4,4,4,4,4,4,4,4",
                        "startOffsets": "55,148,248,345,444,540,642,742",
                        "endColumns": "92,99,96,98,95,101,99,100",
                        "endOffsets": "143,243,340,439,535,637,737,838"
                    },
                    "to": {
                        "startLines": "38,39,40,41,42,43,44,133",
                        "startColumns": "4,4,4,4,4,4,4,4",
                        "startOffsets": "3306,3399,3499,3596,3695,3791,3893,11377",
                        "endColumns": "92,99,96,98,95,101,99,100",
                        "endOffsets": "3394,3494,3591,3690,3786,3888,3988,11473"
                    }
                }
            ]
        }
    ]
}