{
    "logs": [
        {
            "outputFile": "com.example.gestaobilhares.app-mergeDebugResources-54:/values-tr/values-tr.xml",
            "map": [
                {
                    "source": "C:\\Users\\Rossiny\\.gradle\\caches\\8.11.1\\transforms\\e4b927923af59ee9d2fa5c4898a419bd\\transformed\\appcompat-1.6.1\\res\\values-tr\\values-tr.xml",
                    "from": {
                        "startLines": "2,3,4,5,6,7,8,9,10,11,12,13,14,15,16,17,18,19,20,21,22,23,24,25,26,27,28,29",
                        "startColumns": "4,4,4,4,4,4,4,4,4,4,4,4,4,4,4,4,4,4,4,4,4,4,4,4,4,4,4,4",
                        "startOffsets": "105,219,318,430,515,621,741,821,896,987,1080,1172,1266,1366,1459,1561,1656,1747,1838,1917,2024,2128,2224,2331,2434,2543,2699,2797",
                        "endColumns": "113,98,111,84,105,119,79,74,90,92,91,93,99,92,101,94,90,90,78,106,103,95,106,102,108,155,97,79",
                        "endOffsets": "214,313,425,510,616,736,816,891,982,1075,1167,1261,1361,1454,1556,1651,1742,1833,1912,2019,2123,2219,2326,2429,2538,2694,2792,2872"
                    },
                    "to": {
                        "startLines": "6,7,8,9,10,11,12,13,14,15,16,17,18,19,20,21,22,23,24,25,26,27,28,29,30,31,32,132",
                        "startColumns": "4,4,4,4,4,4,4,4,4,4,4,4,4,4,4,4,4,4,4,4,4,4,4,4,4,4,4,4",
                        "startOffsets": "315,429,528,640,725,831,951,1031,1106,1197,1290,1382,1476,1576,1669,1771,1866,1957,2048,2127,2234,2338,2434,2541,2644,2753,2909,12010",
                        "endColumns": "113,98,111,84,105,119,79,74,90,92,91,93,99,92,101,94,90,90,78,106,103,95,106,102,108,155,97,79",
                        "endOffsets": "424,523,635,720,826,946,1026,1101,1192,1285,1377,1471,1571,1664,1766,1861,1952,2043,2122,2229,2333,2429,2536,2639,2748,2904,3002,12085"
                    }
                },
                {
                    "source": "C:\\Users\\Rossiny\\.gradle\\caches\\8.11.1\\transforms\\98d997c6ad2b168db11d30212b38e419\\transformed\\navigation-ui-2.7.7\\res\\values-tr\\values-tr.xml",
                    "from": {
                        "startLines": "2,3",
                        "startColumns": "4,4",
                        "startOffsets": "55,160",
                        "endColumns": "104,116",
                        "endOffsets": "155,272"
                    },
                    "to": {
                        "startLines": "129,130",
                        "startColumns": "4,4",
                        "startOffsets": "11709,11814",
                        "endColumns": "104,116",
                        "endOffsets": "11809,11926"
                    }
                },
                {
                    "source": "C:\\Users\\Rossiny\\.gradle\\caches\\8.11.1\\transforms\\c2f8b797c5d7cd2b2985198d6365455b\\transformed\\play-services-base-18.0.1\\res\\values-tr\\values.xml",
                    "from": {
                        "startLines": "4,5,6,7,8,9,10,11,12,13,14,15,16,17,18,19,20",
                        "startColumns": "0,0,0,0,0,0,0,0,0,0,0,0,0,0,0,0,0",
                        "startOffsets": "193,299,450,582,683,826,952,1075,1177,1345,1448,1601,1731,1872,2035,2093,2153",
                        "endColumns": "105,150,131,100,142,125,122,101,167,102,152,129,140,162,57,59,75",
                        "endOffsets": "298,449,581,682,825,951,1074,1176,1344,1447,1600,1730,1871,2034,2092,2152,2228"
                    },
                    "to": {
                        "startLines": "48,49,50,51,52,53,54,55,57,58,59,60,61,62,63,64,65",
                        "startColumns": "4,4,4,4,4,4,4,4,4,4,4,4,4,4,4,4,4",
                        "startOffsets": "4427,4537,4692,4828,4933,5080,5210,5337,5590,5762,5869,6026,6160,6305,6472,6534,6598",
                        "endColumns": "109,154,135,104,146,129,126,105,171,106,156,133,144,166,61,63,79",
                        "endOffsets": "4532,4687,4823,4928,5075,5205,5332,5438,5757,5864,6021,6155,6300,6467,6529,6593,6673"
                    }
                },
                {
                    "source": "C:\\Users\\Rossiny\\.gradle\\caches\\8.11.1\\transforms\\9bcede38129a084b13735da953ff89f0\\transformed\\browser-1.4.0\\res\\values-tr\\values-tr.xml",
                    "from": {
                        "startLines": "2,3,4,5",
                        "startColumns": "4,4,4,4",
                        "startOffsets": "55,155,261,368",
                        "endColumns": "99,105,106,105",
                        "endOffsets": "150,256,363,469"
                    },
                    "to": {
                        "startLines": "66,69,70,71",
                        "startColumns": "4,4,4,4",
                        "startOffsets": "6678,6933,7039,7146",
                        "endColumns": "99,105,106,105",
                        "endOffsets": "6773,7034,7141,7247"
                    }
                },
                {
                    "source": "C:\\Users\\Rossiny\\.gradle\\caches\\8.11.1\\transforms\\2be5097ed239e2923198782eab3fa440\\transformed\\play-services-basement-18.1.0\\res\\values-tr\\values.xml",
                    "from": {
                        "startLines": "4",
                        "startColumns": "0",
                        "startOffsets": "195",
                        "endColumns": "142",
                        "endOffsets": "337"
                    },
                    "to": {
                        "startLines": "56",
                        "startColumns": "4",
                        "startOffsets": "5443",
                        "endColumns": "146",
                        "endOffsets": "5585"
                    }
                },
                {
                    "source": "C:\\Users\\Rossiny\\.gradle\\caches\\8.11.1\\transforms\\b1b8f4a1ab2a73d86dfa9e96bf6b879a\\transformed\\material-1.11.0\\res\\values-tr\\values-tr.xml",
                    "from": {
                        "startLines": "2,6,7,8,9,10,11,12,13,14,15,16,17,18,19,20,21,22,23,24,25,26,27,28,29,30,31,32,33,34,35,36,37,38,39,40,41,42,43,44,45,46,47,48,49,50,51,52,53,54,55,56,57,58,59,60,61,62,63,64,65,66,67,68,69,70,71,72,73",
                        "startColumns": "4,4,4,4,4,4,4,4,4,4,4,4,4,4,4,4,4,4,4,4,4,4,4,4,4,4,4,4,4,4,4,4,4,4,4,4,4,4,4,4,4,4,4,4,4,4,4,4,4,4,4,4,4,4,4,4,4,4,4,4,4,4,4,4,4,4,4,4,4",
                        "startOffsets": "100,265,340,415,492,591,682,778,890,972,1036,1127,1204,1265,1356,1419,1482,1541,1610,1673,1727,1835,1893,1955,2009,2082,2203,2287,2378,2518,2595,2671,2802,2889,2965,3018,3072,3138,3208,3285,3368,3448,3519,3594,3672,3743,3844,3929,4018,4113,4206,4278,4350,4446,4498,4584,4651,4735,4825,4887,4951,5014,5084,5178,5280,5369,5469,5526,5584",
                        "endLines": "5,6,7,8,9,10,11,12,13,14,15,16,17,18,19,20,21,22,23,24,25,26,27,28,29,30,31,32,33,34,35,36,37,38,39,40,41,42,43,44,45,46,47,48,49,50,51,52,53,54,55,56,57,58,59,60,61,62,63,64,65,66,67,68,69,70,71,72,73",
                        "endColumns": "12,74,74,76,98,90,95,111,81,63,90,76,60,90,62,62,58,68,62,53,107,57,61,53,72,120,83,90,139,76,75,130,86,75,52,53,65,69,76,82,79,70,74,77,70,100,84,88,94,92,71,71,95,51,85,66,83,89,61,63,62,69,93,101,88,99,56,57,78",
                        "endOffsets": "260,335,410,487,586,677,773,885,967,1031,1122,1199,1260,1351,1414,1477,1536,1605,1668,1722,1830,1888,1950,2004,2077,2198,2282,2373,2513,2590,2666,2797,2884,2960,3013,3067,3133,3203,3280,3363,3443,3514,3589,3667,3738,3839,3924,4013,4108,4201,4273,4345,4441,4493,4579,4646,4730,4820,4882,4946,5009,5079,5173,5275,5364,5464,5521,5579,5658"
                    },
                    "to": {
                        "startLines": "2,33,34,35,36,37,45,46,47,67,68,72,73,74,75,76,77,78,79,80,81,82,83,84,85,86,87,88,89,90,91,92,93,94,95,96,97,98,99,100,101,102,103,104,105,106,107,108,109,110,111,112,113,114,115,116,117,118,119,120,121,122,123,124,125,126,127,128,131",
                        "startColumns": "4,4,4,4,4,4,4,4,4,4,4,4,4,4,4,4,4,4,4,4,4,4,4,4,4,4,4,4,4,4,4,4,4,4,4,4,4,4,4,4,4,4,4,4,4,4,4,4,4,4,4,4,4,4,4,4,4,4,4,4,4,4,4,4,4,4,4,4,4",
                        "startOffsets": "150,3007,3082,3157,3234,3333,4137,4233,4345,6778,6842,7252,7329,7390,7481,7544,7607,7666,7735,7798,7852,7960,8018,8080,8134,8207,8328,8412,8503,8643,8720,8796,8927,9014,9090,9143,9197,9263,9333,9410,9493,9573,9644,9719,9797,9868,9969,10054,10143,10238,10331,10403,10475,10571,10623,10709,10776,10860,10950,11012,11076,11139,11209,11303,11405,11494,11594,11651,11931",
                        "endLines": "5,33,34,35,36,37,45,46,47,67,68,72,73,74,75,76,77,78,79,80,81,82,83,84,85,86,87,88,89,90,91,92,93,94,95,96,97,98,99,100,101,102,103,104,105,106,107,108,109,110,111,112,113,114,115,116,117,118,119,120,121,122,123,124,125,126,127,128,131",
                        "endColumns": "12,74,74,76,98,90,95,111,81,63,90,76,60,90,62,62,58,68,62,53,107,57,61,53,72,120,83,90,139,76,75,130,86,75,52,53,65,69,76,82,79,70,74,77,70,100,84,88,94,92,71,71,95,51,85,66,83,89,61,63,62,69,93,101,88,99,56,57,78",
                        "endOffsets": "310,3077,3152,3229,3328,3419,4228,4340,4422,6837,6928,7324,7385,7476,7539,7602,7661,7730,7793,7847,7955,8013,8075,8129,8202,8323,8407,8498,8638,8715,8791,8922,9009,9085,9138,9192,9258,9328,9405,9488,9568,9639,9714,9792,9863,9964,10049,10138,10233,10326,10398,10470,10566,10618,10704,10771,10855,10945,11007,11071,11134,11204,11298,11400,11489,11589,11646,11704,12005"
                    }
                },
                {
                    "source": "C:\\Users\\Rossiny\\.gradle\\caches\\8.11.1\\transforms\\f8df79fe5a4781fd0bcc5bc761f7aa23\\transformed\\core-1.12.0\\res\\values-tr\\values-tr.xml",
                    "from": {
                        "startLines": "2,3,4,5,6,7,8,9",
                        "startColumns": "4,4,4,4,4,4,4,4",
                        "startOffsets": "55,152,254,352,449,551,657,768",
                        "endColumns": "96,101,97,96,101,105,110,100",
                        "endOffsets": "147,249,347,444,546,652,763,864"
                    },
                    "to": {
                        "startLines": "38,39,40,41,42,43,44,133",
                        "startColumns": "4,4,4,4,4,4,4,4",
                        "startOffsets": "3424,3521,3623,3721,3818,3920,4026,12090",
                        "endColumns": "96,101,97,96,101,105,110,100",
                        "endOffsets": "3516,3618,3716,3813,3915,4021,4132,12186"
                    }
                }
            ]
        }
    ]
}