{
    "logs": [
        {
            "outputFile": "com.example.gestaobilhares.app-mergeDebugResources-54:/values-bs/values-bs.xml",
            "map": [
                {
                    "source": "C:\\Users\\Rossiny\\.gradle\\caches\\8.11.1\\transforms\\e4b927923af59ee9d2fa5c4898a419bd\\transformed\\appcompat-1.6.1\\res\\values-bs\\values-bs.xml",
                    "from": {
                        "startLines": "2,3,4,5,6,7,8,9,10,11,12,13,14,15,16,17,18,19,20,21,22,23,24,25,26,27,28,29",
                        "startColumns": "4,4,4,4,4,4,4,4,4,4,4,4,4,4,4,4,4,4,4,4,4,4,4,4,4,4,4,4",
                        "startOffsets": "105,226,323,430,516,620,742,827,909,1000,1093,1188,1282,1382,1475,1570,1665,1756,1847,1935,2038,2142,2243,2348,2462,2565,2734,2830",
                        "endColumns": "120,96,106,85,103,121,84,81,90,92,94,93,99,92,94,94,90,90,87,102,103,100,104,113,102,168,95,86",
                        "endOffsets": "221,318,425,511,615,737,822,904,995,1088,1183,1277,1377,1470,1565,1660,1751,1842,1930,2033,2137,2238,2343,2457,2560,2729,2825,2912"
                    },
                    "to": {
                        "startLines": "7,8,9,10,11,12,13,14,15,16,17,18,19,20,21,22,23,24,25,26,27,28,29,30,31,32,33,133",
                        "startColumns": "4,4,4,4,4,4,4,4,4,4,4,4,4,4,4,4,4,4,4,4,4,4,4,4,4,4,4,4",
                        "startOffsets": "377,498,595,702,788,892,1014,1099,1181,1272,1365,1460,1554,1654,1747,1842,1937,2028,2119,2207,2310,2414,2515,2620,2734,2837,3006,12198",
                        "endColumns": "120,96,106,85,103,121,84,81,90,92,94,93,99,92,94,94,90,90,87,102,103,100,104,113,102,168,95,86",
                        "endOffsets": "493,590,697,783,887,1009,1094,1176,1267,1360,1455,1549,1649,1742,1837,1932,2023,2114,2202,2305,2409,2510,2615,2729,2832,3001,3097,12280"
                    }
                },
                {
                    "source": "C:\\Users\\Rossiny\\.gradle\\caches\\8.11.1\\transforms\\c2f8b797c5d7cd2b2985198d6365455b\\transformed\\play-services-base-18.0.1\\res\\values-bs\\values.xml",
                    "from": {
                        "startLines": "4,5,6,7,8,9,10,11,12,13,14,15,16,17,18,19,20",
                        "startColumns": "0,0,0,0,0,0,0,0,0,0,0,0,0,0,0,0,0",
                        "startOffsets": "193,295,451,573,679,825,947,1055,1153,1303,1406,1563,1686,1832,1974,2038,2096",
                        "endColumns": "101,155,121,105,145,121,107,97,149,102,156,122,145,141,63,57,80",
                        "endOffsets": "294,450,572,678,824,946,1054,1152,1302,1405,1562,1685,1831,1973,2037,2095,2176"
                    },
                    "to": {
                        "startLines": "49,50,51,52,53,54,55,56,58,59,60,61,62,63,64,65,66",
                        "startColumns": "4,4,4,4,4,4,4,4,4,4,4,4,4,4,4,4,4",
                        "startOffsets": "4567,4673,4833,4959,5069,5219,5345,5457,5700,5854,5961,6122,6249,6399,6545,6613,6675",
                        "endColumns": "105,159,125,109,149,125,111,101,153,106,160,126,149,145,67,61,84",
                        "endOffsets": "4668,4828,4954,5064,5214,5340,5452,5554,5849,5956,6117,6244,6394,6540,6608,6670,6755"
                    }
                },
                {
                    "source": "C:\\Users\\Rossiny\\.gradle\\caches\\8.11.1\\transforms\\f8df79fe5a4781fd0bcc5bc761f7aa23\\transformed\\core-1.12.0\\res\\values-bs\\values-bs.xml",
                    "from": {
                        "startLines": "2,3,4,5,6,7,8,9",
                        "startColumns": "4,4,4,4,4,4,4,4",
                        "startOffsets": "55,153,255,353,457,561,663,780",
                        "endColumns": "97,101,97,103,103,101,116,100",
                        "endOffsets": "148,250,348,452,556,658,775,876"
                    },
                    "to": {
                        "startLines": "39,40,41,42,43,44,45,134",
                        "startColumns": "4,4,4,4,4,4,4,4",
                        "startOffsets": "3539,3637,3739,3837,3941,4045,4147,12285",
                        "endColumns": "97,101,97,103,103,101,116,100",
                        "endOffsets": "3632,3734,3832,3936,4040,4142,4259,12381"
                    }
                },
                {
                    "source": "C:\\Users\\Rossiny\\.gradle\\caches\\8.11.1\\transforms\\2be5097ed239e2923198782eab3fa440\\transformed\\play-services-basement-18.1.0\\res\\values-bs\\values.xml",
                    "from": {
                        "startLines": "4",
                        "startColumns": "0",
                        "startOffsets": "195",
                        "endColumns": "136",
                        "endOffsets": "331"
                    },
                    "to": {
                        "startLines": "57",
                        "startColumns": "4",
                        "startOffsets": "5559",
                        "endColumns": "140",
                        "endOffsets": "5695"
                    }
                },
                {
                    "source": "C:\\Users\\Rossiny\\.gradle\\caches\\8.11.1\\transforms\\9bcede38129a084b13735da953ff89f0\\transformed\\browser-1.4.0\\res\\values-bs\\values-bs.xml",
                    "from": {
                        "startLines": "2,3,4,5",
                        "startColumns": "4,4,4,4",
                        "startOffsets": "55,159,259,373",
                        "endColumns": "103,99,113,99",
                        "endOffsets": "154,254,368,468"
                    },
                    "to": {
                        "startLines": "67,70,71,72",
                        "startColumns": "4,4,4,4",
                        "startOffsets": "6760,7022,7122,7236",
                        "endColumns": "103,99,113,99",
                        "endOffsets": "6859,7117,7231,7331"
                    }
                },
                {
                    "source": "C:\\Users\\Rossiny\\.gradle\\caches\\8.11.1\\transforms\\98d997c6ad2b168db11d30212b38e419\\transformed\\navigation-ui-2.7.7\\res\\values-bs\\values-bs.xml",
                    "from": {
                        "startLines": "2,3",
                        "startColumns": "4,4",
                        "startOffsets": "55,158",
                        "endColumns": "102,124",
                        "endOffsets": "153,278"
                    },
                    "to": {
                        "startLines": "130,131",
                        "startColumns": "4,4",
                        "startOffsets": "11890,11993",
                        "endColumns": "102,124",
                        "endOffsets": "11988,12113"
                    }
                },
                {
                    "source": "C:\\Users\\Rossiny\\.gradle\\caches\\8.11.1\\transforms\\b1b8f4a1ab2a73d86dfa9e96bf6b879a\\transformed\\material-1.11.0\\res\\values-bs\\values-bs.xml",
                    "from": {
                        "startLines": "2,7,8,9,10,11,12,13,14,15,16,17,18,19,20,21,22,23,24,25,26,27,28,29,30,31,32,33,34,35,36,37,38,39,40,41,42,43,44,45,46,47,48,49,50,51,52,53,54,55,56,57,58,59,60,61,62,63,64,65,66,67,68,69,70,71,72,73,74",
                        "startColumns": "4,4,4,4,4,4,4,4,4,4,4,4,4,4,4,4,4,4,4,4,4,4,4,4,4,4,4,4,4,4,4,4,4,4,4,4,4,4,4,4,4,4,4,4,4,4,4,4,4,4,4,4,4,4,4,4,4,4,4,4,4,4,4,4,4,4,4,4,4",
                        "startOffsets": "100,327,406,486,568,670,764,860,986,1067,1133,1225,1302,1365,1473,1533,1599,1655,1726,1786,1840,1959,2016,2078,2132,2207,2331,2419,2502,2647,2732,2818,2951,3039,3117,3171,3225,3291,3365,3443,3530,3612,3684,3761,3834,3904,4013,4106,4178,4270,4366,4440,4516,4612,4665,4747,4814,4901,4988,5050,5114,5177,5246,5354,5459,5560,5663,5721,5779",
                        "endLines": "6,7,8,9,10,11,12,13,14,15,16,17,18,19,20,21,22,23,24,25,26,27,28,29,30,31,32,33,34,35,36,37,38,39,40,41,42,43,44,45,46,47,48,49,50,51,52,53,54,55,56,57,58,59,60,61,62,63,64,65,66,67,68,69,70,71,72,73,74",
                        "endColumns": "12,78,79,81,101,93,95,125,80,65,91,76,62,107,59,65,55,70,59,53,118,56,61,53,74,123,87,82,144,84,85,132,87,77,53,53,65,73,77,86,81,71,76,72,69,108,92,71,91,95,73,75,95,52,81,66,86,86,61,63,62,68,107,104,100,102,57,57,79",
                        "endOffsets": "322,401,481,563,665,759,855,981,1062,1128,1220,1297,1360,1468,1528,1594,1650,1721,1781,1835,1954,2011,2073,2127,2202,2326,2414,2497,2642,2727,2813,2946,3034,3112,3166,3220,3286,3360,3438,3525,3607,3679,3756,3829,3899,4008,4101,4173,4265,4361,4435,4511,4607,4660,4742,4809,4896,4983,5045,5109,5172,5241,5349,5454,5555,5658,5716,5774,5854"
                    },
                    "to": {
                        "startLines": "2,34,35,36,37,38,46,47,48,68,69,73,74,75,76,77,78,79,80,81,82,83,84,85,86,87,88,89,90,91,92,93,94,95,96,97,98,99,100,101,102,103,104,105,106,107,108,109,110,111,112,113,114,115,116,117,118,119,120,121,122,123,124,125,126,127,128,129,132",
                        "startColumns": "4,4,4,4,4,4,4,4,4,4,4,4,4,4,4,4,4,4,4,4,4,4,4,4,4,4,4,4,4,4,4,4,4,4,4,4,4,4,4,4,4,4,4,4,4,4,4,4,4,4,4,4,4,4,4,4,4,4,4,4,4,4,4,4,4,4,4,4,4",
                        "startOffsets": "150,3102,3181,3261,3343,3445,4264,4360,4486,6864,6930,7336,7413,7476,7584,7644,7710,7766,7837,7897,7951,8070,8127,8189,8243,8318,8442,8530,8613,8758,8843,8929,9062,9150,9228,9282,9336,9402,9476,9554,9641,9723,9795,9872,9945,10015,10124,10217,10289,10381,10477,10551,10627,10723,10776,10858,10925,11012,11099,11161,11225,11288,11357,11465,11570,11671,11774,11832,12118",
                        "endLines": "6,34,35,36,37,38,46,47,48,68,69,73,74,75,76,77,78,79,80,81,82,83,84,85,86,87,88,89,90,91,92,93,94,95,96,97,98,99,100,101,102,103,104,105,106,107,108,109,110,111,112,113,114,115,116,117,118,119,120,121,122,123,124,125,126,127,128,129,132",
                        "endColumns": "12,78,79,81,101,93,95,125,80,65,91,76,62,107,59,65,55,70,59,53,118,56,61,53,74,123,87,82,144,84,85,132,87,77,53,53,65,73,77,86,81,71,76,72,69,108,92,71,91,95,73,75,95,52,81,66,86,86,61,63,62,68,107,104,100,102,57,57,79",
                        "endOffsets": "372,3176,3256,3338,3440,3534,4355,4481,4562,6925,7017,7408,7471,7579,7639,7705,7761,7832,7892,7946,8065,8122,8184,8238,8313,8437,8525,8608,8753,8838,8924,9057,9145,9223,9277,9331,9397,9471,9549,9636,9718,9790,9867,9940,10010,10119,10212,10284,10376,10472,10546,10622,10718,10771,10853,10920,11007,11094,11156,11220,11283,11352,11460,11565,11666,11769,11827,11885,12193"
                    }
                }
            ]
        }
    ]
}