{
    "logs": [
        {
            "outputFile": "com.example.gestaobilhares.app-mergeDebugResources-54:/values-en-rCA/values-en-rCA.xml",
            "map": [
                {
                    "source": "C:\\Users\\Rossiny\\.gradle\\caches\\8.11.1\\transforms\\9bcede38129a084b13735da953ff89f0\\transformed\\browser-1.4.0\\res\\values-en-rCA\\values-en-rCA.xml",
                    "from": {
                        "startLines": "2,3,4,5",
                        "startColumns": "4,4,4,4",
                        "startOffsets": "55,153,250,359",
                        "endColumns": "97,96,108,98",
                        "endOffsets": "148,245,354,453"
                    },
                    "to": {
                        "startLines": "36,37,38,39",
                        "startColumns": "4,4,4,4",
                        "startOffsets": "3480,3578,3675,3784",
                        "endColumns": "97,96,108,98",
                        "endOffsets": "3573,3670,3779,3878"
                    }
                },
                {
                    "source": "C:\\Users\\Rossiny\\.gradle\\caches\\8.11.1\\transforms\\f8df79fe5a4781fd0bcc5bc761f7aa23\\transformed\\core-1.12.0\\res\\values-en-rCA\\values-en-rCA.xml",
                    "from": {
                        "startLines": "2,3,4,5,6,7,8,9",
                        "startColumns": "4,4,4,4,4,4,4,4",
                        "startOffsets": "55,151,253,352,451,555,657,773",
                        "endColumns": "95,101,98,98,103,101,115,100",
                        "endOffsets": "146,248,347,446,550,652,768,869"
                    },
                    "to": {
                        "startLines": "29,30,31,32,33,34,35,41",
                        "startColumns": "4,4,4,4,4,4,4,4",
                        "startOffsets": "2762,2858,2960,3059,3158,3262,3364,3966",
                        "endColumns": "95,101,98,98,103,101,115,100",
                        "endOffsets": "2853,2955,3054,3153,3257,3359,3475,4062"
                    }
                },
                {
                    "source": "C:\\Users\\Rossiny\\.gradle\\caches\\8.11.1\\transforms\\e4b927923af59ee9d2fa5c4898a419bd\\transformed\\appcompat-1.6.1\\res\\values-en-rCA\\values-en-rCA.xml",
                    "from": {
                        "startLines": "2,3,4,5,6,7,8,9,10,11,12,13,14,15,16,17,18,19,20,21,22,23,24,25,26,27,28,29",
                        "startColumns": "4,4,4,4,4,4,4,4,4,4,4,4,4,4,4,4,4,4,4,4,4,4,4,4,4,4,4,4",
                        "startOffsets": "105,209,309,417,501,601,716,794,869,960,1053,1148,1242,1342,1435,1530,1624,1715,1806,1888,1991,2094,2193,2298,2402,2506,2662,2762",
                        "endColumns": "103,99,107,83,99,114,77,74,90,92,94,93,99,92,94,93,90,90,81,102,102,98,104,103,103,155,99,82",
                        "endOffsets": "204,304,412,496,596,711,789,864,955,1048,1143,1237,1337,1430,1525,1619,1710,1801,1883,1986,2089,2188,2293,2397,2501,2657,2757,2840"
                    },
                    "to": {
                        "startLines": "2,3,4,5,6,7,8,9,10,11,12,13,14,15,16,17,18,19,20,21,22,23,24,25,26,27,28,40",
                        "startColumns": "4,4,4,4,4,4,4,4,4,4,4,4,4,4,4,4,4,4,4,4,4,4,4,4,4,4,4,4",
                        "startOffsets": "105,209,309,417,501,601,716,794,869,960,1053,1148,1242,1342,1435,1530,1624,1715,1806,1888,1991,2094,2193,2298,2402,2506,2662,3883",
                        "endColumns": "103,99,107,83,99,114,77,74,90,92,94,93,99,92,94,93,90,90,81,102,102,98,104,103,103,155,99,82",
                        "endOffsets": "204,304,412,496,596,711,789,864,955,1048,1143,1237,1337,1430,1525,1619,1710,1801,1883,1986,2089,2188,2293,2397,2501,2657,2757,3961"
                    }
                }
            ]
        }
    ]
}