{
    "logs": [
        {
            "outputFile": "com.example.gestaobilhares.app-mergeDebugResources-54:/values-uk/values-uk.xml",
            "map": [
                {
                    "source": "C:\\Users\\Rossiny\\.gradle\\caches\\8.11.1\\transforms\\c2f8b797c5d7cd2b2985198d6365455b\\transformed\\play-services-base-18.0.1\\res\\values-uk\\values.xml",
                    "from": {
                        "startLines": "4,5,6,7,8,9,10,11,12,13,14,15,16,17,18,19,20",
                        "startColumns": "0,0,0,0,0,0,0,0,0,0,0,0,0,0,0,0,0",
                        "startOffsets": "193,297,456,579,685,835,960,1071,1172,1336,1438,1596,1717,1860,1998,2064,2121",
                        "endColumns": "103,158,122,105,149,124,110,100,163,101,157,120,142,137,65,56,83",
                        "endOffsets": "296,455,578,684,834,959,1070,1171,1335,1437,1595,1716,1859,1997,2063,2120,2204"
                    },
                    "to": {
                        "startLines": "50,51,52,53,54,55,56,57,59,60,61,62,63,64,65,66,67",
                        "startColumns": "4,4,4,4,4,4,4,4,4,4,4,4,4,4,4,4,4",
                        "startOffsets": "4613,4721,4884,5011,5121,5275,5404,5519,5770,5938,6044,6206,6331,6478,6620,6690,6751",
                        "endColumns": "107,162,126,109,153,128,114,104,167,105,161,124,146,141,69,60,87",
                        "endOffsets": "4716,4879,5006,5116,5270,5399,5514,5619,5933,6039,6201,6326,6473,6615,6685,6746,6834"
                    }
                },
                {
                    "source": "C:\\Users\\Rossiny\\.gradle\\caches\\8.11.1\\transforms\\e4b927923af59ee9d2fa5c4898a419bd\\transformed\\appcompat-1.6.1\\res\\values-uk\\values-uk.xml",
                    "from": {
                        "startLines": "2,3,4,5,6,7,8,9,10,11,12,13,14,15,16,17,18,19,20,21,22,23,24,25,26,27,28,29",
                        "startColumns": "4,4,4,4,4,4,4,4,4,4,4,4,4,4,4,4,4,4,4,4,4,4,4,4,4,4,4,4",
                        "startOffsets": "105,214,316,424,510,615,733,814,893,984,1077,1172,1266,1366,1459,1554,1649,1740,1831,1930,2036,2142,2240,2347,2454,2559,2729,2829",
                        "endColumns": "108,101,107,85,104,117,80,78,90,92,94,93,99,92,94,94,90,90,98,105,105,97,106,106,104,169,99,81",
                        "endOffsets": "209,311,419,505,610,728,809,888,979,1072,1167,1261,1361,1454,1549,1644,1735,1826,1925,2031,2137,2235,2342,2449,2554,2724,2824,2906"
                    },
                    "to": {
                        "startLines": "8,9,10,11,12,13,14,15,16,17,18,19,20,21,22,23,24,25,26,27,28,29,30,31,32,33,34,134",
                        "startColumns": "4,4,4,4,4,4,4,4,4,4,4,4,4,4,4,4,4,4,4,4,4,4,4,4,4,4,4,4",
                        "startOffsets": "424,533,635,743,829,934,1052,1133,1212,1303,1396,1491,1585,1685,1778,1873,1968,2059,2150,2249,2355,2461,2559,2666,2773,2878,3048,12291",
                        "endColumns": "108,101,107,85,104,117,80,78,90,92,94,93,99,92,94,94,90,90,98,105,105,97,106,106,104,169,99,81",
                        "endOffsets": "528,630,738,824,929,1047,1128,1207,1298,1391,1486,1580,1680,1773,1868,1963,2054,2145,2244,2350,2456,2554,2661,2768,2873,3043,3143,12368"
                    }
                },
                {
                    "source": "C:\\Users\\Rossiny\\.gradle\\caches\\8.11.1\\transforms\\98d997c6ad2b168db11d30212b38e419\\transformed\\navigation-ui-2.7.7\\res\\values-uk\\values-uk.xml",
                    "from": {
                        "startLines": "2,3",
                        "startColumns": "4,4",
                        "startOffsets": "55,163",
                        "endColumns": "107,119",
                        "endOffsets": "158,278"
                    },
                    "to": {
                        "startLines": "131,132",
                        "startColumns": "4,4",
                        "startOffsets": "11981,12089",
                        "endColumns": "107,119",
                        "endOffsets": "12084,12204"
                    }
                },
                {
                    "source": "C:\\Users\\Rossiny\\.gradle\\caches\\8.11.1\\transforms\\2be5097ed239e2923198782eab3fa440\\transformed\\play-services-basement-18.1.0\\res\\values-uk\\values.xml",
                    "from": {
                        "startLines": "4",
                        "startColumns": "0",
                        "startOffsets": "195",
                        "endColumns": "141",
                        "endOffsets": "336"
                    },
                    "to": {
                        "startLines": "58",
                        "startColumns": "4",
                        "startOffsets": "5624",
                        "endColumns": "145",
                        "endOffsets": "5765"
                    }
                },
                {
                    "source": "C:\\Users\\Rossiny\\.gradle\\caches\\8.11.1\\transforms\\9bcede38129a084b13735da953ff89f0\\transformed\\browser-1.4.0\\res\\values-uk\\values-uk.xml",
                    "from": {
                        "startLines": "2,3,4,5",
                        "startColumns": "4,4,4,4",
                        "startOffsets": "55,165,272,392",
                        "endColumns": "109,106,119,107",
                        "endOffsets": "160,267,387,495"
                    },
                    "to": {
                        "startLines": "68,71,72,73",
                        "startColumns": "4,4,4,4",
                        "startOffsets": "6839,7107,7214,7334",
                        "endColumns": "109,106,119,107",
                        "endOffsets": "6944,7209,7329,7437"
                    }
                },
                {
                    "source": "C:\\Users\\Rossiny\\.gradle\\caches\\8.11.1\\transforms\\b1b8f4a1ab2a73d86dfa9e96bf6b879a\\transformed\\material-1.11.0\\res\\values-uk\\values-uk.xml",
                    "from": {
                        "startLines": "2,8,9,10,11,12,13,14,15,16,17,18,19,20,21,22,23,24,25,26,27,28,29,30,31,32,33,34,35,36,37,38,39,40,41,42,43,44,45,46,47,48,49,50,51,52,53,54,55,56,57,58,59,60,61,62,63,64,65,66,67,68,69,70,71,72,73,74,75",
                        "startColumns": "4,4,4,4,4,4,4,4,4,4,4,4,4,4,4,4,4,4,4,4,4,4,4,4,4,4,4,4,4,4,4,4,4,4,4,4,4,4,4,4,4,4,4,4,4,4,4,4,4,4,4,4,4,4,4,4,4,4,4,4,4,4,4,4,4,4,4,4,4",
                        "startOffsets": "100,374,452,530,618,726,817,913,1029,1112,1179,1270,1336,1399,1487,1549,1616,1674,1745,1804,1858,1972,2032,2095,2149,2222,2341,2427,2510,2649,2734,2821,2954,3042,3120,3177,3228,3294,3366,3442,3532,3615,3688,3765,3846,3920,4029,4119,4198,4289,4385,4459,4540,4635,4689,4771,4837,4924,5010,5072,5136,5199,5272,5379,5489,5587,5693,5754,5809",
                        "endLines": "7,8,9,10,11,12,13,14,15,16,17,18,19,20,21,22,23,24,25,26,27,28,29,30,31,32,33,34,35,36,37,38,39,40,41,42,43,44,45,46,47,48,49,50,51,52,53,54,55,56,57,58,59,60,61,62,63,64,65,66,67,68,69,70,71,72,73,74,75",
                        "endColumns": "12,77,77,87,107,90,95,115,82,66,90,65,62,87,61,66,57,70,58,53,113,59,62,53,72,118,85,82,138,84,86,132,87,77,56,50,65,71,75,89,82,72,76,80,73,108,89,78,90,95,73,80,94,53,81,65,86,85,61,63,62,72,106,109,97,105,60,54,81",
                        "endOffsets": "369,447,525,613,721,812,908,1024,1107,1174,1265,1331,1394,1482,1544,1611,1669,1740,1799,1853,1967,2027,2090,2144,2217,2336,2422,2505,2644,2729,2816,2949,3037,3115,3172,3223,3289,3361,3437,3527,3610,3683,3760,3841,3915,4024,4114,4193,4284,4380,4454,4535,4630,4684,4766,4832,4919,5005,5067,5131,5194,5267,5374,5484,5582,5688,5749,5804,5886"
                    },
                    "to": {
                        "startLines": "2,35,36,37,38,39,47,48,49,69,70,74,75,76,77,78,79,80,81,82,83,84,85,86,87,88,89,90,91,92,93,94,95,96,97,98,99,100,101,102,103,104,105,106,107,108,109,110,111,112,113,114,115,116,117,118,119,120,121,122,123,124,125,126,127,128,129,130,133",
                        "startColumns": "4,4,4,4,4,4,4,4,4,4,4,4,4,4,4,4,4,4,4,4,4,4,4,4,4,4,4,4,4,4,4,4,4,4,4,4,4,4,4,4,4,4,4,4,4,4,4,4,4,4,4,4,4,4,4,4,4,4,4,4,4,4,4,4,4,4,4,4,4",
                        "startOffsets": "150,3148,3226,3304,3392,3500,4318,4414,4530,6949,7016,7442,7508,7571,7659,7721,7788,7846,7917,7976,8030,8144,8204,8267,8321,8394,8513,8599,8682,8821,8906,8993,9126,9214,9292,9349,9400,9466,9538,9614,9704,9787,9860,9937,10018,10092,10201,10291,10370,10461,10557,10631,10712,10807,10861,10943,11009,11096,11182,11244,11308,11371,11444,11551,11661,11759,11865,11926,12209",
                        "endLines": "7,35,36,37,38,39,47,48,49,69,70,74,75,76,77,78,79,80,81,82,83,84,85,86,87,88,89,90,91,92,93,94,95,96,97,98,99,100,101,102,103,104,105,106,107,108,109,110,111,112,113,114,115,116,117,118,119,120,121,122,123,124,125,126,127,128,129,130,133",
                        "endColumns": "12,77,77,87,107,90,95,115,82,66,90,65,62,87,61,66,57,70,58,53,113,59,62,53,72,118,85,82,138,84,86,132,87,77,56,50,65,71,75,89,82,72,76,80,73,108,89,78,90,95,73,80,94,53,81,65,86,85,61,63,62,72,106,109,97,105,60,54,81",
                        "endOffsets": "419,3221,3299,3387,3495,3586,4409,4525,4608,7011,7102,7503,7566,7654,7716,7783,7841,7912,7971,8025,8139,8199,8262,8316,8389,8508,8594,8677,8816,8901,8988,9121,9209,9287,9344,9395,9461,9533,9609,9699,9782,9855,9932,10013,10087,10196,10286,10365,10456,10552,10626,10707,10802,10856,10938,11004,11091,11177,11239,11303,11366,11439,11546,11656,11754,11860,11921,11976,12286"
                    }
                },
                {
                    "source": "C:\\Users\\Rossiny\\.gradle\\caches\\8.11.1\\transforms\\f8df79fe5a4781fd0bcc5bc761f7aa23\\transformed\\core-1.12.0\\res\\values-uk\\values-uk.xml",
                    "from": {
                        "startLines": "2,3,4,5,6,7,8,9",
                        "startColumns": "4,4,4,4,4,4,4,4",
                        "startOffsets": "55,155,257,358,459,564,669,782",
                        "endColumns": "99,101,100,100,104,104,112,100",
                        "endOffsets": "150,252,353,454,559,664,777,878"
                    },
                    "to": {
                        "startLines": "40,41,42,43,44,45,46,135",
                        "startColumns": "4,4,4,4,4,4,4,4",
                        "startOffsets": "3591,3691,3793,3894,3995,4100,4205,12373",
                        "endColumns": "99,101,100,100,104,104,112,100",
                        "endOffsets": "3686,3788,3889,3990,4095,4200,4313,12469"
                    }
                }
            ]
        }
    ]
}