{
    "logs": [
        {
            "outputFile": "com.example.gestaobilhares.app-mergeDebugResources-54:/values-hy/values-hy.xml",
            "map": [
                {
                    "source": "C:\\Users\\Rossiny\\.gradle\\caches\\8.11.1\\transforms\\2be5097ed239e2923198782eab3fa440\\transformed\\play-services-basement-18.1.0\\res\\values-hy\\values.xml",
                    "from": {
                        "startLines": "4",
                        "startColumns": "0",
                        "startOffsets": "195",
                        "endColumns": "146",
                        "endOffsets": "341"
                    },
                    "to": {
                        "startLines": "56",
                        "startColumns": "4",
                        "startOffsets": "5505",
                        "endColumns": "150",
                        "endOffsets": "5651"
                    }
                },
                {
                    "source": "C:\\Users\\Rossiny\\.gradle\\caches\\8.11.1\\transforms\\c2f8b797c5d7cd2b2985198d6365455b\\transformed\\play-services-base-18.0.1\\res\\values-hy\\values.xml",
                    "from": {
                        "startLines": "4,5,6,7,8,9,10,11,12,13,14,15,16,17,18,19,20",
                        "startColumns": "0,0,0,0,0,0,0,0,0,0,0,0,0,0,0,0,0",
                        "startOffsets": "193,295,456,586,690,840,972,1095,1204,1367,1471,1635,1767,1925,2087,2148,2211",
                        "endColumns": "101,160,129,103,149,131,122,108,162,103,163,131,157,161,60,62,77",
                        "endOffsets": "294,455,585,689,839,971,1094,1203,1366,1470,1634,1766,1924,2086,2147,2210,2288"
                    },
                    "to": {
                        "startLines": "48,49,50,51,52,53,54,55,57,58,59,60,61,62,63,64,65",
                        "startColumns": "4,4,4,4,4,4,4,4,4,4,4,4,4,4,4,4,4",
                        "startOffsets": "4462,4568,4733,4867,4975,5129,5265,5392,5656,5823,5931,6099,6235,6397,6563,6628,6695",
                        "endColumns": "105,164,133,107,153,135,126,112,166,107,167,135,161,165,64,66,81",
                        "endOffsets": "4563,4728,4862,4970,5124,5260,5387,5500,5818,5926,6094,6230,6392,6558,6623,6690,6772"
                    }
                },
                {
                    "source": "C:\\Users\\Rossiny\\.gradle\\caches\\8.11.1\\transforms\\f8df79fe5a4781fd0bcc5bc761f7aa23\\transformed\\core-1.12.0\\res\\values-hy\\values-hy.xml",
                    "from": {
                        "startLines": "2,3,4,5,6,7,8,9",
                        "startColumns": "4,4,4,4,4,4,4,4",
                        "startOffsets": "55,155,260,358,457,562,664,775",
                        "endColumns": "99,104,97,98,104,101,110,100",
                        "endOffsets": "150,255,353,452,557,659,770,871"
                    },
                    "to": {
                        "startLines": "38,39,40,41,42,43,44,133",
                        "startColumns": "4,4,4,4,4,4,4,4",
                        "startOffsets": "3436,3536,3641,3739,3838,3943,4045,12323",
                        "endColumns": "99,104,97,98,104,101,110,100",
                        "endOffsets": "3531,3636,3734,3833,3938,4040,4151,12419"
                    }
                },
                {
                    "source": "C:\\Users\\Rossiny\\.gradle\\caches\\8.11.1\\transforms\\9bcede38129a084b13735da953ff89f0\\transformed\\browser-1.4.0\\res\\values-hy\\values-hy.xml",
                    "from": {
                        "startLines": "2,3,4,5",
                        "startColumns": "4,4,4,4",
                        "startOffsets": "55,159,262,373",
                        "endColumns": "103,102,110,102",
                        "endOffsets": "154,257,368,471"
                    },
                    "to": {
                        "startLines": "66,69,70,71",
                        "startColumns": "4,4,4,4",
                        "startOffsets": "6777,7042,7145,7256",
                        "endColumns": "103,102,110,102",
                        "endOffsets": "6876,7140,7251,7354"
                    }
                },
                {
                    "source": "C:\\Users\\Rossiny\\.gradle\\caches\\8.11.1\\transforms\\b1b8f4a1ab2a73d86dfa9e96bf6b879a\\transformed\\material-1.11.0\\res\\values-hy\\values-hy.xml",
                    "from": {
                        "startLines": "2,6,7,8,9,10,11,12,13,14,15,16,17,18,19,20,21,22,23,24,25,26,27,28,29,30,31,32,33,34,35,36,37,38,39,40,41,42,43,44,45,46,47,48,49,50,51,52,53,54,55,56,57,58,59,60,61,62,63,64,65,66,67,68,69,70,71,72,73",
                        "startColumns": "4,4,4,4,4,4,4,4,4,4,4,4,4,4,4,4,4,4,4,4,4,4,4,4,4,4,4,4,4,4,4,4,4,4,4,4,4,4,4,4,4,4,4,4,4,4,4,4,4,4,4,4,4,4,4,4,4,4,4,4,4,4,4,4,4,4,4,4,4",
                        "startOffsets": "100,265,341,417,497,589,677,772,902,983,1047,1144,1229,1291,1378,1440,1504,1565,1632,1693,1747,1869,1926,1986,2040,2121,2256,2340,2425,2561,2636,2711,2854,2949,3029,3085,3138,3204,3278,3357,3443,3526,3597,3673,3749,3826,3932,4020,4100,4196,4292,4366,4444,4544,4595,4679,4748,4835,4926,4988,5052,5115,5186,5291,5397,5497,5600,5660,5717",
                        "endLines": "5,6,7,8,9,10,11,12,13,14,15,16,17,18,19,20,21,22,23,24,25,26,27,28,29,30,31,32,33,34,35,36,37,38,39,40,41,42,43,44,45,46,47,48,49,50,51,52,53,54,55,56,57,58,59,60,61,62,63,64,65,66,67,68,69,70,71,72,73",
                        "endColumns": "12,75,75,79,91,87,94,129,80,63,96,84,61,86,61,63,60,66,60,53,121,56,59,53,80,134,83,84,135,74,74,142,94,79,55,52,65,73,78,85,82,70,75,75,76,105,87,79,95,95,73,77,99,50,83,68,86,90,61,63,62,70,104,105,99,102,59,56,84",
                        "endOffsets": "260,336,412,492,584,672,767,897,978,1042,1139,1224,1286,1373,1435,1499,1560,1627,1688,1742,1864,1921,1981,2035,2116,2251,2335,2420,2556,2631,2706,2849,2944,3024,3080,3133,3199,3273,3352,3438,3521,3592,3668,3744,3821,3927,4015,4095,4191,4287,4361,4439,4539,4590,4674,4743,4830,4921,4983,5047,5110,5181,5286,5392,5492,5595,5655,5712,5797"
                    },
                    "to": {
                        "startLines": "2,33,34,35,36,37,45,46,47,67,68,72,73,74,75,76,77,78,79,80,81,82,83,84,85,86,87,88,89,90,91,92,93,94,95,96,97,98,99,100,101,102,103,104,105,106,107,108,109,110,111,112,113,114,115,116,117,118,119,120,121,122,123,124,125,126,127,128,131",
                        "startColumns": "4,4,4,4,4,4,4,4,4,4,4,4,4,4,4,4,4,4,4,4,4,4,4,4,4,4,4,4,4,4,4,4,4,4,4,4,4,4,4,4,4,4,4,4,4,4,4,4,4,4,4,4,4,4,4,4,4,4,4,4,4,4,4,4,4,4,4,4,4",
                        "startOffsets": "150,3024,3100,3176,3256,3348,4156,4251,4381,6881,6945,7359,7444,7506,7593,7655,7719,7780,7847,7908,7962,8084,8141,8201,8255,8336,8471,8555,8640,8776,8851,8926,9069,9164,9244,9300,9353,9419,9493,9572,9658,9741,9812,9888,9964,10041,10147,10235,10315,10411,10507,10581,10659,10759,10810,10894,10963,11050,11141,11203,11267,11330,11401,11506,11612,11712,11815,11875,12155",
                        "endLines": "5,33,34,35,36,37,45,46,47,67,68,72,73,74,75,76,77,78,79,80,81,82,83,84,85,86,87,88,89,90,91,92,93,94,95,96,97,98,99,100,101,102,103,104,105,106,107,108,109,110,111,112,113,114,115,116,117,118,119,120,121,122,123,124,125,126,127,128,131",
                        "endColumns": "12,75,75,79,91,87,94,129,80,63,96,84,61,86,61,63,60,66,60,53,121,56,59,53,80,134,83,84,135,74,74,142,94,79,55,52,65,73,78,85,82,70,75,75,76,105,87,79,95,95,73,77,99,50,83,68,86,90,61,63,62,70,104,105,99,102,59,56,84",
                        "endOffsets": "310,3095,3171,3251,3343,3431,4246,4376,4457,6940,7037,7439,7501,7588,7650,7714,7775,7842,7903,7957,8079,8136,8196,8250,8331,8466,8550,8635,8771,8846,8921,9064,9159,9239,9295,9348,9414,9488,9567,9653,9736,9807,9883,9959,10036,10142,10230,10310,10406,10502,10576,10654,10754,10805,10889,10958,11045,11136,11198,11262,11325,11396,11501,11607,11707,11810,11870,11927,12235"
                    }
                },
                {
                    "source": "C:\\Users\\Rossiny\\.gradle\\caches\\8.11.1\\transforms\\98d997c6ad2b168db11d30212b38e419\\transformed\\navigation-ui-2.7.7\\res\\values-hy\\values-hy.xml",
                    "from": {
                        "startLines": "2,3",
                        "startColumns": "4,4",
                        "startOffsets": "55,161",
                        "endColumns": "105,116",
                        "endOffsets": "156,273"
                    },
                    "to": {
                        "startLines": "129,130",
                        "startColumns": "4,4",
                        "startOffsets": "11932,12038",
                        "endColumns": "105,116",
                        "endOffsets": "12033,12150"
                    }
                },
                {
                    "source": "C:\\Users\\Rossiny\\.gradle\\caches\\8.11.1\\transforms\\e4b927923af59ee9d2fa5c4898a419bd\\transformed\\appcompat-1.6.1\\res\\values-hy\\values-hy.xml",
                    "from": {
                        "startLines": "2,3,4,5,6,7,8,9,10,11,12,13,14,15,16,17,18,19,20,21,22,23,24,25,26,27,28,29",
                        "startColumns": "4,4,4,4,4,4,4,4,4,4,4,4,4,4,4,4,4,4,4,4,4,4,4,4,4,4,4,4",
                        "startOffsets": "105,213,313,423,512,618,735,817,897,988,1081,1176,1270,1370,1463,1558,1652,1743,1834,1917,2023,2129,2228,2338,2446,2547,2717,2814",
                        "endColumns": "107,99,109,88,105,116,81,79,90,92,94,93,99,92,94,93,90,90,82,105,105,98,109,107,100,169,96,82",
                        "endOffsets": "208,308,418,507,613,730,812,892,983,1076,1171,1265,1365,1458,1553,1647,1738,1829,1912,2018,2124,2223,2333,2441,2542,2712,2809,2892"
                    },
                    "to": {
                        "startLines": "6,7,8,9,10,11,12,13,14,15,16,17,18,19,20,21,22,23,24,25,26,27,28,29,30,31,32,132",
                        "startColumns": "4,4,4,4,4,4,4,4,4,4,4,4,4,4,4,4,4,4,4,4,4,4,4,4,4,4,4,4",
                        "startOffsets": "315,423,523,633,722,828,945,1027,1107,1198,1291,1386,1480,1580,1673,1768,1862,1953,2044,2127,2233,2339,2438,2548,2656,2757,2927,12240",
                        "endColumns": "107,99,109,88,105,116,81,79,90,92,94,93,99,92,94,93,90,90,82,105,105,98,109,107,100,169,96,82",
                        "endOffsets": "418,518,628,717,823,940,1022,1102,1193,1286,1381,1475,1575,1668,1763,1857,1948,2039,2122,2228,2334,2433,2543,2651,2752,2922,3019,12318"
                    }
                }
            ]
        }
    ]
}